-- MySQL dump 10.16  Distrib 10.3.7-MariaDB, for Win64 (AMD64)
--
-- Host: localhost    Database: ttth
-- ------------------------------------------------------
-- Server version	10.3.7-MariaDB

/*!40101 SET @OLD_CHARACTER_SET_CLIENT=@@CHARACTER_SET_CLIENT */;
/*!40101 SET @OLD_CHARACTER_SET_RESULTS=@@CHARACTER_SET_RESULTS */;
/*!40101 SET @OLD_COLLATION_CONNECTION=@@COLLATION_CONNECTION */;
/*!40101 SET NAMES utf8 */;
/*!40103 SET @OLD_TIME_ZONE=@@TIME_ZONE */;
/*!40103 SET TIME_ZONE='+00:00' */;
/*!40014 SET @OLD_UNIQUE_CHECKS=@@UNIQUE_CHECKS, UNIQUE_CHECKS=0 */;
/*!40014 SET @OLD_FOREIGN_KEY_CHECKS=@@FOREIGN_KEY_CHECKS, FOREIGN_KEY_CHECKS=0 */;
/*!40101 SET @OLD_SQL_MODE=@@SQL_MODE, SQL_MODE='NO_AUTO_VALUE_ON_ZERO' */;
/*!40111 SET @OLD_SQL_NOTES=@@SQL_NOTES, SQL_NOTES=0 */;

--
-- Table structure for table `canbo`
--

DROP TABLE IF EXISTS `canbo`;
/*!40101 SET @saved_cs_client     = @@character_set_client */;
/*!40101 SET character_set_client = utf8 */;
CREATE TABLE `canbo` (
  `IDCB` bigint(20) NOT NULL AUTO_INCREMENT,
  `TENCB` varchar(100) DEFAULT NULL,
  PRIMARY KEY (`IDCB`)
) ENGINE=InnoDB AUTO_INCREMENT=24 DEFAULT CHARSET=utf8;
/*!40101 SET character_set_client = @saved_cs_client */;

--
-- Dumping data for table `canbo`
--

LOCK TABLES `canbo` WRITE;
/*!40000 ALTER TABLE `canbo` DISABLE KEYS */;
INSERT INTO `canbo` VALUES (1,'Nguyễn Thị Hồng Yên'),(2,'Lê Thị Hoàng Yến'),(3,'Nguyễn Tấn Toàn'),(4,'Phan Anh Cang'),(5,'Phan Thị Xuân Trang'),(6,'Nguyễn Văn Hiếu'),(7,'Nguyễn Vạn Năng'),(8,'Nguyễn Ngọc Nga'),(9,'Lê Hoàng An'),(10,'Trần Thị Tố Loan'),(11,'Trần Thu Mai'),(12,'Trương Mỹ Thu Thảo'),(13,'Trần Thái Bảo'),(14,'Nguyễn Thị Mỹ Nga'),(15,'Trần Hoài Hạnh'),(16,'Lê Thị Thanh Hiền'),(17,'Nguyễn Thanh Hoàng'),(18,'Trần Hồ Đạt'),(19,'Trần Thị Cẩm Tú'),(20,'Nguyễn Duy Phúc'),(21,'Trần Thanh Hiếu'),(22,'Trần Thị Lê Thu'),(23,'Lê Quốc Lâm');
/*!40000 ALTER TABLE `canbo` ENABLE KEYS */;
UNLOCK TABLES;

--
-- Table structure for table `danhsachdangkyduthi`
--

DROP TABLE IF EXISTS `danhsachdangkyduthi`;
/*!40101 SET @saved_cs_client     = @@character_set_client */;
/*!40101 SET character_set_client = utf8 */;
CREATE TABLE `danhsachdangkyduthi` (
  `IDDS` bigint(20) NOT NULL AUTO_INCREMENT,
  `TENDS` varchar(200) DEFAULT NULL,
  `TUNGAY` varchar(20) DEFAULT NULL,
  `DENNGAY` varchar(20) DEFAULT NULL,
  `IDKH` bigint(20) DEFAULT NULL,
  `LOAITHI` varchar(20) NOT NULL DEFAULT 'cơ bản',
  `HOANTHANH` bit(1) DEFAULT b'0',
  PRIMARY KEY (`IDDS`),
  UNIQUE KEY `TENDS` (`TENDS`)
) ENGINE=InnoDB AUTO_INCREMENT=15 DEFAULT CHARSET=utf8;
/*!40101 SET character_set_client = @saved_cs_client */;

--
-- Dumping data for table `danhsachdangkyduthi`
--

LOCK TABLES `danhsachdangkyduthi` WRITE;
/*!40000 ALTER TABLE `danhsachdangkyduthi` DISABLE KEYS */;
INSERT INTO `danhsachdangkyduthi` VALUES (1,'Đợt thi khóa 6','2018-05-05','2018-05-05',1,'cơ bản',''),(2,'Đợt thi khóa 7','2018-06-04','2018-06-07',2,'cơ bản',''),(3,'Đợt thi khóa 8','2018-08-05','2018-08-05',3,'cơ bản',''),(4,'Đợt thi khóa 9','2018-09-24','2018-09-26',4,'cơ bản',''),(5,'Đợt thi khóa 1','2017-03-12','2017-03-12',5,'cơ bản',''),(6,'Đợt thi khóa 2','2017-03-19','2017-03-19',6,'cơ bản',''),(7,'Đợt thi khóa 3','2017-06-08','2017-06-09',7,'cơ bản',''),(9,'Đợt thi khóa 4','2017-07-25','2017-07-27',8,'cơ bản',''),(10,'Đợt thi khóa 5','2018-01-03','2018-01-05',9,'cơ bản',''),(11,'Đợt chuyển điểm','2018-08-16','2018-08-16',10,'cơ bản',''),(12,'Đợt thi khóa 10','2018-12-17','2018-12-19',11,'cơ bản','\0');
/*!40000 ALTER TABLE `danhsachdangkyduthi` ENABLE KEYS */;
UNLOCK TABLES;

--
-- Table structure for table `danhsachdangkyduthi_hocvien`
--

DROP TABLE IF EXISTS `danhsachdangkyduthi_hocvien`;
/*!40101 SET @saved_cs_client     = @@character_set_client */;
/*!40101 SET character_set_client = utf8 */;
CREATE TABLE `danhsachdangkyduthi_hocvien` (
  `IDDKTHV` bigint(20) NOT NULL AUTO_INCREMENT,
  `IDDS` bigint(20) DEFAULT NULL,
  `IDHV` bigint(20) DEFAULT NULL,
  `SBD` varchar(20) DEFAULT NULL,
  `IDPT` bigint(20) DEFAULT NULL,
  `SOBIENLAITHI` varchar(20) DEFAULT NULL,
  `NGAYBIENLAITHI` varchar(20) DEFAULT NULL,
  `PHITHI` decimal(10,0) DEFAULT NULL,
  `DIEMLT` float DEFAULT NULL,
  `DIEMTH` float DEFAULT NULL,
  `TONGDIEM` float DEFAULT NULL,
  `SOHIEU` varchar(20) DEFAULT NULL,
  `SOGHISO` varchar(100) DEFAULT NULL,
  `NGAYVAOSO` varchar(15) DEFAULT NULL,
  `GHICHU` varchar(100) DEFAULT NULL,
  `GHICHUD` varchar(100) DEFAULT NULL COMMENT 'Không thi, vắng thi',
  `GHICHUCC` varchar(100) DEFAULT NULL COMMENT 'Ghi chú chứng chỉ',
  `GHICHUDIEUCHINH` varchar(100) DEFAULT NULL COMMENT 'Ghi chú điều chỉnh',
  PRIMARY KEY (`IDDKTHV`),
  UNIQUE KEY `SBD` (`SBD`)
) ENGINE=InnoDB AUTO_INCREMENT=6222 DEFAULT CHARSET=utf8;
/*!40101 SET character_set_client = @saved_cs_client */;

--
-- Dumping data for table `danhsachdangkyduthi_hocvien`
--

LOCK TABLES `danhsachdangkyduthi_hocvien` WRITE;
/*!40000 ALTER TABLE `danhsachdangkyduthi_hocvien` DISABLE KEYS */;
INSERT INTO `danhsachdangkyduthi_hocvien` VALUES (1,1,1,'K006CB001',NULL,'23159','19/4/2018',250000,8.5,6.5,15,'CB00754','269/18-UDCNTTCB-SPKTVL','16/07/2018','HVTT-K6','','',''),(2,1,2,'K006CB002',NULL,'23176','24/4/2018',500000,6,3,9,NULL,NULL,NULL,'Tự do','',NULL,''),(3,1,3,'K006CB003',NULL,'23152','19/4/2018',250000,6.5,5,11.5,'CB00755','270/18-UDCNTTCB-SPKTVL','16/07/2018','HVTT-K6','','',''),(4,1,4,'K006CB004',NULL,'23162','19/4/2018',250000,8.5,4,12.5,NULL,NULL,NULL,'HVTT-K6','',NULL,''),(5,1,5,'K006CB005',NULL,'23101','10/4/2018',500000,8.5,5.5,14,'CB00756','271/18-UDCNTTCB-SPKTVL','16/07/2018','Tự do','','',''),(6,1,6,'K006CB006',NULL,'23164','19/4/2018',250000,7,5,12,'CB00757','272/18-UDCNTTCB-SPKTVL','16/07/2018','HVTT-K6','','',''),(7,1,7,'K006CB007',NULL,'23160','19/4/2018',250000,8.5,7,15.5,'CB00758','273/18-UDCNTTCB-SPKTVL','16/07/2018','HVTT-K6','','',''),(8,1,8,'K006CB008',NULL,'23178','24/4/2018',250000,8,5,13,'CB00759','274/18-UDCNTTCB-SPKTVL','16/07/2018','HVTT-K6','','',''),(9,1,9,'K006CB009',NULL,'23102','10/4/2018',500000,5.5,6.5,12,'CB00760','275/18-UDCNTTCB-SPKTVL','16/07/2018','Tự do','','',''),(10,1,10,'K006CB010',NULL,'23104','13/4/2018',500000,5.5,6.5,12,'CB00761','276/18-UDCNTTCB-SPKTVL','16/07/2018','Tự do','','',''),(11,1,11,'K006CB011',NULL,'23103','10/4/2018',500000,0,0,0,NULL,NULL,NULL,'Tự do','Vắng',NULL,''),(12,1,12,'K006CB012',NULL,'23168','23/4/2018',500000,8.5,5.5,14,'CB00762','277/18-UDCNTTCB-SPKTVL','16/07/2018','Tự do','','',''),(13,1,13,'K006CB013',NULL,'23184','24/4/2018',500000,9,9.5,18.5,'CB00763','278/18-UDCNTTCB-SPKTVL','16/07/2018','Tự do','','',''),(14,1,14,'K006CB014',NULL,'23151','27/4/2018',250000,8.5,9,17.5,'CB00764','279/18-UDCNTTCB-SPKTVL','16/07/2018','HVTT-K6','','',''),(15,1,15,'K006CB015',NULL,'23171','23/4/2018',250000,6.5,8,14.5,'CB00765','280/18-UDCNTTCB-SPKTVL','16/07/2018','HVTT-K6','','',''),(16,1,16,'K006CB016',NULL,'23172','23/4/2018',500000,6.5,5,11.5,'CB00766','281/18-UDCNTTCB-SPKTVL','16/07/2018','Tự do','','',''),(17,1,17,'K006CB017',NULL,'23165','19/4/2018',500000,5.5,5,10.5,'CB00767','282/18-UDCNTTCB-SPKTVL','16/07/2018','Tự do','','',''),(18,1,18,'K006CB018',NULL,'23169','23/4/2018',500000,7.5,6.5,14,'CB00768','283/18-UDCNTTCB-SPKTVL','16/07/2018','Tự do','','',''),(19,1,19,'K006CB019',NULL,'23179','24/4/2018',500000,6.5,5,11.5,'CB00769','284/18-UDCNTTCB-SPKTVL','16/07/2018','Tự do','','',''),(20,1,20,'K006CB020',NULL,'23112','20/4/2018',500000,7.5,9,16.5,'CB00770','285/18-UDCNTTCB-SPKTVL','16/07/2018','Tự do','','',''),(21,1,21,'K006CB021',NULL,'23113','24/4/2018',500000,6,5,11,'CB00771','286/18-UDCNTTCB-SPKTVL','16/07/2018','Tự do','','',''),(22,1,22,'K006CB022',NULL,'23155','19/4/2018',250000,7,6,13,'CB00772','287/18-UDCNTTCB-SPKTVL','16/07/2018','HVTT-K6','','',''),(23,1,23,'K006CB023',NULL,'23177','24/4/2018',500000,6.5,8,14.5,'CB00773','288/18-UDCNTTCB-SPKTVL','16/07/2018','Tự do','','',''),(24,1,24,'K006CB024',NULL,'23158','19/4/2018',250000,7.5,7,14.5,'CB00774','289/18-UDCNTTCB-SPKTVL','16/07/2018','HVTT-K6','','',''),(25,1,25,'K006CB025',NULL,'23182','24/4/2018',500000,7.5,7,14.5,'CB00775','290/18-UDCNTTCB-SPKTVL','16/07/2018','Tự do','Sửa Giới tính','',''),(26,1,26,'K006CB026',NULL,'23166','20/4/2018',500000,5,4,9,NULL,NULL,NULL,'Tự do','',NULL,''),(27,1,27,'K006CB027',NULL,'23157','19/4/2018',250000,7,6.5,13.5,'CB00776','291/18-UDCNTTCB-SPKTVL','16/07/2018','HVTT-K6','','',''),(28,1,28,'K006CB028',NULL,'23175','24/4/2018',500000,9,7,16,'CB00777','292/18-UDCNTTCB-SPKTVL','16/07/2018','Tự do','','',''),(29,1,29,'K006CB029',NULL,'23161','19/4/2018',250000,7,6.5,13.5,'CB00778','293/18-UDCNTTCB-SPKTVL','16/07/2018','HVTT-K6','','',''),(30,1,30,'K006CB030',NULL,'23173','23/4/2018',500000,8.5,9.5,18,'CB00779','294/18-UDCNTTCB-SPKTVL','16/07/2018','Tự do','','',''),(31,1,31,'K006CB031',NULL,'23183','24/4/2018',250000,7,7.5,14.5,'CB00780','295/18-UDCNTTCB-SPKTVL','16/07/2018','HVTT-K6','','',''),(32,1,32,'K006CB032',NULL,'23154','19/4/2018',250000,9.5,7,16.5,'CB00781','296/18-UDCNTTCB-SPKTVL','16/07/2018','HVTT-K6','','',''),(33,1,33,'K006CB033',NULL,'23181','24/4/2018',500000,9.5,9.5,19,'CB00782','297/18-UDCNTTCB-SPKTVL','16/07/2018','Tự do','','',''),(34,1,34,'K006CB034',NULL,'23174','24/4/2018',500000,8,9.5,17.5,'CB00783','298/18-UDCNTTCB-SPKTVL','16/07/2018','Tự do','','',''),(35,1,35,'K006CB035',NULL,'23111','18/4/2018',250000,5.5,6.5,12,'CB00784','299/18-UDCNTTCB-SPKTVL','16/07/2018','HVTT-K6','','',''),(36,1,36,'K006CB036',NULL,'23156','19/4/2018',250000,8,6.5,14.5,'CB00785','300/18-UDCNTTCB-SPKTVL','16/07/2018','HVTT-K6','','',''),(37,1,37,'K006CB037',NULL,'23153','19/4/2018',250000,7,7,14,'CB00786','301/18-UDCNTTCB-SPKTVL','16/07/2018','HVTT-K6','','',''),(38,1,38,'K006CB038',NULL,'23180','24/4/2018',500000,7.5,8.5,16,'CB00787','302/18-UDCNTTCB-SPKTVL','16/07/2018','Tự do','','',''),(39,1,39,'K006CB039',NULL,'23167','23/4/2018',500000,7.5,6.5,14,'CB00788','303/18-UDCNTTCB-SPKTVL','16/07/2018','Tự do','','',''),(40,1,40,'K006CB040',NULL,'23163','19/4/2018',250000,7.5,6,13.5,'CB00789','304/18-UDCNTTCB-SPKTVL','16/07/2018','HVTT-K6','','',''),(41,1,41,'K006CB041',NULL,'23120','27/4/2018',250000,8.5,9,17.5,'CB00790','305/18-UDCNTTCB-SPKTVL','16/07/2018','CB-GV','','',''),(42,1,42,'K006CB042',NULL,'23109','18/4/2018',250000,8.5,6,14.5,'CB00791','306/18-UDCNTTCB-SPKTVL','16/07/2018','CB-GV','','',''),(43,1,43,'K006CB043',NULL,'23108','18/4/2018',250000,10,9,19,'CB00792','307/18-UDCNTTCB-SPKTVL','16/07/2018','CB-GV','','',''),(44,1,44,'K006CB044',NULL,'23117','27/4/2018',500000,8.5,5.5,14,'CB00793','308/18-UDCNTTCB-SPKTVL','16/07/2018','Tự do','','',''),(45,1,45,'K006CB045',NULL,'23106','18/4/2018',250000,9.5,5.5,15,'CB00794','309/18-UDCNTTCB-SPKTVL','16/07/2018','CB-GV','','',''),(46,1,46,'K006CB046',NULL,'23118','27/4/2018',250000,9,10,19,'CB00795','310/18-UDCNTTCB-SPKTVL','16/07/2018','CB-GV','','',''),(47,1,47,'K006CB047',NULL,'23110','18/4/2018',250000,10,10,20,'CB00796','311/18-UDCNTTCB-SPKTVL','16/07/2018','CB-GV','','',''),(48,1,48,'K006CB048',NULL,'23119','27/4/2018',250000,9.5,10,19.5,'CB00797','312/18-UDCNTTCB-SPKTVL','16/07/2018','CB-GV','','',''),(49,1,49,'K006CB049',NULL,'23115','24/4/2018',250000,9,7.5,16.5,'CB00798','313/18-UDCNTTCB-SPKTVL','16/07/2018','CB-GV','','',''),(50,1,50,'K006CB050',NULL,'23123','27/4/2018',250000,9.5,10,19.5,'CB00799','314/18-UDCNTTCB-SPKTVL','16/07/2018','CB-GV','Sửa Họ tên','',''),(51,1,51,'K006CB051',NULL,'23105','18/4/2018',250000,9.5,10,19.5,'CB00800','315/18-UDCNTTCB-SPKTVL','16/07/2018','CB-GV','','',''),(52,1,52,'K006CB052',NULL,'23116','27/4/2018',500000,7.5,6.5,14,'CB00801','316/18-UDCNTTCB-SPKTVL','16/07/2018','Tự do','Sửa Ngày sinh','',''),(53,1,53,'K006CB053',NULL,'23121','27/4/2018',250000,8.5,8.5,17,'CB00802','317/18-UDCNTTCB-SPKTVL','16/07/2018','CB-GV','','',''),(54,1,54,'K006CB054',NULL,'23122','27/4/2018',250000,9.5,9.5,19,'CB00803','318/18-UDCNTTCB-SPKTVL','16/07/2018','CB-GV','','',''),(55,1,55,'K006CB055',NULL,'23170','23/4/2018',250000,9.5,8,17.5,'CB00804','319/18-UDCNTTCB-SPKTVL','16/07/2018','CB-GV','','',''),(56,1,56,'K006CB056',NULL,'23124','27/4/2018',250000,8,9,17,'CB00805','320/18-UDCNTTCB-SPKTVL','16/07/2018','CB-GV','','',''),(57,1,57,'K006CB057',NULL,'23125','27/4/2018',250000,8.5,8,16.5,'CB00806','321/18-UDCNTTCB-SPKTVL','16/07/2018','CB-GV','','',''),(115,2,172,'K007CB001',1,'26266','25/5/2018',500000,9.5,5,14.5,'CB00807','322/18-UDCNTTCB-SPKTVL','20/07/2018','Tự do','','',NULL),(116,2,173,'K007CB002',1,'26173','25/5/2018',500000,8.5,4,12.5,NULL,NULL,NULL,'Tự do','',NULL,NULL),(117,2,174,'K007CB003',1,'26170','25/5/2018',250000,6.5,6,12.5,'CB00808','323/18-UDCNTTCB-SPKTVL','20/07/2018','HVTTK7','','',NULL),(118,2,175,'K007CB004',1,'26216','24/5/2018',250000,7.5,2,9.5,NULL,NULL,NULL,'HVTTK7','',NULL,NULL),(119,2,176,'K007CB005',1,'26272','25/5/2018',500000,8,5,13,'CB00809','324/18-UDCNTTCB-SPKTVL','20/07/2018','Tự do','','',NULL),(120,2,177,'K007CB006',1,'26281','25/5/2018',250000,7.5,5,12.5,'CB00810','325/18-UDCNTTCB-SPKTVL','20/07/2018','HVTTK2','','',NULL),(121,2,178,'K007CB007',1,'26041','24/5/2018',250000,5.5,5.5,11,'CB00811','326/18-UDCNTTCB-SPKTVL','20/07/2018','HVTTK7','','',NULL),(122,2,179,'K007CB008',1,'26003','23/5/2018',250000,6,7.5,13.5,'CB00812','327/18-UDCNTTCB-SPKTVL','20/07/2018','HVTTK7','','',NULL),(123,2,180,'K007CB009',1,'23210','17/5/2018',250000,8.5,8.5,17,'CB00813','328/18-UDCNTTCB-SPKTVL','20/07/2018','HVTTK7','','',NULL),(124,2,181,'K007CB010',1,'26042','24/5/2018',250000,7.5,8,15.5,'CB00814','329/18-UDCNTTCB-SPKTVL','20/07/2018','HVTTK7','','',NULL),(125,2,182,'K007CB011',1,'26032','24/5/2018',250000,8,6.5,14.5,'CB00815','330/18-UDCNTTCB-SPKTVL','20/07/2018','HVTTK7','','',NULL),(126,2,183,'K007CB012',1,'26031','24/5/2018',250000,7.5,7.5,15,'CB00816','331/18-UDCNTTCB-SPKTVL','20/07/2018','HVTTK7','','',NULL),(127,2,184,'K007CB013',1,'26221','24/5/2018',250000,9,6.5,15.5,'CB00817','332/18-UDCNTTCB-SPKTVL','20/07/2018','HVTTK7','','',NULL),(128,2,185,'K007CB014',1,'26302','25/5/2018',250000,6.5,7,13.5,'CB00818','333/18-UDCNTTCB-SPKTVL','20/07/2018','HVTTK7','','',NULL),(129,2,186,'K007CB015',1,'26204','24/5/2018',250000,8.5,8,16.5,'CB00819','334/18-UDCNTTCB-SPKTVL','20/07/2018','HVTTK7','','',NULL),(130,2,187,'K007CB016',1,'23201','14/5/2018',500000,7.5,5,12.5,'CB00820','335/18-UDCNTTCB-SPKTVL','20/07/2018','Tự do','','',NULL),(131,2,188,'K007CB017',1,'26280','25/5/2018',250000,5.5,0,5.5,NULL,NULL,NULL,'HVTTK2','',NULL,NULL),(132,2,189,'K007CB018',1,'26046','24/5/2018',250000,5.5,4,9.5,NULL,NULL,NULL,'HVTTK5','',NULL,NULL),(133,2,190,'K007CB019',1,'26017','24/5/2018',250000,5.5,5.5,11,'CB00821','336/18-UDCNTTCB-SPKTVL','20/07/2018','HVTTK4','','',NULL),(134,2,191,'K007CB020',1,'26297','25/5/2018',250000,9,4,13,NULL,NULL,NULL,'HVTTK7','',NULL,NULL),(135,2,192,'K007CB021',2,'26030','24/5/2018',250000,8.5,8,16.5,'CB00822','337/18-UDCNTTCB-SPKTVL','20/07/2018','HVTTK7','','',NULL),(136,2,193,'K007CB022',2,'26255','25/5/2018',250000,8.5,8.5,17,'CB00823','338/18-UDCNTTCB-SPKTVL','20/07/2018','HVTTK7','','',NULL),(137,2,194,'K007CB023',2,'26021','24/5/2018',250000,8,7,15,'CB00824','339/18-UDCNTTCB-SPKTVL','20/07/2018','HVTTK7','','',NULL),(138,2,195,'K007CB024',2,'26130','23/5/2018',250000,7.5,6.5,14,'CB00825','340/18-UDCNTTCB-SPKTVL','20/07/2018','HVTTK7','','',NULL),(139,2,196,'K007CB025',2,'26265','25/5/2018',250000,7.5,6,13.5,'CB00826','341/18-UDCNTTCB-SPKTVL','20/07/2018','HVTTK7','','',NULL),(140,2,197,'K007CB026',2,'23221','21/5/2018',500000,8,6,14,'CB00827','342/18-UDCNTTCB-SPKTVL','20/07/2018','Tự do','','',NULL),(141,2,198,'K007CB027',2,'26306','25/5/2018',250000,6,6,12,'CB00828','343/18-UDCNTTCB-SPKTVL','20/07/2018','HVTTK7','','',NULL),(142,2,199,'K007CB028',2,'26243','25/5/2018',250000,5.5,6.5,12,'CB00829','344/18-UDCNTTCB-SPKTVL','20/07/2018','HVTTK7','','',NULL),(143,2,200,'K007CB029',2,'26337','25/5/2018',250000,5,7,12,'CB00830','345/18-UDCNTTCB-SPKTVL','20/07/2018','HVTTK4','','',NULL),(144,2,201,'K007CB030',2,'26258','25/5/2018',250000,5,5,10,'CB00831','346/18-UDCNTTCB-SPKTVL','20/07/2018','HVTTK7','','',NULL),(145,2,202,'K007CB031',2,'26002','23/5/2018',250000,7,8,15,'CB00832','347/18-UDCNTTCB-SPKTVL','20/07/2018','HVTTK7','','',NULL),(146,2,4,'K007CB032',2,'26009','24/5/2018',250000,8,8,16,'CB00833','348/18-UDCNTTCB-SPKTVL','20/07/2018','HVTTK6','','',NULL),(147,2,204,'K007CB033',2,'26203','24/5/2018',250000,9.5,9,18.5,'CB00834','349/18-UDCNTTCB-SPKTVL','20/07/2018','HVTTK7','','',NULL),(148,2,205,'K007CB034',2,'26330','25/5/2018',500000,0,0,0,NULL,NULL,NULL,'Tự do','Vắng',NULL,NULL),(149,2,206,'K007CB035',2,'26350','25/5/2018',250000,7.5,5.5,13,'CB00835','350/18-UDCNTTCB-SPKTVL','20/07/2018','HVTTK7','','',NULL),(150,2,207,'K007CB036',2,'26214','24/5/2018',250000,4.5,0,4.5,NULL,NULL,NULL,'HVTTK7','Vắng thi TH',NULL,NULL),(151,2,208,'K007CB037',2,'26043','24/5/2018',250000,8,8,16,'CB00836','351/18-UDCNTTCB-SPKTVL','20/07/2018','HVTTK7','','',NULL),(152,2,209,'K007CB038',2,'26241','25/5/2018',250000,9,5.5,14.5,'CB00837','352/18-UDCNTTCB-SPKTVL','20/07/2018','HVTTK7','','',NULL),(153,2,210,'K007CB039',2,'23220','21/5/2018',250000,9,5.5,14.5,'CB00838','353/18-UDCNTTCB-SPKTVL','20/07/2018','HVTTK7','','',NULL),(154,2,211,'K007CB040',2,'26117','23/5/2018',250000,7.5,8,15.5,'CB00839','354/18-UDCNTTCB-SPKTVL','20/07/2018','HVTTK7','','',NULL),(155,2,212,'K007CB041',3,'26145','23/5/2018',500000,7.5,6.5,14,'CB00840','355/18-UDCNTTCB-SPKTVL','20/07/2018','Tự do','','',NULL),(156,2,213,'K007CB042',3,'23217','18/5/2018',250000,7.5,6,13.5,'CB00841','356/18-UDCNTTCB-SPKTVL','20/07/2018','HVTTK7','','',NULL),(157,2,214,'K007CB043',3,'26261','25/5/2018',500000,8,6.5,14.5,'CB00842','357/18-UDCNTTCB-SPKTVL','20/07/2018','Tự do','','',NULL),(158,2,215,'K007CB044',3,'26251','25/5/2018',250000,5,6.5,11.5,'CB00843','358/18-UDCNTTCB-SPKTVL','20/07/2018','HVTTK7','','',NULL),(159,2,216,'K007CB045',3,'23246','22/5/2018',250000,8.5,8.5,17,'CB00844','359/18-UDCNTTCB-SPKTVL','20/07/2018','HVTTK7','','',NULL),(160,2,217,'K007CB046',3,'23240','22/5/2018',250000,9.5,7,16.5,'CB00845','360/18-UDCNTTCB-SPKTVL','20/07/2018','HVTTK7','','',NULL),(161,2,218,'K007CB047',3,'26335','25/5/2018',250000,5.5,6.5,12,'CB00846','361/18-UDCNTTCB-SPKTVL','20/07/2018','HVTTK4','','',NULL),(162,2,219,'K007CB048',3,'26238','25/5/2018',250000,5,6.5,11.5,'CB00847','362/18-UDCNTTCB-SPKTVL','20/07/2018','HVTTK7','','',NULL),(163,2,220,'K007CB049',3,'26049','24/5/2018',250000,7,7.5,14.5,'CB00848','363/18-UDCNTTCB-SPKTVL','20/07/2018','HVTTK7','','',NULL),(164,2,221,'K007CB050',3,'26343','25/5/2018',250000,7,3.5,10.5,NULL,NULL,NULL,'HVTTK7','',NULL,NULL),(165,2,222,'K007CB051',3,'26305','25/5/2018',250000,8.5,7.5,16,'CB00849','364/18-UDCNTTCB-SPKTVL','20/07/2018','HVTTK7','','',NULL),(166,2,223,'K007CB052',3,'26122','23/5/2018',250000,9,6.5,15.5,'CB00850','365/18-UDCNTTCB-SPKTVL','20/07/2018','HVTTK7','','',NULL),(167,2,224,'K007CB053',3,'26285','25/5/2018',250000,8.5,4,12.5,NULL,NULL,NULL,'HVTTK7','',NULL,NULL),(168,2,225,'K007CB054',3,'26013','24/5/2018',250000,5.5,5,10.5,'CB00851','366/18-UDCNTTCB-SPKTVL','20/07/2018','HVTTK7','','',NULL),(169,2,226,'K007CB055',3,'23244','22/5/2018',250000,8.5,5,13.5,'CB00852','367/18-UDCNTTCB-SPKTVL','20/07/2018','HVTTK7','','',NULL),(170,2,227,'K007CB056',3,'26026','24/5/2018',250000,7.5,5,12.5,'CB00853','368/18-UDCNTTCB-SPKTVL','20/07/2018','HVTTK7','','',NULL),(171,2,228,'K007CB057',3,'26104','22/5/2018',250000,7.5,6.5,14,'CB00854','369/18-UDCNTTCB-SPKTVL','20/07/2018','HVTTK7','','',NULL),(172,2,229,'K007CB058',3,'26044','24/5/2018',250000,5.5,5,10.5,'CB00856','371/18-UDCNTTCB-SPKTVL','20/07/2018','HVTTK7','','',NULL),(173,2,230,'K007CB059',3,'26294','25/5/2018',250000,6,7,13,NULL,NULL,NULL,'HVTTK7','',NULL,NULL),(174,2,231,'K007CB060',3,'26040','24/5/2018',250000,7,5.5,12.5,'CB00857','372/18-UDCNTTCB-SPKTVL','20/07/2018','HVTTK7','','',NULL),(175,2,232,'K007CB061',4,'26109','22/5/2018',250000,5.5,7,12.5,'CB00858','373/18-UDCNTTCB-SPKTVL','20/07/2018','HVTTK7','','',NULL),(176,2,233,'K007CB062',4,'26150','23/5/2018',250000,5.5,7.5,13,'CB00859','374/18-UDCNTTCB-SPKTVL','20/07/2018','HVTTK7','','',NULL),(177,2,234,'K007CB063',4,'26264','25/5/2018',500000,5,6.5,11.5,'CB00860','375/18-UDCNTTCB-SPKTVL','20/07/2018','Tự do','','',NULL),(178,2,235,'K007CB064',4,'26148','23/5/2018',500000,3.5,7,10.5,NULL,NULL,NULL,'Tự do','',NULL,NULL),(179,2,236,'K007CB065',4,'26107','22/5/2018',250000,5.5,6,11.5,'CB00861','376/18-UDCNTTCB-SPKTVL','20/07/2018','HVTTK7','','',NULL),(180,2,237,'K007CB066',4,'26206','24/5/2018',250000,6,10,16,'CB00862','377/18-UDCNTTCB-SPKTVL','20/07/2018','HVTTK4','','',NULL),(181,2,238,'K007CB067',4,'26205','24/5/2018',500000,5.5,5,10.5,'CB00863','378/18-UDCNTTCB-SPKTVL','20/07/2018','Tự do','','',NULL),(182,2,239,'K007CB068',4,'26250','25/5/2018',250000,5,5,10,'CB00864','379/18-UDCNTTCB-SPKTVL','20/07/2018','HVTTK7','','',NULL),(183,2,240,'K007CB069',4,'26298','25/5/2018',250000,5.5,6,11.5,'CB00865','380/18-UDCNTTCB-SPKTVL','20/07/2018','HVTTK4','','',NULL),(184,2,241,'K007CB070',4,'26277','23/5/2018',250000,5.5,6,11.5,'CB00866','381/18-UDCNTTCB-SPKTVL','20/07/2018','HVTTK5','','',NULL),(185,2,242,'K007CB071',4,'26332','25/5/2018',250000,6.5,5.5,12,'CB00867','382/18-UDCNTTCB-SPKTVL','20/07/2018','HVTTK7','','',NULL),(186,2,243,'K007CB072',4,'26227','25/5/2018',250000,6.5,8,14.5,'CB00868','383/18-UDCNTTCB-SPKTVL','20/07/2018','HVTTK7','','',NULL),(187,2,244,'K007CB073',4,'26127','23/5/2018',250000,5.5,2,7.5,NULL,NULL,NULL,'HVTTK7','',NULL,NULL),(188,2,245,'K007CB074',4,'26008','24/5/2018',250000,6.5,9,15.5,'CB00869','384/18-UDCNTTCB-SPKTVL','20/07/2018','HVTTK7','','',NULL),(189,2,246,'K007CB075',4,'26163','25/5/2018',250000,6.5,9.5,16,'CB00870','385/18-UDCNTTCB-SPKTVL','20/07/2018','HVTTK6','','',NULL),(190,2,247,'K007CB076',4,'23239','22/5/2018',250000,7,9,16,'CB00872','387/18-UDCNTTCB-SPKTVL','20/07/2018','HVTTK7','','',NULL),(191,2,248,'K007CB077',4,'26246','25/5/2018',250000,5.5,6,11.5,NULL,NULL,NULL,'HVTTK7','',NULL,NULL),(192,2,249,'K007CB078',4,'26344','25/5/2018',250000,7,8.5,15.5,'CB00873','388/18-UDCNTTCB-SPKTVL','20/07/2018','HVTTK7','','',NULL),(193,2,250,'K007CB079',4,'26270','25/5/2018',250000,6,9,15,'CB00874','389/18-UDCNTTCB-SPKTVL','20/07/2018','HVTTK7','','',NULL),(194,2,251,'K007CB080',4,'26263','25/5/2018',500000,5.5,7,12.5,'CB00875','390/18-UDCNTTCB-SPKTVL','20/07/2018','Tự do','','',NULL),(195,2,252,'K007CB081',5,'26284','25/5/2018',250000,6,7,13,'CB00876','391/18-UDCNTTCB-SPKTVL','20/07/2018','HVTTK7','','',NULL),(196,2,253,'K007CB082',5,'23202','15/5/2018',500000,5.5,1.5,7,NULL,NULL,NULL,'Tự do','',NULL,NULL),(197,2,254,'K007CB083',5,'26260','25/5/2018',250000,6.5,6.5,13,'CB00877','392/18-UDCNTTCB-SPKTVL','20/07/2018','HVTTK7','','',NULL),(198,2,255,'K007CB084',5,'26309','25/5/2018',250000,5,5,10,'CB00878','393/18-UDCNTTCB-SPKTVL','20/07/2018','HVTTK7','','',NULL),(199,2,256,'K007CB085',5,'23213','18/5/2018',250000,6,8.5,14.5,'CB00879','394/18-UDCNTTCB-SPKTVL','20/07/2018','HVTTK7','','',NULL),(200,2,257,'K007CB086',5,'23218','21/5/2018',250000,7.5,8.5,16,'CB00880','395/18-UDCNTTCB-SPKTVL','20/07/2018','HVTTK7','','',NULL),(201,2,258,'K007CB087',5,'23222','21/5/2018',250000,7.5,7,14.5,'CB00881','396/18-UDCNTTCB-SPKTVL','20/07/2018','HVTTK7','','',NULL),(202,2,259,'K007CB088',5,'26295','25/5/2018',250000,5,5,10,'CB00882','397/18-UDCNTTCB-SPKTVL','20/07/2018','HVTTK7','','',NULL),(203,2,260,'K007CB089',5,'26154','25/5/2018',250000,5.5,6,11.5,'CB00883','398/18-UDCNTTCB-SPKTVL','20/07/2018','HVTTK7','','',NULL),(204,2,261,'K007CB090',5,'26300','25/5/2018',250000,6.5,7.5,14,'CB00884','399/18-UDCNTTCB-SPKTVL','20/07/2018','HVTTK7','','',NULL),(205,2,262,'K007CB091',5,'26259','25/5/2018',250000,6.5,8,14.5,'CB00885','400/18-UDCNTTCB-SPKTVL','20/07/2018','HVTTK7','','',NULL),(206,2,263,'K007CB092',5,'26340','25/5/2018',250000,6.5,8,14.5,'CB00886','401/18-UDCNTTCB-SPKTVL','20/07/2018','HVTTK5','','',NULL),(207,2,264,'K007CB093',5,'26001','23/5/2018',250000,6.5,8.5,15,'CB00887','402/18-UDCNTTCB-SPKTVL','20/07/2018','HVTTK7','','',NULL),(208,2,265,'K007CB094',5,'26129','23/5/2018',250000,6,5,11,'CB00888','403/18-UDCNTTCB-SPKTVL','20/07/2018','HVTTK7','','',NULL),(209,2,266,'K007CB095',5,'23209','17/5/2018',250000,5,5.5,10.5,'CB00889','404/18-UDCNTTCB-SPKTVL','20/07/2018','HVTTK7','','',NULL),(210,2,267,'K007CB096',5,'23203','15/5/2018',500000,5.5,1.5,7,NULL,NULL,NULL,'Tự do','',NULL,NULL),(211,2,268,'K007CB097',5,'26004','23/5/2018',250000,7,9,16,'CB00890','405/18-UDCNTTCB-SPKTVL','20/07/2018','HVTTK7','','',NULL),(212,2,269,'K007CB098',5,'26217','24/5/2018',250000,6.5,5,11.5,'CB00891','406/18-UDCNTTCB-SPKTVL','20/07/2018','HVTTK7','','',NULL),(213,2,270,'K007CB099',5,'23241','22/5/2018',250000,6.5,8.5,15,'CB00892','407/18-UDCNTTCB-SPKTVL','20/07/2018','HVTTK7','','',NULL),(214,2,271,'K007CB100',5,'26023','24/5/2018',250000,6.5,7,13.5,'CB00893','408/18-UDCNTTCB-SPKTVL','20/07/2018','HVTTK7','','',NULL),(215,2,272,'K007CB101',6,'26225','25/5/2018',250000,6.5,9,15.5,'CB00894','409/18-UDCNTTCB-SPKTVL','20/07/2018','HVTTK7','','',NULL),(216,2,273,'K007CB102',6,'26226','25/5/2018',250000,7,7,14,'CB00895','410/18-UDCNTTCB-SPKTVL','20/07/2018','HVTTK7','Sửa Họ tên','',NULL),(217,2,274,'K007CB103',6,'23228','21/5/2018',250000,6,6,12,'CB00896','411/18-UDCNTTCB-SPKTVL','20/07/2018','HVTTK7','','',NULL),(218,2,275,'K007CB104',6,'26347','25/5/2018',250000,6,5,11,'CB00897','412/18-UDCNTTCB-SPKTVL','20/07/2018','HVTTK7','','',NULL),(219,2,276,'K007CB105',6,'26140','23/5/2018',250000,4,6,10,NULL,NULL,NULL,'HVTTK7','',NULL,NULL),(220,2,277,'K007CB106',6,'26240','25/5/2018',250000,6,6,12,'CB00898','413/18-UDCNTTCB-SPKTVL','20/07/2018','HVTTK7','','',NULL),(221,2,278,'K007CB107',6,'23229','21/5/2018',250000,5.5,5,10.5,'CB00899','414/18-UDCNTTCB-SPKTVL','20/07/2018','HVTTK7','','',NULL),(222,2,279,'K007CB108',6,'26230','25/5/2018',250000,5,6,11,'CB00900','415/18-UDCNTTCB-SPKTVL','20/07/2018','HVTTK7','','',NULL),(223,2,280,'K007CB109',6,'26005','23/5/2018',250000,7,5,12,'CB00901','416/18-UDCNTTCB-SPKTVL','20/07/2018','HVTTK7','','',NULL),(224,2,281,'K007CB110',6,'26269','25/5/2018',250000,7.5,5.5,13,'CB00902','417/18-UDCNTTCB-SPKTVL','20/07/2018','HVTTK7','','',NULL),(225,2,282,'K007CB111',6,'26254','25/5/2018',250000,5,7,12,'CB00903','418/18-UDCNTTCB-SPKTVL','20/07/2018','HVTTK7','','',NULL),(226,2,283,'K007CB112',6,'26257','25/5/2018',250000,6,5.5,11.5,'CB00904','419/18-UDCNTTCB-SPKTVL','20/07/2018','HVTTK7','','',NULL),(227,2,284,'K007CB113',6,'26328','25/5/2018',250000,6.5,6,12.5,'CB00905','420/18-UDCNTTCB-SPKTVL','20/07/2018','HVTTK7','','',NULL),(228,2,285,'K007CB114',6,'26249','25/5/2018',250000,5.5,2,7.5,NULL,NULL,NULL,'HVTTK7','',NULL,NULL),(229,2,286,'K007CB115',6,'26103','22/5/2018',250000,8,6,14,'CB00906','421/18-UDCNTTCB-SPKTVL','20/07/2018','HVTTK7','','',NULL),(230,2,287,'K007CB116',6,'26346','25/5/2018',250000,6,5.5,11.5,'CB00907','422/18-UDCNTTCB-SPKTVL','20/07/2018','HVTTK7','','',NULL),(231,2,288,'K007CB117',6,'26231','25/5/2018',250000,4,6,10,NULL,NULL,NULL,'HVTTK7','',NULL,NULL),(232,2,289,'K007CB118',6,'26314','25/5/2018',250000,4,0,4,NULL,NULL,NULL,'HVTTK7','Vắng thi TH',NULL,NULL),(233,2,290,'K007CB119',6,'26293','25/5/2018',250000,6,4,10,NULL,NULL,NULL,'HVTTK7','',NULL,NULL),(234,2,291,'K007CB120',6,'26113','23/5/2018',250000,5,4.5,9.5,NULL,NULL,NULL,'HVTTK7','',NULL,NULL),(235,2,292,'K007CB121',7,'26223','24/5/2018',250000,7,7.5,14.5,'CB00908','423/18-UDCNTTCB-SPKTVL','20/07/2018','HVTTK7','','',NULL),(236,2,293,'K007CB122',7,'26311','25/5/2018',250000,7.5,5,12.5,'CB00909','424/18-UDCNTTCB-SPKTVL','20/07/2018','HVTTK7','','',NULL),(237,2,294,'K007CB123',7,'23211','17/5/2018',250000,6.5,5.5,12,'CB00910','425/18-UDCNTTCB-SPKTVL','20/07/2018','HVTTK7','','',NULL),(238,2,295,'K007CB124',7,'26247','25/5/2018',250000,5.5,5,10.5,'CB00911','426/18-UDCNTTCB-SPKTVL','20/07/2018','HVTTK7','','',NULL),(239,2,296,'K007CB125',7,'23219','21/5/2018',250000,6.5,7.5,14,'CB00912','427/18-UDCNTTCB-SPKTVL','20/07/2018','HVTTK7','','',NULL),(240,2,297,'K007CB126',7,'26126','23/5/2018',500000,6,4.5,10.5,NULL,NULL,NULL,'Tự do','',NULL,NULL),(241,2,298,'K007CB127',7,'26219','24/5/2018',250000,7,4.5,11.5,NULL,NULL,NULL,'HVTTK7','',NULL,NULL),(242,2,299,'K007CB128',7,'23205','15/5/2018',250000,7.5,7.5,15,'CB00913','428/18-UDCNTTCB-SPKTVL','20/07/2018','HVTTK7','','',NULL),(243,2,300,'K007CB129',7,'23230','21/5/2018',250000,5.5,5,10.5,'CB00914','429/18-UDCNTTCB-SPKTVL','20/07/2018','HVTTK7','','',NULL),(244,2,301,'K007CB130',7,'26252','25/5/2018',250000,5.5,6,11.5,'CB00915','430/18-UDCNTTCB-SPKTVL','20/07/2018','HVTTK7','','',NULL),(245,2,302,'K007CB131',7,'26161','25/5/2018',250000,6.5,8,14.5,'CB00916','431/18-UDCNTTCB-SPKTVL','20/07/2018','HVTTK7','','',NULL),(246,2,303,'K007CB132',7,'26290','25/5/2018',250000,7,4.5,11.5,NULL,NULL,NULL,'HVTTK7','',NULL,NULL),(247,2,304,'K007CB133',7,'26282','25/5/2018',250000,4.5,3,7.5,NULL,NULL,NULL,'HVTTK7','',NULL,NULL),(248,2,305,'K007CB134',7,'23235','21/5/2018',250000,6,9.5,15.5,'CB00917','432/18-UDCNTTCB-SPKTVL','20/07/2018','HVTTK7','','',NULL),(249,2,306,'K007CB135',7,'26048','24/5/2018',250000,6,8,14,'CB00918','433/18-UDCNTTCB-SPKTVL','20/07/2018','HVTTK7','','',NULL),(250,2,307,'K007CB136',7,'23226','21/5/2018',250000,6,6,12,'CB00919','434/18-UDCNTTCB-SPKTVL','20/07/2018','HVTTK7','','',NULL),(251,2,308,'K007CB137',7,'26333','25/5/2018',500000,3,3,6,NULL,NULL,NULL,'Tự do','',NULL,NULL),(252,2,309,'K007CB138',7,'26102','22/5/2018',250000,6,7,13,'CB00920','435/18-UDCNTTCB-SPKTVL','20/07/2018','HVTTK7','','',NULL),(253,2,310,'K007CB139',7,'26151','25/5/2018',250000,5.5,5,10.5,'CB00921','436/18-UDCNTTCB-SPKTVL','20/07/2018','HVTTK7','','',NULL),(254,2,311,'K007CB140',7,'26316','25/5/2018',250000,7,8,15,'CB00922','437/18-UDCNTTCB-SPKTVL','20/07/2018','HVTTK7','','',NULL),(255,2,312,'K007CB141',8,'26315','25/5/2018',250000,5,5,10,'CB00923','438/18-UDCNTTCB-SPKTVL','20/07/2018','HVTTK7','','',NULL),(256,2,313,'K007CB142',8,'26164','25/5/2018',250000,5.5,5.5,11,'CB00924','439/18-UDCNTTCB-SPKTVL','20/07/2018','HVTTK7','','',NULL),(257,2,314,'K007CB143',8,'26331','25/5/2018',250000,5.5,7,12.5,'CB00925','440/18-UDCNTTCB-SPKTVL','20/07/2018','HVTTK7','','',NULL),(258,2,315,'K007CB144',8,'26312','25/5/2018',250000,7.5,8,15.5,'CB00926','441/18-UDCNTTCB-SPKTVL','20/07/2018','HVTTK7','','',NULL),(259,2,316,'K007CB145',8,'26345','25/5/2018',250000,7.5,7,14.5,'CB00927','442/18-UDCNTTCB-SPKTVL','20/07/2018','HVTTK7','','',NULL),(260,2,317,'K007CB146',8,'26326','25/5/2018',250000,5.5,3.5,9,NULL,NULL,NULL,'HVTTK7','',NULL,NULL),(261,2,318,'K007CB147',8,'26160','25/5/2018',250000,4.5,4.5,9,NULL,NULL,NULL,'HVTTK7','',NULL,NULL),(262,2,319,'K007CB148',8,'26296','25/5/2018',250000,5,6.5,11.5,'CB00928','443/18-UDCNTTCB-SPKTVL','20/07/2018','HVTTK7','','',NULL),(263,2,320,'K007CB149',8,'26207','24/5/2018',250000,5.5,4.5,10,NULL,NULL,NULL,'HVTTK3','',NULL,NULL),(264,2,321,'K007CB150',8,'23248','22/5/2018',250000,6.5,5,11.5,'CB00929','444/18-UDCNTTCB-SPKTVL','20/07/2018','HVTTK7','','',NULL),(265,2,322,'K007CB151',8,'26132','23/5/2018',250000,6.5,6.5,13,'CB00930','445/18-UDCNTTCB-SPKTVL','20/07/2018','HVTTK7','','',NULL),(266,2,323,'K007CB152',8,'26325','25/5/2018',250000,4.5,4.5,9,NULL,NULL,NULL,'HVTTK7','',NULL,NULL),(267,2,324,'K007CB153',8,'26014','24/5/2018',250000,6,4,10,NULL,NULL,NULL,'HVTTK7','',NULL,NULL),(268,2,325,'K007CB154',8,'26327','25/5/2018',250000,7,4.5,11.5,NULL,NULL,NULL,'HVTTK7','',NULL,NULL),(269,2,326,'K007CB155',8,'26029','24/5/2018',250000,6.5,6.5,13,'CB00931','446/18-UDCNTTCB-SPKTVL','20/07/2018','HVTTK7','','',NULL),(270,2,327,'K007CB156',8,'23242','22/5/2018',250000,6.5,7,13.5,'CB00932','447/18-UDCNTTCB-SPKTVL','20/07/2018','HVTTK7','','',NULL),(271,2,328,'K007CB157',8,'26131','23/5/2018',250000,5.5,7.5,13,'CB00933','448/18-UDCNTTCB-SPKTVL','20/07/2018','HVTTK7','','',NULL),(272,2,329,'K007CB158',8,'26210','24/5/2018',250000,5,7,12,'CB00934','449/18-UDCNTTCB-SPKTVL','20/07/2018','HVTTK7','','',NULL),(273,2,330,'K007CB159',8,'26215','24/5/2018',250000,7,8,15,'CB00935','450/18-UDCNTTCB-SPKTVL','20/07/2018','HVTTK7','','',NULL),(274,2,331,'K007CB160',8,'26234','25/5/2018',250000,7,9,16,'CB00936','451/18-UDCNTTCB-SPKTVL','20/07/2018','HVTTK7','','',NULL),(275,2,332,'K007CB161',9,'26133','23/5/2018',250000,6.5,8.5,15,'CB00937','452/18-UDCNTTCB-SPKTVL','20/07/2018','HVTTK7','','',NULL),(276,2,333,'K007CB162',9,'26012','24/5/2018',250000,6.5,7,13.5,'CB00938','453/18-UDCNTTCB-SPKTVL','20/07/2018','HVTTK7','','',NULL),(277,2,334,'K007CB163',9,'26111','23/5/2018',250000,8,8.5,16.5,'CB00939','454/18-UDCNTTCB-SPKTVL','20/07/2018','HVTTK7','','',NULL),(278,2,335,'K007CB164',9,'26276','25/5/2018',250000,6.5,6.5,13,'CB00940','455/18-UDCNTTCB-SPKTVL','20/07/2018','HVTTK7','','',NULL),(279,2,336,'K007CB165',9,'26202','22/5/2018',250000,6.5,7.5,14,'CB00941','456/18-UDCNTTCB-SPKTVL','20/07/2018','HVTTK7','','',NULL),(280,2,337,'K007CB166',9,'23247','22/5/2018',250000,3.5,4,7.5,NULL,NULL,NULL,'HVTTK7','',NULL,NULL),(281,2,338,'K007CB167',9,'26322','25/5/2018',250000,7,6.5,13.5,'CB00942','457/18-UDCNTTCB-SPKTVL','20/07/2018','HVTTK7','','',NULL),(282,2,339,'K007CB168',9,'26146','23/5/2018',250000,5,3.5,8.5,NULL,NULL,NULL,'HVTTK7','',NULL,NULL),(283,2,340,'K007CB169',9,'26018','24/5/2018',250000,7,9,16,'CB00943','458/18-UDCNTTCB-SPKTVL','20/07/2018','HVTTK7','','',NULL),(284,2,341,'K007CB170',9,'26268','25/5/2018',250000,7.5,6.5,14,'CB00945','460/18-UDCNTTCB-SPKTVL','20/07/2018','HVTTK6','','',NULL),(285,2,342,'K007CB171',9,'26323','25/5/2018',250000,5.5,6,11.5,NULL,NULL,NULL,'HVTTK7','',NULL,NULL),(286,2,343,'K007CB172',9,'26168','25/5/2018',250000,6.5,7.5,14,'CB00946','461/18-UDCNTTCB-SPKTVL','20/07/2018','HVTTK7','','',NULL),(287,2,344,'K007CB173',9,'23250','22/5/2018',250000,7.5,6,13.5,'CB00947','462/18-UDCNTTCB-SPKTVL','20/07/2018','HVTTK7','','',NULL),(288,2,345,'K007CB174',9,'26292','25/5/2018',250000,5.5,3.5,9,NULL,NULL,NULL,'HVTTK7','',NULL,NULL),(289,2,346,'K007CB175',9,'23223','21/5/2018',250000,6.5,7,13.5,'CB00948','463/18-UDCNTTCB-SPKTVL','20/07/2018','HVTTK7','','',NULL),(290,2,347,'K007CB176',9,'26233','25/5/2018',250000,4.5,2,6.5,NULL,NULL,NULL,'HVTTK7','',NULL,NULL),(291,2,348,'K007CB177',9,'26157','25/5/2018',250000,8,9,17,'CB00949','464/18-UDCNTTCB-SPKTVL','20/07/2018','HVTTK7','','',NULL),(292,2,349,'K007CB178',9,'26209','24/5/2018',500000,7,8,15,'CB00950','465/18-UDCNTTCB-SPKTVL','20/07/2018','Tự do','','',NULL),(293,2,350,'K007CB179',9,'26317','25/5/2018',250000,7.5,6.5,14,'CB00951','466/18-UDCNTTCB-SPKTVL','20/07/2018','HVTTK7','','',NULL),(294,2,351,'K007CB180',9,'26278','25/5/2018',250000,0,0,0,NULL,NULL,NULL,'HVTTK7','Vắng',NULL,NULL),(295,2,26,'K007CB181',10,'26274','25/5/2018',500000,6.5,6,12.5,'CB00952','467/18-UDCNTTCB-SPKTVL','20/07/2018','Tự do','','',NULL),(296,2,353,'K007CB182',10,'26324','25/5/2018',250000,5.5,5.5,11,'CB00953','468/18-UDCNTTCB-SPKTVL','20/07/2018','HVTTK7','','',NULL),(297,2,354,'K007CB183',10,'23249','22/5/2018',250000,7.5,5.5,13,'CB00954','469/18-UDCNTTCB-SPKTVL','20/07/2018','HVTTK7','','',NULL),(298,2,355,'K007CB184',10,'26320','25/5/2018',250000,6.5,8,14.5,'CB00955','470/18-UDCNTTCB-SPKTVL','20/07/2018','HVTTK7','','',NULL),(299,2,356,'K007CB185',10,'23224','21/5/2018',250000,7.5,7,14.5,'CB00956','471/18-UDCNTTCB-SPKTVL','20/07/2018','HVTTK7','','',NULL),(300,2,357,'K007CB186',10,'23204','15/5/2018',500000,8,5.5,13.5,'CB00957','472/18-UDCNTTCB-SPKTVL','20/07/2018','Tự do','','',NULL),(301,2,358,'K007CB187',10,'26304','25/5/2018',250000,6.5,7.5,14,'CB00958','473/18-UDCNTTCB-SPKTVL','20/07/2018','HVTTK7','','',NULL),(302,2,359,'K007CB188',10,'26329','25/5/2018',500000,8,7.5,15.5,'CB00959','474/18-UDCNTTCB-SPKTVL','20/07/2018','Tự do','','',NULL),(303,2,360,'K007CB189',10,'26171','25/5/2018',250000,7,8,15,'CB00960','475/18-UDCNTTCB-SPKTVL','20/07/2018','HVTTK7','','',NULL),(304,2,361,'K007CB190',10,'26050','24/5/2018',250000,6.5,6.5,13,'CB00961','476/18-UDCNTTCB-SPKTVL','20/07/2018','HVTTK7','','',NULL),(305,2,362,'K007CB191',10,'26229','25/5/2018',250000,5.5,5.5,11,'CB00962','477/18-UDCNTTCB-SPKTVL','20/07/2018','HVTTK7','','',NULL),(306,2,363,'K007CB192',10,'23231','21/5/2018',250000,6.5,6.5,13,'CB00963','478/18-UDCNTTCB-SPKTVL','20/07/2018','HVTTK7','','',NULL),(307,2,364,'K007CB193',10,'26273','25/5/2018',250000,6.5,6,12.5,'CB00964','479/18-UDCNTTCB-SPKTVL','20/07/2018','HVTTK7','','',NULL),(308,2,365,'K007CB194',10,'23245','22/5/2018',500000,6.5,7.5,14,'CB00965','480/18-UDCNTTCB-SPKTVL','20/07/2018','Tự do','','',NULL),(309,2,366,'K007CB195',10,'26169','25/5/2018',500000,6.5,7,13.5,'CB00966','481/18-UDCNTTCB-SPKTVL','20/07/2018','Tự do','','',NULL),(310,2,367,'K007CB196',10,'26222','24/5/2018',250000,5.5,6,11.5,'CB00967','482/18-UDCNTTCB-SPKTVL','20/07/2018','HVTTK7','','',NULL),(311,2,368,'K007CB197',10,'26235','25/5/2018',250000,6.5,5,11.5,'CB00968','483/18-UDCNTTCB-SPKTVL','20/07/2018','HVTTK7','','',NULL),(312,2,369,'K007CB198',10,'26201','24/5/2018',250000,8,6.5,14.5,'CB00969','484/18-UDCNTTCB-SPKTVL','20/07/2018','HVTTK7','','',NULL),(313,2,370,'K007CB199',10,'26101','22/5/2018',250000,6.5,9.5,16,'CB00970','485/18-UDCNTTCB-SPKTVL','20/07/2018','HVTTK7','','',NULL),(314,2,371,'K007CB200',10,'26248','25/5/2018',250000,6.5,6,12.5,'CB00971','486/18-UDCNTTCB-SPKTVL','20/07/2018','HVTTK7','','',NULL),(315,2,372,'K007CB201',11,'26321','25/5/2018',250000,5.5,5.5,11,'CB00972','487/18-UDCNTTCB-SPKTVL','20/07/2018','HVTTK7','','',NULL),(316,2,373,'K007CB202',11,'26244','25/5/2018',250000,6.5,8,14.5,'CB00973','488/18-UDCNTTCB-SPKTVL','20/07/2018','HVTTK7','','',NULL),(317,2,374,'K007CB203',11,'26212','24/5/2018',250000,6.5,6.5,13,'CB00974','489/18-UDCNTTCB-SPKTVL','20/07/2018','HVTTK7','','',NULL),(318,2,375,'K007CB204',11,'26139','23/5/2018',250000,5.5,7,12.5,'CB00975','490/18-UDCNTTCB-SPKTVL','20/07/2018','HVTTK7','','',NULL),(319,2,376,'K007CB205',11,'26174','25/5/2018',500000,6,7.5,13.5,'CB00976','491/18-UDCNTTCB-SPKTVL','20/07/2018','Tự do','','',NULL),(320,2,377,'K007CB206',11,'26237','25/5/2018',250000,4.5,0,4.5,NULL,NULL,NULL,'HVTTK7','Vắng thi TH',NULL,NULL),(321,2,378,'K007CB207',11,'26318','25/5/2018',250000,5.5,5.5,11,'CB00977','492/18-UDCNTTCB-SPKTVL','20/07/2018','HVTTK7','','',NULL),(322,2,379,'K007CB208',11,'26105','22/5/2018',250000,6,4,10,NULL,NULL,NULL,'HVTTK7','',NULL,NULL),(323,2,380,'K007CB209',11,'26022','24/5/2018',250000,7,7,14,'CB00978','493/18-UDCNTTCB-SPKTVL','20/07/2018','HVTTK7','','',NULL),(324,2,381,'K007CB210',11,'26034','24/5/2018',250000,7,8.5,15.5,'CB00979','494/18-UDCNTTCB-SPKTVL','20/07/2018','HVTTK7','','',NULL),(325,2,382,'K007CB211',11,'26120','23/5/2018',250000,6,5,11,'CB00980','495/18-UDCNTTCB-SPKTVL','20/07/2018','HVTTK7','','',NULL),(326,2,383,'K007CB212',11,'23227','21/5/2018',250000,4.5,0.5,5,NULL,NULL,NULL,'HVTTK7','',NULL,NULL),(327,2,384,'K007CB213',11,'26007','24/5/2018',500000,6.5,7.5,14,'CB00981','496/18-UDCNTTCB-SPKTVL','20/07/2018','Tự do','','',NULL),(328,2,385,'K007CB214',11,'23238','21/5/2018',250000,6.5,7,13.5,'CB00982','497/18-UDCNTTCB-SPKTVL','20/07/2018','HVTTK7','','',NULL),(329,2,386,'K007CB215',11,'26137','23/5/2018',500000,6,7.5,13.5,'CB00983','498/18-UDCNTTCB-SPKTVL','20/07/2018','Tự do','','',NULL),(330,2,387,'K007CB216',11,'23225','21/5/2018',250000,8.5,8,16.5,'CB00984','499/18-UDCNTTCB-SPKTVL','20/07/2018','HVTTK7','','',NULL),(331,2,388,'K007CB217',11,'26123','23/5/2018',250000,7,4,11,NULL,NULL,NULL,'HVTTK7','',NULL,NULL),(332,2,389,'K007CB218',11,'26158','25/5/2018',250000,6.5,7,13.5,'CB00985','500/18-UDCNTTCB-SPKTVL','20/07/2018','HVTTK7','','',NULL),(333,2,390,'K007CB219',11,'26047','24/5/2018',250000,6.5,9,15.5,'CB00986','501/18-UDCNTTCB-SPKTVL','20/07/2018','HVTTK7','','',NULL),(334,2,391,'K007CB220',11,'26036','24/5/2018',250000,5,6,11,'CB00987','502/18-UDCNTTCB-SPKTVL','20/07/2018','HVTTK7','','',NULL),(335,2,392,'K007CB221',12,'26016','24/5/2018',250000,4.5,4,8.5,NULL,NULL,NULL,'HVTTK5','',NULL,NULL),(336,2,393,'K007CB222',12,'26166','25/5/2018',500000,5.5,3.5,9,NULL,NULL,NULL,'Tự do','',NULL,NULL),(337,2,394,'K007CB223',12,'26313','25/5/2018',250000,6.5,5.5,12,'CB00988','503/18-UDCNTTCB-SPKTVL','20/07/2018','HVTTK7','','',NULL),(338,2,395,'K007CB224',12,'26155','25/5/2018',250000,6.5,7,13.5,'CB00989','504/18-UDCNTTCB-SPKTVL','20/07/2018','HVTTK7','','',NULL),(339,2,396,'K007CB225',12,'26028','24/5/2018',250000,6,7,13,'CB00990','505/18-UDCNTTCB-SPKTVL','20/07/2018','HVTTK7','','',NULL),(340,2,397,'K007CB226',12,'26108','22/5/2018',250000,5.5,7.5,13,'CB00991','506/18-UDCNTTCB-SPKTVL','20/07/2018','HVTTK7','','',NULL),(341,2,398,'K007CB227',12,'26286','25/5/2018',500000,6.5,8,14.5,'CB00992','507/18-UDCNTTCB-SPKTVL','20/07/2018','Tự do','','',NULL),(342,2,399,'K007CB228',12,'26143','23/5/2018',250000,8,7.5,15.5,'CB00993','508/18-UDCNTTCB-SPKTVL','20/07/2018','HVTTK7','','',NULL),(343,2,400,'K007CB229',12,'26144','23/5/2018',500000,6,7.5,13.5,'CB00994','509/18-UDCNTTCB-SPKTVL','20/07/2018','Tự do','','',NULL),(344,2,401,'K007CB230',12,'26242','25/5/2018',250000,4.5,0,4.5,NULL,NULL,NULL,'HVTTK7','Vắng thi TH',NULL,NULL),(345,2,402,'K007CB231',12,'26279','25/5/2018',250000,4.5,0,4.5,NULL,NULL,NULL,'HVTTK7','Vắng thi TH',NULL,NULL),(346,2,403,'K007CB232',12,'26165','25/5/2018',500000,7,8,15,'CB00995','510/18-UDCNTTCB-SPKTVL','20/07/2018','Tự do','','',NULL),(347,2,404,'K007CB233',12,'26262','25/5/2018',500000,6.5,9,15.5,'CB00996','511/18-UDCNTTCB-SPKTVL','20/07/2018','Tự do','','',NULL),(348,2,405,'K007CB234',12,'26342','25/5/2018',250000,6.5,6.5,13,'CB00997','512/18-UDCNTTCB-SPKTVL','20/07/2018','HVTTK7','','',NULL),(349,2,406,'K007CB235',12,'26275','25/5/2018',250000,7.5,6,13.5,'CB00998','513/18-UDCNTTCB-SPKTVL','20/07/2018','HVTTK7','','',NULL),(350,2,407,'K007CB236',12,'26141','23/5/2018',500000,7,9.5,16.5,'CB00999','514/18-UDCNTTCB-SPKTVL','20/07/2018','Tự do','','',NULL),(351,2,408,'K007CB237',12,'26209','24/5/2018',250000,6.5,6.5,13,'CB01000','515/18-UDCNTTCB-SPKTVL','20/07/2018','HVTTK7','','',NULL),(352,2,409,'K007CB238',12,'26136','23/5/2018',250000,8,7.5,15.5,'CB01001','516/18-UDCNTTCB-SPKTVL','20/07/2018','HVTTK7','','',NULL),(353,2,410,'K007CB239',12,'26125','23/5/2018',500000,7,7.5,14.5,'CB01002','517/18-UDCNTTCB-SPKTVL','20/07/2018','Tự do','','',NULL),(354,2,411,'K007CB240',12,'26037','24/5/2018',250000,6.5,6.5,13,'CB01003','518/18-UDCNTTCB-SPKTVL','20/07/2018','HVTTK7','','',NULL),(355,2,412,'K007CB241',13,'26142','23/5/2018',250000,7.5,7,14.5,'CB01004','519/18-UDCNTTCB-SPKTVL','20/07/2018','HVTTK7','','',NULL),(356,2,413,'K007CB242',13,'26291','25/5/2018',250000,9,6.5,15.5,'CB01005','520/18-UDCNTTCB-SPKTVL','20/07/2018','HVTTK3','','',NULL),(357,2,414,'K007CB243',13,'23237','21/5/2018',250000,8.5,6.5,15,'CB01007','522/18-UDCNTTCB-SPKTVL','20/07/2018','HVTTK7','','',NULL),(358,2,415,'K007CB244',13,'26153','25/5/2018',250000,8.5,5,13.5,NULL,NULL,NULL,'HVTTK7','',NULL,NULL),(359,2,416,'K007CB245',13,'26159','25/5/2018',250000,5.5,4,9.5,NULL,NULL,NULL,'HVTTK7','',NULL,NULL),(360,2,417,'K007CB246',13,'26114','23/5/2018',250000,8.5,9.5,18,'CB01008','523/18-UDCNTTCB-SPKTVL','20/07/2018','HVTTK7','','',NULL),(361,2,418,'K007CB247',13,'26319','25/5/2018',250000,6.5,5.5,12,'CB01009','524/18-UDCNTTCB-SPKTVL','20/07/2018','HVTTK7','','',NULL),(362,2,419,'K007CB248',13,'26167','25/5/2018',250000,6.5,5,11.5,'CB01010','525/18-UDCNTTCB-SPKTVL','20/07/2018','HVTTK1','','',NULL),(363,2,420,'K007CB249',13,'26256','25/5/2018',250000,6.5,4,10.5,NULL,NULL,NULL,'HVTTK5','',NULL,NULL),(364,2,421,'K007CB250',13,'26152','25/5/2018',250000,5.5,5.5,11,'CB01011','526/18-UDCNTTCB-SPKTVL','20/07/2018','HVTTK7','','',NULL),(365,2,422,'K007CB251',13,'26339','25/5/2018',250000,6.5,5,11.5,'CB01012','527/18-UDCNTTCB-SPKTVL','20/07/2018','HVTTK7','','',NULL),(366,2,423,'K007CB252',13,'26138','23/5/2018',250000,7,7.5,14.5,'CB01013','528/18-UDCNTTCB-SPKTVL','20/07/2018','HVTTK7','','',NULL),(367,2,424,'K007CB253',13,'26039','24/5/2018',500000,6.5,5.5,12,'CB01014','529/18-UDCNTTCB-SPKTVL','20/07/2018','Tự do','','',NULL),(368,2,425,'K007CB254',13,'26287','25/5/2018',250000,6.5,6.5,13,'CB01015','530/18-UDCNTTCB-SPKTVL','20/07/2018','HVTTK7','','',NULL),(369,2,426,'K007CB255',13,'23212','18/5/2018',250000,7.5,9.5,17,'CB01016','531/18-UDCNTTCB-SPKTVL','20/07/2018','HVTTK7','','',NULL),(370,2,427,'K007CB256',13,'26118','23/5/2018',250000,8,8,16,'CB01017','532/18-UDCNTTCB-SPKTVL','20/07/2018','HVTTK7','','',NULL),(371,2,428,'K007CB257',13,'26267','25/5/2018',250000,5.5,4,9.5,NULL,NULL,NULL,'HVTTK7','',NULL,NULL),(372,2,429,'K007CB258',13,'23234','21/5/2018',250000,8.5,9.5,18,'CB01018','533/18-UDCNTTCB-SPKTVL','20/07/2018','HVTTK7','','',NULL),(373,2,430,'K007CB259',13,'26015','24/5/2018',250000,6,6.5,12.5,'CB01019','534/18-UDCNTTCB-SPKTVL','20/07/2018','HVTTK5','','',NULL),(374,2,431,'K007CB260',13,'26149','23/5/2018',250000,8,8.5,16.5,'CB01020','535/18-UDCNTTCB-SPKTVL','20/07/2018','HVTTK7','','',NULL),(375,2,432,'K007CB261',14,'26156','25/5/2018',250000,9,9.5,18.5,'CB01021','536/18-UDCNTTCB-SPKTVL','20/07/2018','HVTTK7','','',NULL),(376,2,433,'K007CB262',14,'26006','24/5/2018',250000,9,8.5,17.5,'CB01022','537/18-UDCNTTCB-SPKTVL','20/07/2018','HVTTK4','','',NULL),(377,2,434,'K007CB263',14,'26348','25/5/2018',250000,6.5,0.5,7,NULL,NULL,NULL,'HVTTK7','',NULL,NULL),(378,2,435,'K007CB264',14,'26025','24/5/2018',250000,6,5,11,'CB01023','538/18-UDCNTTCB-SPKTVL','20/07/2018','HVTTK7','','',NULL),(379,2,436,'K007CB265',14,'23216','18/5/2018',250000,6.5,5,11.5,'CB01024','539/18-UDCNTTCB-SPKTVL','20/07/2018','HVTTK7','','',NULL),(380,2,437,'K007CB266',14,'26135','23/5/2018',250000,7,9,16,'CB01025','540/18-UDCNTTCB-SPKTVL','20/07/2018','HVTTK7','','',NULL),(381,2,438,'K007CB267',14,'26349','25/5/2018',250000,8,8.5,16.5,'CB01026','541/18-UDCNTTCB-SPKTVL','20/07/2018','HVTTK7','','',NULL),(382,2,439,'K007CB268',14,'26236','25/5/2018',250000,6.5,5,11.5,'CB01027','542/18-UDCNTTCB-SPKTVL','20/07/2018','HVTTK7','','',NULL),(383,2,440,'K007CB269',14,'26119','23/5/2018',250000,5.5,5.5,11,'CB01028','543/18-UDCNTTCB-SPKTVL','20/07/2018','HVTTK7','','',NULL),(384,2,441,'K007CB270',14,'26253','25/5/2018',250000,7,5.5,12.5,'CB01029','544/18-UDCNTTCB-SPKTVL','20/07/2018','HVTTK7','','',NULL),(385,2,442,'K007CB271',14,'23236','21/5/2018',250000,7,8,15,'CB01030','545/18-UDCNTTCB-SPKTVL','20/07/2018','HVTTK7','','',NULL),(386,2,443,'K007CB272',14,'23243','22/5/2018',250000,8.5,8.5,17,'CB01031','546/18-UDCNTTCB-SPKTVL','20/07/2018','HVTTK7','','',NULL),(387,2,444,'K007CB273',14,'26045','24/5/2018',250000,7.5,7,14.5,'CB01032','547/18-UDCNTTCB-SPKTVL','20/07/2018','HVTTK7','','',NULL),(388,2,445,'K007CB274',14,'26010','24/5/2018',250000,7,8.5,15.5,'CB01033','548/18-UDCNTTCB-SPKTVL','20/07/2018','HVTTK7','','',NULL),(389,2,446,'K007CB275',14,'26341','25/5/2018',500000,8.5,6.5,15,'CB01034','549/18-UDCNTTCB-SPKTVL','20/07/2018','Tự do','','',NULL),(390,2,447,'K007CB276',14,'26035','24/5/2018',250000,5.5,9,14.5,'CB01035','550/18-UDCNTTCB-SPKTVL','20/07/2018','HVTTK7','','',NULL),(391,2,448,'K007CB277',14,'26128','23/5/2018',250000,7.5,7,14.5,'CB01036','551/18-UDCNTTCB-SPKTVL','20/07/2018','HVTTK7','','',NULL),(392,2,449,'K007CB278',14,'26218','24/5/2018',250000,6.5,2,8.5,NULL,NULL,NULL,'HVTTK7','',NULL,NULL),(393,2,450,'K007CB279',14,'26106','22/5/2018',500000,4,0,4,NULL,NULL,NULL,'Tự do','Vắng thi TH',NULL,NULL),(394,2,451,'K007CB280',14,'26020','24/5/2018',250000,5,2.5,7.5,NULL,NULL,NULL,'HVTTK5','',NULL,NULL),(395,2,452,'K007CB281',15,'26121','23/5/2018',250000,7.5,5.5,13,'CB01037','552/18-UDCNTTCB-SPKTVL','20/07/2018','HVTTK7','','',NULL),(396,2,453,'K007CB282',15,'26019','24/5/2018',250000,5.5,4.5,10,NULL,NULL,NULL,'HVTTK5','',NULL,NULL),(397,2,454,'K007CB283',15,'26115','23/5/2018',250000,9,10,19,'CB01038','553/18-UDCNTTCB-SPKTVL','20/07/2018','HVTTK7','','',NULL),(398,2,455,'K007CB284',15,'26288','25/5/2018',250000,8.5,10,18.5,'CB01039','554/18-UDCNTTCB-SPKTVL','20/07/2018','HVTTK7','','',NULL),(399,2,456,'K007CB285',15,'26308','25/5/2018',500000,7.5,8.5,16,'CB01040','555/18-UDCNTTCB-SPKTVL','20/07/2018','Tự do','','',NULL),(400,2,457,'K007CB286',15,'26271','25/5/2018',250000,8.5,10,18.5,'CB01041','556/18-UDCNTTCB-SPKTVL','20/07/2018','HVTTK6','','',NULL),(401,2,458,'K007CB287',15,'26211','24/5/2018',250000,4.5,0,4.5,NULL,NULL,NULL,'HVTTK5','Vắng thi TH',NULL,NULL),(402,2,459,'K007CB288',15,'26289','25/5/2018',250000,5,3.5,8.5,NULL,NULL,NULL,'HVTTK7','',NULL,NULL),(403,2,460,'K007CB289',15,'26228','25/5/2018',250000,8.5,8.5,17,'CB01042','557/18-UDCNTTCB-SPKTVL','20/07/2018','HVTTK7','','',NULL),(404,2,461,'K007CB290',15,'26224','25/5/2018',250000,7,9.5,16.5,'CB01043','558/18-UDCNTTCB-SPKTVL','20/07/2018','HVTTK7','','',NULL),(405,2,462,'K007CB291',15,'26232','25/5/2018',500000,7.5,7.5,15,'CB01044','559/18-UDCNTTCB-SPKTVL','20/07/2018','Tự do','','',NULL),(406,2,463,'K007CB292',15,'26033','24/5/2018',250000,7.5,5,12.5,'CB01045','560/18-UDCNTTCB-SPKTVL','20/07/2018','HVTTK7','','',NULL),(407,2,464,'K007CB293',15,'26213','24/5/2018',250000,7,5.5,12.5,'CB01046','561/18-UDCNTTCB-SPKTVL','20/07/2018','HVTTK7','Sửa Nơi sinh','',NULL),(408,2,465,'K007CB294',15,'26011','24/5/2018',250000,7.5,8,15.5,'CB01047','562/18-UDCNTTCB-SPKTVL','20/07/2018','HVTTK7','','',NULL),(409,2,466,'K007CB295',15,'26134','23/5/2018',250000,7,7,14,'CB01049','564/18-UDCNTTCB-SPKTVL','20/07/2018','HVTTK5','','',NULL),(410,2,467,'K007CB296',15,'26245','25/5/2018',250000,6,6.5,12.5,NULL,NULL,NULL,'HVTTK7','',NULL,NULL),(411,2,468,'K007CB297',15,'23214','18/5/2018',250000,8.5,9.5,18,'CB01050','565/18-UDCNTTCB-SPKTVL','20/07/2018','HVTTK7','','',NULL),(412,2,469,'K007CB298',15,'26172','25/5/2018',250000,8.5,7.5,16,'CB01051','566/18-UDCNTTCB-SPKTVL','20/07/2018','CBGV','','',NULL),(413,2,470,'K007CB299',15,'26303','25/5/2018',250000,7.5,4,11.5,NULL,NULL,NULL,'HVTTK7','',NULL,NULL),(414,2,471,'K007CB300',15,'26336','25/5/2018',250000,6,7.5,13.5,'CB01052','567/18-UDCNTTCB-SPKTVL','20/07/2018','HVTTK4','','',NULL),(415,2,472,'K007CB301',16,'26027','24/5/2018',250000,8.5,9.5,18,'CB01053','568/18-UDCNTTCB-SPKTVL','20/07/2018','HVTTK7','','',NULL),(416,2,473,'K007CB302',16,'26162','25/5/2018',250000,5.5,5,10.5,'CB01054','569/18-UDCNTTCB-SPKTVL','20/07/2018','HVTTK7','','',NULL),(417,2,474,'K007CB303',16,'26024','24/5/2018',250000,6.5,6.5,13,'CB01055','570/18-UDCNTTCB-SPKTVL','20/07/2018','HVTTK7','','',NULL),(418,2,475,'K007CB304',16,'26116','23/5/2018',250000,7.5,9,16.5,'CB01056','571/18-UDCNTTCB-SPKTVL','20/07/2018','HVTTK7','','',NULL),(419,2,476,'K007CB305',16,'26334','25/5/2018',250000,7.5,3.5,11,NULL,NULL,NULL,'HVTTK4','',NULL,NULL),(420,2,477,'K007CB306',16,'23233','21/5/2018',500000,9,8,17,'CB01057','572/18-UDCNTTCB-SPKTVL','20/07/2018','Tự do','','',NULL),(421,2,478,'K007CB307',16,'26112','23/5/2018',250000,7.5,8.5,16,'CB01058','573/18-UDCNTTCB-SPKTVL','20/07/2018','HVTTK7','','',NULL),(422,2,479,'K007CB308',16,'26307','25/5/2018',250000,7.5,7,14.5,'CB01059','574/18-UDCNTTCB-SPKTVL','20/07/2018','HVTTK4','','',NULL),(423,2,480,'K007CB309',16,'26283','25/5/2018',500000,7,6.5,13.5,'CB01060','575/18-UDCNTTCB-SPKTVL','20/07/2018','Tự do','','',NULL),(424,2,481,'K007CB310',16,'26124','23/5/2018',500000,8,9,17,'CB01061','576/18-UDCNTTCB-SPKTVL','20/07/2018','Tự do','','',NULL),(425,2,482,'K007CB311',16,'26110','23/5/2018',250000,7.5,4.5,12,NULL,NULL,NULL,'HVTTK7','',NULL,NULL),(426,2,483,'K007CB312',16,'23215','18/5/2018',500000,6,7.5,13.5,'CB01062','577/18-UDCNTTCB-SPKTVL','20/07/2018','Tự do','','',NULL),(427,2,484,'K007CB313',16,'23232','21/5/2018',500000,8,9.5,17.5,'CB01063','578/18-UDCNTTCB-SPKTVL','20/07/2018','Tự do','','',NULL),(428,2,485,'K007CB314',16,'26310','25/5/2018',250000,7,7.5,14.5,'CB01064','579/18-UDCNTTCB-SPKTVL','20/07/2018','HVTTK7','','',NULL),(429,2,486,'K007CB315',16,'26239','25/5/2018',250000,6,4,10,NULL,NULL,NULL,'HVTTK7','',NULL,NULL),(430,2,487,'K007CB316',16,'26220','24/5/2018',250000,6.5,2.5,9,NULL,NULL,NULL,'HVTTK7','',NULL,NULL),(431,3,175,'K008CB001',NULL,'27597','27/7/2018',250000,7.5,6,13.5,'CB01436','948/18-UDCNTTCB -SPKTVL','20/9/2018','HVTTK7','','',NULL),(432,3,191,'K008CB002',NULL,'27557','23/7/2018',250000,7.5,8.5,16,'CB01437','949/18-UDCNTTCB -SPKTVL','20/9/2018','HVTTK7','','',NULL),(433,3,490,'K008CB003',NULL,'27589','25/7/2018',500000,7,5,12,'CB01438','950/18-UDCNTTCB -SPKTVL','20/9/2018','Tự do','','',NULL),(434,3,491,'K008CB004',NULL,'27562','24/7/2018',500000,5.5,7,12.5,'CB01439','951/18-UDCNTTCB -SPKTVL','20/9/2018','Tự do','','',NULL),(435,3,492,'K008CB005',NULL,'27560','23/7/2018',500000,6,3,9,NULL,NULL,NULL,'Tự do','',NULL,NULL),(436,3,493,'K008CB006',NULL,'27553','23/7/2018',250000,6.5,5.5,12,'CB01440','952/18-UDCNTTCB -SPKTVL','20/9/2018','HVTTK5','','',NULL),(437,3,494,'K008CB007',NULL,'27566','24/7/2018',250000,6,5,11,'CB01441','953/18-UDCNTTCB -SPKTVL','20/9/2018','HVTTK7','','',NULL),(438,3,495,'K008CB008',NULL,'27607','27/7/2018',500000,6.5,9,15.5,'CB01442','954/18-UDCNTTCB -SPKTVL','20/9/2018','Tự do','','',NULL),(439,3,496,'K008CB009',NULL,'27558','23/7/2018',500000,0,0,0,NULL,NULL,NULL,'Tự do','Vắng',NULL,NULL),(440,3,497,'K008CB010',NULL,'27587','25/7/2018',500000,4.5,2.5,7,NULL,NULL,NULL,'Tự do','',NULL,NULL),(441,3,498,'K008CB011',NULL,'27594','25/7/2018',250000,0,0,0,NULL,NULL,NULL,'HVTTK4','Vắng',NULL,NULL),(442,3,499,'K008CB012',NULL,'27606','27/7/2018',500000,5.5,7,12.5,'CB01443','955/18-UDCNTTCB -SPKTVL','20/9/2018','Tự do','','',NULL),(443,3,500,'K008CB013',NULL,'27586','25/7/2018',500000,6,6,12,'CB01444','956/18-UDCNTTCB -SPKTVL','20/9/2018','Tự do','','',NULL),(444,3,501,'K008CB014',NULL,'27588','25/7/2018',500000,6.5,5,11.5,'CB01445','957/18-UDCNTTCB -SPKTVL','20/9/2018','Tự do','','',NULL),(445,3,502,'K008CB015',NULL,'27581','25/7/2018',500000,7.5,6,13.5,'CB01446','958/18-UDCNTTCB -SPKTVL','20/9/2018','Tự do','','',NULL),(446,3,285,'K008CB016',NULL,'27567','24/7/2018',250000,4.5,0,4.5,NULL,NULL,NULL,'HVTTK7','Vắng thi TH',NULL,NULL),(447,3,290,'K008CB017',NULL,'27615','27/7/2018',250000,4.5,0,4.5,NULL,NULL,NULL,'HVTTK7','Vắng thi TH',NULL,NULL),(448,3,297,'K008CB018',NULL,'27611','27/7/2018',500000,5.5,8,13.5,'CB01447','959/18-UDCNTTCB -SPKTVL','20/9/2018','Tự do','','',NULL),(449,3,506,'K008CB019',NULL,'27576','25/7/2018',500000,0,0,0,NULL,NULL,NULL,'Tự do','Vắng',NULL,NULL),(450,3,507,'K008CB020',NULL,'27592','25/7/2018',500000,5.5,6,11.5,'CB01448','960/18-UDCNTTCB -SPKTVL','20/9/2018','Tự do','','',NULL),(451,3,508,'K008CB021',NULL,'27595','25/7/2018',500000,0,0,0,NULL,NULL,NULL,'Tự do','Vắng',NULL,NULL),(452,3,317,'K008CB022',NULL,'27612','27/7/2018',250000,5.5,6,11.5,'CB01449','961/18-UDCNTTCB -SPKTVL','20/9/2018','HVTTK7','','',NULL),(453,3,510,'K008CB023',NULL,'27603','27/7/2018',500000,7,5,12,'CB01450','962/18-UDCNTTCB -SPKTVL','20/9/2018','Tự do','','',NULL),(454,3,320,'K008CB024',NULL,'27578','25/7/2018',250000,6.5,6,12.5,'CB01451','963/18-UDCNTTCB -SPKTVL','20/9/2018','HVTTK3','','',NULL),(455,3,512,'K008CB025',NULL,'27583','25/7/2018',500000,4.5,4,8.5,NULL,NULL,NULL,'Tự do','',NULL,NULL),(456,3,513,'K008CB026',NULL,'27564','24/7/2018',500000,4.5,0,4.5,NULL,NULL,NULL,'Tự do','Vắng thi TH',NULL,NULL),(457,3,339,'K008CB027',NULL,'27577','25/7/2018',250000,0,0,0,NULL,NULL,NULL,'HVTTK7','Vắng',NULL,NULL),(458,3,345,'K008CB028',NULL,'27609','27/7/2018',250000,4.5,0,4.5,NULL,NULL,NULL,'HVTTK7','Vắng thi TH',NULL,NULL),(459,3,516,'K008CB029',NULL,'27569','25/7/2018',500000,6,5.5,11.5,'CB01452','964/18-UDCNTTCB -SPKTVL','20/9/2018','Tự do','','',NULL),(460,3,517,'K008CB030',NULL,'27575','25/7/2018',500000,6.5,8,14.5,'CB01453','965/18-UDCNTTCB -SPKTVL','20/9/2018','Tự do','','',NULL),(461,3,518,'K008CB031',NULL,'27614','27/7/2018',500000,7,5.5,12.5,'CB01454','966/18-UDCNTTCB -SPKTVL','20/9/2018','Tự do','','SV làm đơn điều chỉnh là 14/01/1996',NULL),(462,3,519,'K008CB032',NULL,'27582','25/7/2018',500000,6.5,7,13.5,'CB01455','967/18-UDCNTTCB -SPKTVL','20/9/2018','Tự do','','',NULL),(463,3,520,'K008CB033',NULL,'27596','27/7/2018',500000,7,9,16,'CB01456','968/18-UDCNTTCB -SPKTVL','20/9/2018','Tự do','','',NULL),(464,3,521,'K008CB034',NULL,'27590','25/7/2018',500000,3.5,5,8.5,NULL,NULL,NULL,'Tự do','',NULL,NULL),(465,3,522,'K008CB035',NULL,'27568','25/7/2018',250000,6.5,7.5,14,'CB01457','969/18-UDCNTTCB -SPKTVL','20/9/2018','HVTTK8','','',NULL),(466,3,377,'K008CB036',NULL,'27571','25/7/2018',250000,6,7.5,13.5,'CB01458','970/18-UDCNTTCB -SPKTVL','20/9/2018','HVTTK7','','',NULL),(467,3,524,'K008CB037',NULL,'27616','27/7/2018',250000,4.5,0,4.5,NULL,NULL,NULL,'HVTTK8','Vắng thi TH',NULL,NULL),(468,3,525,'K008CB038',NULL,'27554','23/7/2018',500000,6,6,12,'CB01459','971/18-UDCNTTCB -SPKTVL','20/9/2018','Tự do','','',NULL),(469,3,526,'K008CB039',NULL,'27580','25/7/2018',500000,6,8,14,'CB01460','972/18-UDCNTTCB -SPKTVL','20/9/2018','Tự do','','',NULL),(470,3,527,'K008CB040',NULL,'27556','23/7/2018',500000,4.5,0,4.5,NULL,NULL,NULL,'Tự do','Vắng thi TH',NULL,NULL),(471,3,528,'K008CB041',NULL,'27579','25/7/2018',500000,7.5,5,12.5,'CB01461','973/18-UDCNTTCB -SPKTVL','20/9/2018','Tự do','','',NULL),(472,3,529,'K008CB042',NULL,'27585','25/7/2018',500000,4.5,5,9.5,NULL,NULL,NULL,'Tự do','',NULL,NULL),(473,3,388,'K008CB043',NULL,'27552','23/7/2018',250000,5.5,8.5,14,'CB01462','974/18-UDCNTTCB -SPKTVL','20/9/2018','HVTTK7','','',NULL),(474,3,531,'K008CB044',NULL,'27599','27/7/2018',500000,6.5,6,12.5,'CB01463','975/18-UDCNTTCB -SPKTVL','20/9/2018','Tự do','','',NULL),(475,3,401,'K008CB045',NULL,'27572','25/7/2018',250000,6,3.5,9.5,NULL,NULL,NULL,'HVTTK7','',NULL,NULL),(476,3,533,'K008CB046',NULL,'27591','25/7/2018',500000,6,6.5,12.5,'CB01464','976/18-UDCNTTCB -SPKTVL','20/9/2018','Tự do','','',NULL),(477,3,534,'K008CB047',NULL,'27613','27/7/2018',250000,8.5,8.5,17,'CB01465','977/18-UDCNTTCB -SPKTVL','20/9/2018','CBVC-K.SP','','',NULL),(478,3,535,'K008CB048',NULL,'27610','27/7/2018',500000,8.5,7.5,16,'CB01466','978/18-UDCNTTCB -SPKTVL','20/9/2018','Tự do','','',NULL),(479,3,536,'K008CB049',NULL,'27563','24/7/2018',500000,6.5,7.5,14,'CB01467','979/18-UDCNTTCB -SPKTVL','20/9/2018','Tự do','','',NULL),(480,3,537,'K008CB050',NULL,'27555','23/7/2018',500000,6.5,8,14.5,'CB01468','980/18-UDCNTTCB -SPKTVL','20/9/2018','Tự do','','',NULL),(481,3,538,'K008CB051',NULL,'27565','24/7/2018',500000,6.5,7,13.5,'CB01469','981/18-UDCNTTCB -SPKTVL','20/9/2018','Tự do','','',NULL),(482,3,428,'K008CB052',NULL,'27570','25/7/2018',250000,5.5,6.5,12,'CB01470','982/18-UDCNTTCB -SPKTVL','20/9/2018','HVTTK7','','',NULL),(483,3,540,'K008CB053',NULL,'27561','23/7/2018',500000,5.5,8,13.5,'CB01471','983/18-UDCNTTCB -SPKTVL','20/9/2018','Tự do','','',NULL),(484,3,434,'K008CB054',NULL,'27573','25/7/2018',250000,7.5,8.5,16,'CB01472','984/18-UDCNTTCB -SPKTVL','20/9/2018','HVTTK7','','',NULL),(485,3,542,'K008CB055',NULL,'27619','30/7/2018',500000,6.5,7,13.5,'CB01473','985/18-UDCNTTCB -SPKTVL','20/9/2018','Tự do','','',NULL),(486,3,543,'K008CB056',NULL,'27584','25/7/2018',500000,5.5,6.5,12,'CB01474','986/18-UDCNTTCB -SPKTVL','20/9/2018','Tự do','','',NULL),(487,3,544,'K008CB057',NULL,'27602','27/7/2018',500000,5.5,6,11.5,'CB01475','987/18-UDCNTTCB -SPKTVL','20/9/2018','Tự do','','',NULL),(488,3,545,'K008CB058',NULL,'27618','30/7/2018',250000,7.5,7,14.5,'CB01476','988/18-UDCNTTCB -SPKTVL','20/9/2018','CBVC-P.ĐT','','',NULL),(489,3,449,'K008CB059',NULL,'27598','27/7/2018',250000,6.5,5.5,12,'CB01477','989/18-UDCNTTCB -SPKTVL','20/9/2018','HVTTK7','','',NULL),(490,3,450,'K008CB060',NULL,'27551','23/7/2018',500000,5.5,6,11.5,'CB01478','990/18-UDCNTTCB -SPKTVL','20/9/2018','Tự do','','',NULL),(491,3,548,'K008CB061',NULL,'27604','27/7/2018',500000,5.5,6.5,12,'CB01479','991/18-UDCNTTCB -SPKTVL','20/9/2018','Tự do','','',NULL),(492,3,549,'K008CB062',NULL,'27593','25/7/2018',500000,4,5.5,9.5,NULL,NULL,NULL,'Tự do','',NULL,NULL),(493,3,550,'K008CB063',NULL,'27574','25/7/2018',250000,7.5,8,15.5,'CB01480','992/18-UDCNTTCB -SPKTVL','20/9/2018','CBVC-K.SP','','',NULL),(494,3,470,'K008CB064',NULL,'27605','27/7/2018',250000,6.5,8,14.5,'CB01481','993/18-UDCNTTCB -SPKTVL','20/9/2018','HVTTK7','','',NULL),(495,3,552,'K008CB065',NULL,'27617','30/7/2018',500000,7,5.5,12.5,'CB01482','994/18-UDCNTTCB -SPKTVL','20/9/2018','Tự do','','',NULL),(496,3,553,'K008CB066',NULL,'27559','23/7/2018',500000,4.5,7.5,12,NULL,NULL,NULL,'Tự do','',NULL,NULL),(497,3,554,'K008CB067',NULL,'27608','27/7/2018',250000,5.5,5.5,11,'CB01483','995/18-UDCNTTCB -SPKTVL','20/9/2018','HVTTK4','','',NULL),(498,3,555,'K008CB068',NULL,'27620','30/7/2018',500000,7.5,9.5,17,'CB01484','996/18-UDCNTTCB -SPKTVL','20/9/2018','Tự do','','',NULL),(1657,5,1969,NULL,NULL,NULL,NULL,NULL,6.7,9.3,16,'CB00001','01/17-UDCNTTCB-SPKTVL','25/04/2017',NULL,NULL,'',NULL),(1658,5,1970,NULL,NULL,NULL,NULL,NULL,6.3,6.8,13.1,'CB00002','02/17-UDCNTTCB-SPKTVL','25/04/2017',NULL,NULL,'',NULL),(1659,5,1971,NULL,NULL,NULL,NULL,NULL,6.3,6.8,13.1,'CB00003','03/17-UDCNTTCB-SPKTVL','25/04/2017',NULL,NULL,'',NULL),(1660,5,1972,NULL,NULL,NULL,NULL,NULL,5.7,8.5,14.2,'CB00004','04/17-UDCNTTCB-SPKTVL','25/04/2017',NULL,NULL,'',NULL),(1661,5,1973,NULL,NULL,NULL,NULL,NULL,5,7.5,12.5,'CB00005','05/17-UDCNTTCB-SPKTVL','25/04/2017',NULL,NULL,'',NULL),(1662,5,1974,NULL,NULL,NULL,NULL,NULL,7.3,9,16.3,'CB00006','06/17-UDCNTTCB-SPKTVL','25/04/2017',NULL,NULL,'',NULL),(1663,5,1975,NULL,NULL,NULL,NULL,NULL,7.3,8.3,15.6,'CB00007','07/17-UDCNTTCB-SPKTVL','25/04/2017',NULL,NULL,'',NULL),(1664,5,1976,NULL,NULL,NULL,NULL,NULL,6.3,6,12.3,'CB00008','08/17-UDCNTTCB-SPKTVL','25/04/2017',NULL,NULL,'',NULL),(1665,5,1977,NULL,NULL,NULL,NULL,NULL,6,6.3,12.3,'CB00009','09/17-UDCNTTCB-SPKTVL','25/04/2017',NULL,NULL,'',NULL),(1666,5,1978,NULL,NULL,NULL,NULL,NULL,7.7,9.3,17,'CB00010','10/17-UDCNTTCB-SPKTVL','25/04/2017',NULL,NULL,'',NULL),(1667,5,1979,NULL,NULL,NULL,NULL,NULL,5,5,10,'CB00011','11/17-UDCNTTCB-SPKTVL','25/04/2017',NULL,NULL,'',NULL),(1668,5,1980,NULL,NULL,NULL,NULL,NULL,6,8,14,'CB00012','12/17-UDCNTTCB-SPKTVL','25/04/2017',NULL,NULL,'',NULL),(1669,5,1981,NULL,NULL,NULL,NULL,NULL,9,10,19,'CB00013','13/17-UDCNTTCB-SPKTVL','25/04/2017',NULL,NULL,'',NULL),(1670,5,1982,NULL,NULL,NULL,NULL,NULL,6.7,8.5,15.2,'CB00014','14/17-UDCNTTCB-SPKTVL','25/04/2017',NULL,NULL,'',NULL),(1671,5,1983,NULL,NULL,NULL,NULL,NULL,8.7,9.5,18.2,'CB00015','15/17-UDCNTTCB-SPKTVL','25/04/2017',NULL,NULL,'',NULL),(1672,5,1984,NULL,NULL,NULL,NULL,NULL,6,7.3,13.3,'CB00016','16/17-UDCNTTCB-SPKTVL','25/04/2017',NULL,NULL,'',NULL),(1673,5,1985,NULL,NULL,NULL,NULL,NULL,9,7.8,16.8,'CB00017','17/17-UDCNTTCB-SPKTVL','25/04/2017',NULL,NULL,'',NULL),(1674,5,1986,NULL,NULL,NULL,NULL,NULL,9.3,5.5,14.8,'CB00018','18/17-UDCNTTCB-SPKTVL','25/04/2017',NULL,NULL,'',NULL),(1675,5,1987,NULL,NULL,NULL,NULL,NULL,9.3,7,16.3,'CB00019','19/17-UDCNTTCB-SPKTVL','25/04/2017',NULL,NULL,'',NULL),(1676,5,1988,NULL,NULL,NULL,NULL,NULL,6.3,6.8,13.1,'CB00020','20/17-UDCNTTCB-SPKTVL','25/04/2017',NULL,NULL,'',NULL),(1677,5,1989,NULL,NULL,NULL,NULL,NULL,7,5,12,'CB00021','21/17-UDCNTTCB-SPKTVL','25/04/2017',NULL,NULL,'',NULL),(1678,5,1990,NULL,NULL,NULL,NULL,NULL,6.7,5.5,12.2,'CB00022','22/17-UDCNTTCB-SPKTVL','25/04/2017',NULL,NULL,'',NULL),(1679,5,1991,NULL,NULL,NULL,NULL,NULL,7,7.8,14.8,'CB00023','23/17-UDCNTTCB-SPKTVL','25/04/2017',NULL,NULL,'',NULL),(1680,5,1992,NULL,NULL,NULL,NULL,NULL,9,8.5,17.5,'CB00024','24/17-UDCNTTCB-SPKTVL','25/04/2017',NULL,NULL,'',NULL),(1681,5,1993,NULL,NULL,NULL,NULL,NULL,9,7.3,16.3,'CB00025','25/17-UDCNTTCB-SPKTVL','25/04/2017',NULL,NULL,'',NULL),(1682,5,1994,NULL,NULL,NULL,NULL,NULL,8,8,16,'CB00026','26/17-UDCNTTCB-SPKTVL','25/04/2017',NULL,NULL,'',NULL),(1683,5,1995,NULL,NULL,NULL,NULL,NULL,8.7,7.3,16,'CB00027','27/17-UDCNTTCB-SPKTVL','25/04/2017',NULL,NULL,'',NULL),(1684,5,1996,NULL,NULL,NULL,NULL,NULL,8.7,5,13.7,'CB00028','28/17-UDCNTTCB-SPKTVL','25/04/2017',NULL,NULL,'',NULL),(1685,5,1997,NULL,NULL,NULL,NULL,NULL,9.7,7.8,17.5,'CB00029','29/17-UDCNTTCB-SPKTVL','25/04/2017',NULL,NULL,'',NULL),(1686,5,1998,NULL,NULL,NULL,NULL,NULL,7.7,7.3,15,'CB00030','30/17-UDCNTTCB-SPKTVL','25/04/2017',NULL,NULL,'',NULL),(1687,5,1999,NULL,NULL,NULL,NULL,NULL,8.3,8.3,16.6,'CB00031','31/17-UDCNTTCB-SPKTVL','25/04/2017',NULL,NULL,'',NULL),(1688,5,2000,NULL,NULL,NULL,NULL,NULL,5.7,7.3,13,'CB00032','32/17-UDCNTTCB-SPKTVL','25/04/2017',NULL,NULL,'',NULL),(1689,5,2001,NULL,NULL,NULL,NULL,NULL,8.3,5.5,13.8,'CB00033','33/17-UDCNTTCB-SPKTVL','25/04/2017',NULL,NULL,'',NULL),(1690,5,2002,NULL,NULL,NULL,NULL,NULL,8,8.5,16.5,'CB00034','34/17-UDCNTTCB-SPKTVL','25/04/2017',NULL,NULL,'',NULL),(1691,5,2003,NULL,NULL,NULL,NULL,NULL,8.7,8.8,17.5,'CB00035','35/17-UDCNTTCB-SPKTVL','25/04/2017',NULL,NULL,'',NULL),(1692,5,2004,NULL,NULL,NULL,NULL,NULL,8.7,5.8,14.5,'CB00036','36/17-UDCNTTCB-SPKTVL','25/04/2017',NULL,NULL,'',NULL),(1693,5,2005,NULL,NULL,NULL,NULL,NULL,6.7,9,15.7,'CB00037','37/17-UDCNTTCB-SPKTVL','25/04/2017',NULL,NULL,'',NULL),(1694,5,2006,NULL,NULL,NULL,NULL,NULL,9.3,6.5,15.8,'CB00038','38/17-UDCNTTCB-SPKTVL','25/04/2017',NULL,NULL,'',NULL),(1695,5,2007,NULL,NULL,NULL,NULL,NULL,9,6.3,15.3,'CB00039','39/17-UDCNTTCB-SPKTVL','25/04/2017',NULL,NULL,'',NULL),(1696,5,2008,NULL,NULL,NULL,NULL,NULL,9,9.3,18.3,'CB00040','40/17-UDCNTTCB-SPKTVL','25/04/2017',NULL,NULL,'',NULL),(1697,5,2009,NULL,NULL,NULL,NULL,NULL,6,8,14,'CB00041','41/17-UDCNTTCB-SPKTVL','25/04/2017',NULL,NULL,'',NULL),(1698,5,2010,NULL,NULL,NULL,NULL,NULL,8.3,5,13.3,'CB00042','42/17-UDCNTTCB-SPKTVL','25/04/2017',NULL,NULL,'',NULL),(1699,5,2011,NULL,NULL,NULL,NULL,NULL,8.7,8.5,17.2,'CB00043','43/17-UDCNTTCB-SPKTVL','25/04/2017',NULL,NULL,'',NULL),(1700,5,2012,NULL,NULL,NULL,NULL,NULL,5.3,7.3,12.6,'CB00044','44/17-UDCNTTCB-SPKTVL','25/04/2017',NULL,NULL,'',NULL),(1701,5,2013,NULL,NULL,NULL,NULL,NULL,5.7,8.3,14,'CB00045','45/17-UDCNTTCB-SPKTVL','25/04/2017',NULL,NULL,'',NULL),(1702,5,2014,NULL,NULL,NULL,NULL,NULL,8.3,7,15.3,'CB00046','46/17-UDCNTTCB-SPKTVL','25/04/2017',NULL,NULL,'',NULL),(1703,5,2015,NULL,NULL,NULL,NULL,NULL,8,8,16,'CB00047','47/17-UDCNTTCB-SPKTVL','25/04/2017',NULL,NULL,'',NULL),(1704,5,2016,NULL,NULL,NULL,NULL,NULL,8,6.5,14.5,'CB00048','48/17-UDCNTTCB-SPKTVL','25/04/2017',NULL,NULL,'',NULL),(1705,5,2017,NULL,NULL,NULL,NULL,NULL,9.3,7,16.3,'CB00049','49/17-UDCNTTCB-SPKTVL','25/04/2017',NULL,NULL,'',NULL),(1706,5,2018,NULL,NULL,NULL,NULL,NULL,5.3,5.3,10.6,'CB00050','50/17-UDCNTTCB-SPKTVL','25/04/2017',NULL,NULL,'',NULL),(1707,5,2019,NULL,NULL,NULL,NULL,NULL,8,6.5,14.5,'CB00051','51/17-UDCNTTCB-SPKTVL','25/04/2017',NULL,NULL,'',NULL),(1708,5,2020,NULL,NULL,NULL,NULL,NULL,6.7,7.8,14.5,'CB00052','52/17-UDCNTTCB-SPKTVL','25/04/2017',NULL,NULL,'',NULL),(1709,5,2021,NULL,NULL,NULL,NULL,NULL,5.7,7.5,13.2,'CB00053','53/17-UDCNTTCB-SPKTVL','25/04/2017',NULL,NULL,'',NULL),(1710,5,2022,NULL,NULL,NULL,NULL,NULL,8,7,15,'CB00054','54/17-UDCNTTCB-SPKTVL','25/04/2017',NULL,NULL,'',NULL),(1711,5,2023,NULL,NULL,NULL,NULL,NULL,6.7,5.5,12.2,'CB00055','55/17-UDCNTTCB-SPKTVL','25/04/2017',NULL,NULL,'',NULL),(1712,5,2024,NULL,NULL,NULL,NULL,NULL,9,6,15,'CB00056','56/17-UDCNTTCB-SPKTVL','25/04/2017',NULL,NULL,'',NULL),(1713,5,2025,NULL,NULL,NULL,NULL,NULL,9.3,5.3,14.6,'CB00057','57/17-UDCNTTCB-SPKTVL','25/04/2017',NULL,NULL,'',NULL),(1714,5,2026,NULL,NULL,NULL,NULL,NULL,9.3,7.3,16.6,'CB00058','58/17-UDCNTTCB-SPKTVL','25/04/2017',NULL,NULL,'',NULL),(1715,5,2027,NULL,NULL,NULL,NULL,NULL,8.7,6.3,15,'CB00059','59/17-UDCNTTCB-SPKTVL','25/04/2017',NULL,NULL,'',NULL),(1716,5,2028,NULL,NULL,NULL,NULL,NULL,6,7.8,13.8,'CB00060','60/17-UDCNTTCB-SPKTVL','25/04/2017',NULL,NULL,'',NULL),(1717,5,2029,NULL,NULL,NULL,NULL,NULL,9,7.5,16.5,'CB00061','61/17-UDCNTTCB-SPKTVL','25/04/2017',NULL,NULL,'',NULL),(1718,5,2030,NULL,NULL,NULL,NULL,NULL,9.3,6.5,15.8,'CB00062','62/17-UDCNTTCB-SPKTVL','25/04/2017',NULL,NULL,'',NULL),(1719,5,2031,NULL,NULL,NULL,NULL,NULL,6.3,6.8,13.1,'CB00063','63/17-UDCNTTCB-SPKTVL','25/04/2017',NULL,NULL,'',NULL),(1720,5,2032,NULL,NULL,NULL,NULL,NULL,5.3,6.5,11.8,'CB00064','64/17-UDCNTTCB-SPKTVL','25/04/2017',NULL,NULL,'',NULL),(1721,5,2033,NULL,NULL,NULL,NULL,NULL,7.7,5.8,13.5,'CB00065','65/17-UDCNTTCB-SPKTVL','25/04/2017',NULL,NULL,'',NULL),(1722,5,2034,NULL,NULL,NULL,NULL,NULL,5,5,10,'CB00066','66/17-UDCNTTCB-SPKTVL','25/04/2017',NULL,NULL,'',NULL),(1723,5,2035,NULL,NULL,NULL,NULL,NULL,6,8.5,14.5,'CB00067','67/17-UDCNTTCB-SPKTVL','25/04/2017',NULL,NULL,'',NULL),(1724,5,2036,NULL,NULL,NULL,NULL,NULL,6.3,9.8,16.1,'CB00068','68/17-UDCNTTCB-SPKTVL','25/04/2017',NULL,NULL,'',NULL),(1725,5,2037,NULL,NULL,NULL,NULL,NULL,7,6.5,13.5,'CB00069','69/17-UDCNTTCB-SPKTVL','25/04/2017',NULL,NULL,'',NULL),(1784,6,2096,'K002CB004',NULL,NULL,NULL,NULL,5.3,5.8,11.1,'CB00070','70/17-UDCNTTCB-SPKTVL','16/05/2017',NULL,NULL,'',NULL),(1785,6,2097,'K002CB006',NULL,NULL,NULL,NULL,5,6.8,11.8,'CB00071','71/17-UDCNTTCB-SPKTVL','16/05/2017',NULL,NULL,'',NULL),(1786,6,2098,'K002CB007',NULL,NULL,NULL,NULL,6.7,7.8,14.5,'CB00072','72/17-UDCNTTCB-SPKTVL','16/05/2017',NULL,NULL,'',NULL),(1787,6,2099,'K002CB009',NULL,NULL,NULL,NULL,5.3,6.5,11.8,'CB00073','73/17-UDCNTTCB-SPKTVL','16/05/2017',NULL,NULL,'',NULL),(1788,6,2100,'K002CB013',NULL,NULL,NULL,NULL,6.3,5.8,12.1,'CB00074','74/17-UDCNTTCB-SPKTVL','16/05/2017',NULL,NULL,'',NULL),(1789,6,2101,'K002CB014',NULL,NULL,NULL,NULL,5.7,5,10.7,'CB00075','75/17-UDCNTTCB-SPKTVL','16/05/2017',NULL,NULL,'',NULL),(1790,6,2102,'K002CB015',NULL,NULL,NULL,NULL,6,9,15,'CB00076','76/17-UDCNTTCB-SPKTVL','16/05/2017',NULL,NULL,'',NULL),(1791,6,2103,'K002CB021',NULL,NULL,NULL,NULL,5.3,6.8,12.1,'CB00077','77/17-UDCNTTCB-SPKTVL','16/05/2017',NULL,NULL,'',NULL),(1792,6,2104,'K002CB023',NULL,NULL,NULL,NULL,6.3,7.5,13.8,'CB00078','78/17-UDCNTTCB-SPKTVL','16/05/2017',NULL,NULL,'',NULL),(1793,6,2105,'K002CB025',NULL,NULL,NULL,NULL,6,9.5,15.5,'CB00079','79/17-UDCNTTCB-SPKTVL','16/05/2017',NULL,NULL,'',NULL),(1794,6,2106,'K002CB028',NULL,NULL,NULL,NULL,6,7,13,'CB00080','80/17-UDCNTTCB-SPKTVL','16/05/2017',NULL,NULL,'',NULL),(1795,6,2107,'K002CB030',NULL,NULL,NULL,NULL,5.7,6,11.7,'CB00081','81/17-UDCNTTCB-SPKTVL','16/05/2017',NULL,NULL,'',NULL),(1796,6,2108,'K002CB031',NULL,NULL,NULL,NULL,5.7,6.3,12,'CB00082','82/17-UDCNTTCB-SPKTVL','16/05/2017',NULL,NULL,'',NULL),(1797,6,2109,'K002CB032',NULL,NULL,NULL,NULL,6.3,5.5,11.8,'CB00083','83/17-UDCNTTCB-SPKTVL','16/05/2017',NULL,NULL,'',NULL),(1798,6,2110,'K002CB034',NULL,NULL,NULL,NULL,6.7,5.8,12.5,'CB00084','84/17-UDCNTTCB-SPKTVL','16/05/2017',NULL,NULL,'',NULL),(1799,6,2111,'K002CB035',NULL,NULL,NULL,NULL,6,7.8,13.8,'CB00085','85/17-UDCNTTCB-SPKTVL','16/05/2017',NULL,NULL,'',NULL),(1800,6,2112,'K002CB040',NULL,NULL,NULL,NULL,6.3,5.8,12.1,'CB00086','86/17-UDCNTTCB-SPKTVL','16/05/2017',NULL,NULL,'',NULL),(1801,6,2113,'K002CB041',NULL,NULL,NULL,NULL,6.3,8.5,14.8,'CB00087','87/17-UDCNTTCB-SPKTVL','16/05/2017',NULL,NULL,'',NULL),(1802,6,2114,'K002CB043',NULL,NULL,NULL,NULL,6,5.5,11.5,'CB00088','88/17-UDCNTTCB-SPKTVL','16/05/2017',NULL,NULL,'',NULL),(1803,6,2115,'K002CB044',NULL,NULL,NULL,NULL,6.7,7.5,14.2,'CB00089','89/17-UDCNTTCB-SPKTVL','16/05/2017',NULL,NULL,'',NULL),(1804,6,2116,'K002CB045',NULL,NULL,NULL,NULL,6,6.8,12.8,'CB00090','90/17-UDCNTTCB-SPKTVL','16/05/2017',NULL,NULL,'',NULL),(1805,6,2117,'K002CB046',NULL,NULL,NULL,NULL,5.3,6.5,11.8,'CB00091','91/17-UDCNTTCB-SPKTVL','16/05/2017',NULL,NULL,'',NULL),(1806,6,2118,'K002CB052',NULL,NULL,NULL,NULL,6.3,5.3,11.6,'CB00092','92/17-UDCNTTCB-SPKTVL','16/05/2017',NULL,NULL,'',NULL),(1807,6,2119,'K002CB054',NULL,NULL,NULL,NULL,7.3,10,17.3,'CB00093','93/17-UDCNTTCB-SPKTVL','16/05/2017',NULL,NULL,'',NULL),(1808,6,2120,'K002CB056',NULL,NULL,NULL,NULL,6.3,5,11.3,'CB00094','94/17-UDCNTTCB-SPKTVL','16/05/2017',NULL,NULL,'',NULL),(1809,6,2121,'K002CB057',NULL,NULL,NULL,NULL,5.7,5,10.7,'CB00095','95/17-UDCNTTCB-SPKTVL','16/05/2017',NULL,NULL,'',NULL),(1810,6,2122,'K002CB060',NULL,NULL,NULL,NULL,5.3,6.3,11.6,'CB00096','96/17-UDCNTTCB-SPKTVL','16/05/2017',NULL,NULL,'',NULL),(1811,6,2123,'K002CB063',NULL,NULL,NULL,NULL,6.7,6,12.7,'CB00097','97/17-UDCNTTCB-SPKTVL','16/05/2017',NULL,NULL,'',NULL),(1812,6,2124,'K002CB064',NULL,NULL,NULL,NULL,7.7,8,15.7,'CB00098','98/17-UDCNTTCB-SPKTVL','16/05/2017',NULL,NULL,'',NULL),(1813,6,2125,'K002CB070',NULL,NULL,NULL,NULL,6.3,6.3,12.6,'CB00099','99/17-UDCNTTCB-SPKTVL','16/05/2017',NULL,NULL,'',NULL),(1814,6,2126,'K002CB071',NULL,NULL,NULL,NULL,5.3,5,10.3,'CB00100','100/17-UDCNTTCB-SPKTVL','16/05/2017',NULL,NULL,'',NULL),(1815,6,2127,'K002CB073',NULL,NULL,NULL,NULL,6.7,7.5,14.2,'CB00101','101/17-UDCNTTCB-SPKTVL','16/05/2017',NULL,NULL,'',NULL),(1816,6,2128,'K002CB074',NULL,NULL,NULL,NULL,5.7,6.8,12.5,'CB00102','102/17-UDCNTTCB-SPKTVL','16/05/2017',NULL,NULL,'',NULL),(1817,6,2129,'K002CB075',NULL,NULL,NULL,NULL,6,7.3,13.3,'CB00103','103/17-UDCNTTCB-SPKTVL','16/05/2017',NULL,NULL,'',NULL),(1818,6,2130,'K002CB079',NULL,NULL,NULL,NULL,5.7,6.8,12.5,'CB00104','104/17-UDCNTTCB-SPKTVL','16/05/2017',NULL,NULL,'',NULL),(1819,6,2131,'K002CB080',NULL,NULL,NULL,NULL,6.3,7,13.3,'CB00105','105/17-UDCNTTCB-SPKTVL','16/05/2017',NULL,NULL,'',NULL),(1820,6,2132,'K002CB082',NULL,NULL,NULL,NULL,6.3,9.3,15.6,'CB00106','106/17-UDCNTTCB-SPKTVL','16/05/2017',NULL,NULL,'',NULL),(1821,6,2133,'K002CB084',NULL,NULL,NULL,NULL,5.7,6.8,12.5,'CB00107','107/17-UDCNTTCB-SPKTVL','16/05/2017',NULL,NULL,'',NULL),(1822,6,2134,'K002CB087',NULL,NULL,NULL,NULL,5.3,5.5,10.8,'CB00108','108/17-UDCNTTCB-SPKTVL','16/05/2017',NULL,NULL,'',NULL),(1823,6,2135,'K002CB088',NULL,NULL,NULL,NULL,6.7,5,11.7,'CB00109','109/17-UDCNTTCB-SPKTVL','16/05/2017',NULL,NULL,'',NULL),(1824,6,2136,'K002CB089',NULL,NULL,NULL,NULL,6.3,7.5,13.8,'CB00110','110/17-UDCNTTCB-SPKTVL','16/05/2017',NULL,NULL,'',NULL),(1825,6,2137,'K002CB091',NULL,NULL,NULL,NULL,5.3,6,11.3,'CB00111','111/17-UDCNTTCB-SPKTVL','16/05/2017',NULL,NULL,'',NULL),(1826,6,2138,'K002CB093',NULL,NULL,NULL,NULL,7.3,7.3,14.6,'CB00112','112/17-UDCNTTCB-SPKTVL','16/05/2017',NULL,NULL,'',NULL),(1827,6,2139,'K002CB094',NULL,NULL,NULL,NULL,5,7,12,'CB00113','113/17-UDCNTTCB-SPKTVL','16/05/2017',NULL,NULL,'',NULL),(1828,6,2140,'K002CB097',NULL,NULL,NULL,NULL,6,5,11,'CB00114','114/17-UDCNTTCB-SPKTVL','16/05/2017',NULL,NULL,'',NULL),(1829,6,2141,'K002CB098',NULL,NULL,NULL,NULL,5.3,6.3,11.6,'CB00115','115/17-UDCNTTCB-SPKTVL','16/05/2017',NULL,NULL,'',NULL),(1830,6,2142,'K002CB100',NULL,NULL,NULL,NULL,5.7,6,11.7,'CB00116','116/17-UDCNTTCB-SPKTVL','16/05/2017',NULL,NULL,'',NULL),(1831,6,2143,'K002CB101',NULL,NULL,NULL,NULL,5,5,10,'CB00117','117/17-UDCNTTCB-SPKTVL','16/05/2017',NULL,NULL,'',NULL),(1832,6,2144,'K002CB105',NULL,NULL,NULL,NULL,6.7,7,13.7,'CB00118','118/17-UDCNTTCB-SPKTVL','16/05/2017',NULL,NULL,'',NULL),(1833,6,2145,'K002CB106',NULL,NULL,NULL,NULL,7.3,8,15.3,'CB00119','119/17-UDCNTTCB-SPKTVL','16/05/2017',NULL,NULL,'',NULL),(1834,6,2146,'K002CB110',NULL,NULL,NULL,NULL,7,5,12,'CB00120','120/17-UDCNTTCB-SPKTVL','16/05/2017',NULL,NULL,'',NULL),(1835,6,2147,'K002CB112',NULL,NULL,NULL,NULL,6,8.8,14.8,'CB00121','121/17-UDCNTTCB-SPKTVL','16/05/2017',NULL,NULL,'',NULL),(1836,6,2148,'K002CB113',NULL,NULL,NULL,NULL,7.7,8.5,16.2,'CB00122','122/17-UDCNTTCB-SPKTVL','16/05/2017',NULL,NULL,'',NULL),(1837,6,2149,'K002CB116',NULL,NULL,NULL,NULL,7.3,7.5,14.8,'CB00123','123/17-UDCNTTCB-SPKTVL','16/05/2017',NULL,NULL,'',NULL),(1838,6,2150,'K002CB118',NULL,NULL,NULL,NULL,7,9,16,'CB00124','124/17-UDCNTTCB-SPKTVL','16/05/2017',NULL,NULL,'',NULL),(1839,6,2151,'K002CB119',NULL,NULL,NULL,NULL,5,5,10,'CB00125','125/17-UDCNTTCB-SPKTVL','16/05/2017',NULL,NULL,'',NULL),(1840,6,2152,'K002CB120',NULL,NULL,NULL,NULL,5.7,7.5,13.2,'CB00126','126/17-UDCNTTCB-SPKTVL','16/05/2017',NULL,NULL,'',NULL),(1841,6,2153,'K002CB123',NULL,NULL,NULL,NULL,5,5.8,10.8,'CB00127','127/17-UDCNTTCB-SPKTVL','16/05/2017',NULL,NULL,'',NULL),(1842,7,2154,'K003CB001',NULL,NULL,NULL,NULL,6,8.5,14.5,'CB00128','128/17-UDCNTTCB-SPKTVL','15/07/2017',NULL,NULL,'',NULL),(1843,7,2155,'K003CB002',NULL,NULL,NULL,NULL,5.5,8.5,14,'CB00129','129/17-UDCNTTCB-SPKTVL','15/07/2017',NULL,NULL,'',NULL),(1844,7,2156,'K003CB003',NULL,NULL,NULL,NULL,6.5,6,12.5,'CB00130','130/17-UDCNTTCB-SPKTVL','15/07/2017',NULL,NULL,'',NULL),(1845,7,2157,'K003CB004',NULL,NULL,NULL,NULL,5.5,8,13.5,'CB00131','131/17-UDCNTTCB-SPKTVL','15/07/2017',NULL,NULL,'',NULL),(1846,7,2158,'K003CB005',NULL,NULL,NULL,NULL,5.5,9,14.5,'CB00132','132/17-UDCNTTCB-SPKTVL','15/07/2017',NULL,NULL,'',NULL),(1847,7,2159,'K003CB006',NULL,NULL,NULL,NULL,6,9,15,'CB00133','133/17-UDCNTTCB-SPKTVL','15/07/2017',NULL,NULL,'',NULL),(1848,7,2160,'K003CB007',NULL,NULL,NULL,NULL,7,10,17,'CB00134','134/17-UDCNTTCB-SPKTVL','15/07/2017',NULL,NULL,'',NULL),(1849,7,2161,'K003CB008',NULL,NULL,NULL,NULL,6.5,9,15.5,'CB00135','135/17-UDCNTTCB-SPKTVL','15/07/2017',NULL,NULL,'',NULL),(1850,7,2162,'K003CB009',NULL,NULL,NULL,NULL,6,8.5,14.5,'CB00136','136/17-UDCNTTCB-SPKTVL','15/07/2017',NULL,NULL,'',NULL),(1851,7,2163,'K003CB010',NULL,NULL,NULL,NULL,5.5,8.5,14,'CB00137','137/17-UDCNTTCB-SPKTVL','15/07/2017',NULL,NULL,'',NULL),(1852,7,2164,'K003CB011',NULL,NULL,NULL,NULL,6.5,6,12.5,'CB00138','138/17-UDCNTTCB-SPKTVL','15/07/2017',NULL,NULL,'',NULL),(1853,7,2165,'K003CB012',NULL,NULL,NULL,NULL,8,9.5,17.5,'CB00139','139/17-UDCNTTCB-SPKTVL','15/07/2017',NULL,NULL,'',NULL),(1854,7,2166,'K003CB013',NULL,NULL,NULL,NULL,8,6,14,'CB00140','140/17-UDCNTTCB-SPKTVL','15/07/2017',NULL,NULL,'',NULL),(1855,7,2167,'K003CB014',NULL,NULL,NULL,NULL,7.5,6.5,14,'CB00141','141/17-UDCNTTCB-SPKTVL','15/07/2017',NULL,NULL,'',NULL),(1856,7,2168,'K003CB015',NULL,NULL,NULL,NULL,6,7.5,13.5,'CB00142','142/17-UDCNTTCB-SPKTVL','15/07/2017',NULL,NULL,'',NULL),(1857,7,2169,'K003CB016',NULL,NULL,NULL,NULL,7.5,7.5,15,'CB00143','143/17-UDCNTTCB-SPKTVL','15/07/2017',NULL,NULL,'',NULL),(1858,7,2170,'K003CB017',NULL,NULL,NULL,NULL,6.5,7.5,14,'CB00144','144/17-UDCNTTCB-SPKTVL','15/07/2017',NULL,NULL,'',NULL),(1859,7,2171,'K003CB018',NULL,NULL,NULL,NULL,8,10,18,'CB00145','145/17-UDCNTTCB-SPKTVL','15/07/2017',NULL,NULL,'',NULL),(1860,7,2172,'K003CB019',NULL,NULL,NULL,NULL,8.5,9.5,18,'CB00146','146/17-UDCNTTCB-SPKTVL','15/07/2017',NULL,NULL,'',NULL),(1861,7,2173,'K003CB020',NULL,NULL,NULL,NULL,7,8,15,'CB00147','147/17-UDCNTTCB-SPKTVL','15/07/2017',NULL,NULL,'',NULL),(1862,7,2174,'K003CB021',NULL,NULL,NULL,NULL,8,8.5,16.5,'CB00148','148/17-UDCNTTCB-SPKTVL','15/07/2017',NULL,NULL,'',NULL),(1863,7,2175,'K003CB022',NULL,NULL,NULL,NULL,5.5,6.5,12,'CB00149','149/17-UDCNTTCB-SPKTVL','15/07/2017',NULL,NULL,'',NULL),(1864,7,2176,'K003CB023',NULL,NULL,NULL,NULL,9,9,18,'CB00150','150/17-UDCNTTCB-SPKTVL','15/07/2017',NULL,NULL,'',NULL),(1865,7,2177,'K003CB024',NULL,NULL,NULL,NULL,8.5,9.5,18,'CB00151','151/17-UDCNTTCB-SPKTVL','15/07/2017',NULL,NULL,'',NULL),(1866,7,2178,'K003CB025',NULL,NULL,NULL,NULL,6,8.5,14.5,'CB00152','152/17-UDCNTTCB-SPKTVL','15/07/2017',NULL,NULL,'',NULL),(1867,7,2179,'K003CB026',NULL,NULL,NULL,NULL,7.5,10,17.5,'CB00153','153/17-UDCNTTCB-SPKTVL','15/07/2017',NULL,NULL,'',NULL),(1868,7,2180,'K003CB027',NULL,NULL,NULL,NULL,7.5,9,16.5,'CB00154','154/17-UDCNTTCB-SPKTVL','15/07/2017',NULL,NULL,'',NULL),(1869,7,2181,'K003CB028',NULL,NULL,NULL,NULL,8,9,17,'CB00155','155/17-UDCNTTCB-SPKTVL','15/07/2017',NULL,NULL,'',NULL),(1870,7,2182,'K003CB030',NULL,NULL,NULL,NULL,7,8.5,15.5,'CB00156','156/17-UDCNTTCB-SPKTVL','15/07/2017',NULL,NULL,'',NULL),(1871,7,2183,'K003CB031',NULL,NULL,NULL,NULL,8,9,17,'CB00157','157/17-UDCNTTCB-SPKTVL','15/07/2017',NULL,NULL,'',NULL),(1872,7,2184,'K003CB032',NULL,NULL,NULL,NULL,8,9.5,17.5,'CB00158','158/17-UDCNTTCB-SPKTVL','15/07/2017',NULL,NULL,'',NULL),(1873,7,2185,'K003CB033',NULL,NULL,NULL,NULL,7,9,16,'CB00159','159/17-UDCNTTCB-SPKTVL','15/07/2017',NULL,NULL,'',NULL),(1874,7,2186,'K003CB034',NULL,NULL,NULL,NULL,5.5,7.5,13,'CB00160','160/17-UDCNTTCB-SPKTVL','15/07/2017',NULL,NULL,'',NULL),(1875,7,2187,'K003CB035',NULL,NULL,NULL,NULL,6.5,8.5,15,'CB00161','161/17-UDCNTTCB-SPKTVL','15/07/2017',NULL,NULL,'',NULL),(1876,7,2188,'K003CB036',NULL,NULL,NULL,NULL,6.5,8.5,15,'CB00162','162/17-UDCNTTCB-SPKTVL','15/07/2017',NULL,NULL,'',NULL),(1877,7,2189,'K003CB037',NULL,NULL,NULL,NULL,6.5,9,15.5,'CB00163','163/17-UDCNTTCB-SPKTVL','15/07/2017',NULL,NULL,'',NULL),(1878,7,2190,'K003CB038',NULL,NULL,NULL,NULL,6.5,7,13.5,'CB00164','164/17-UDCNTTCB-SPKTVL','15/07/2017',NULL,NULL,'',NULL),(1879,7,2191,'K003CB039',NULL,NULL,NULL,NULL,7.5,9.5,17,'CB00165','165/17-UDCNTTCB-SPKTVL','15/07/2017',NULL,NULL,'',NULL),(1880,7,2192,'K003CB040',NULL,NULL,NULL,NULL,5.5,6.5,12,'CB00166','166/17-UDCNTTCB-SPKTVL','15/07/2017',NULL,NULL,'',NULL),(1881,7,2193,'K003CB041',NULL,NULL,NULL,NULL,8.5,9,17.5,'CB00167','167/17-UDCNTTCB-SPKTVL','15/07/2017',NULL,NULL,'',NULL),(1882,7,2194,'K003CB042',NULL,NULL,NULL,NULL,8.5,8.5,17,'CB00168','168/17-UDCNTTCB-SPKTVL','15/07/2017',NULL,NULL,'',NULL),(1883,7,2195,'K003CB043',NULL,NULL,NULL,NULL,6.5,8,14.5,'CB00169','169/17-UDCNTTCB-SPKTVL','15/07/2017',NULL,NULL,'',NULL),(1884,7,2196,'K003CB044',NULL,NULL,NULL,NULL,8.5,10,18.5,'CB00170','170/17-UDCNTTCB-SPKTVL','15/07/2017',NULL,NULL,'',NULL),(1885,7,2197,'K003CB046',NULL,NULL,NULL,NULL,7,9,16,'CB00171','171/17-UDCNTTCB-SPKTVL','15/07/2017',NULL,NULL,'',NULL),(1886,7,2198,'K003CB047',NULL,NULL,NULL,NULL,8.5,9.5,18,'CB00172','172/17-UDCNTTCB-SPKTVL','15/07/2017',NULL,NULL,'',NULL),(1887,7,2199,'K003CB048',NULL,NULL,NULL,NULL,7,8.5,15.5,'CB00173','173/17-UDCNTTCB-SPKTVL','15/07/2017',NULL,NULL,'',NULL),(1888,7,2200,'K003CB049',NULL,NULL,NULL,NULL,6.5,7.5,14,'CB00174','174/17-UDCNTTCB-SPKTVL','15/07/2017',NULL,NULL,'',NULL),(1889,7,2201,'K003CB050',NULL,NULL,NULL,NULL,7.5,8,15.5,'CB00175','175/17-UDCNTTCB-SPKTVL','15/07/2017',NULL,NULL,'',NULL),(1890,7,2202,'K003CB051',NULL,NULL,NULL,NULL,7,9.5,16.5,'CB00176','176/17-UDCNTTCB-SPKTVL','15/07/2017',NULL,NULL,'',NULL),(1891,7,2203,'K003CB052',NULL,NULL,NULL,NULL,6,8,14,'CB00177','177/17-UDCNTTCB-SPKTVL','15/07/2017',NULL,NULL,'',NULL),(1892,7,2204,'K003CB054',NULL,NULL,NULL,NULL,5.5,6.5,12,'CB00178','178/17-UDCNTTCB-SPKTVL','15/07/2017',NULL,NULL,'',NULL),(1893,7,2205,'K003CB056',NULL,NULL,NULL,NULL,7.5,8,15.5,'CB00179','179/17-UDCNTTCB-SPKTVL','15/07/2017',NULL,NULL,'',NULL),(1894,7,2206,'K003CB057',NULL,NULL,NULL,NULL,5.5,9,14.5,'CB00180','180/17-UDCNTTCB-SPKTVL','15/07/2017',NULL,NULL,'',NULL),(1895,7,2207,'K003CB058',NULL,NULL,NULL,NULL,7.5,9.5,17,'CB00181','181/17-UDCNTTCB-SPKTVL','15/07/2017',NULL,NULL,'',NULL),(1896,7,2208,'K003CB059',NULL,NULL,NULL,NULL,6,9.5,15.5,'CB00182','182/17-UDCNTTCB-SPKTVL','15/07/2017',NULL,NULL,'',NULL),(1897,7,2209,'K003CB060',NULL,NULL,NULL,NULL,6.5,6,12.5,'CB00183','183/17-UDCNTTCB-SPKTVL','15/07/2017',NULL,NULL,'',NULL),(1898,7,2210,'K003CB061',NULL,NULL,NULL,NULL,5.5,7,12.5,'CB00184','184/17-UDCNTTCB-SPKTVL','15/07/2017',NULL,NULL,'',NULL),(1899,7,2211,'K003CB062',NULL,NULL,NULL,NULL,7,9.5,16.5,'CB00185','185/17-UDCNTTCB-SPKTVL','15/07/2017',NULL,NULL,'',NULL),(1900,7,2212,'K003CB063',NULL,NULL,NULL,NULL,5.5,7.5,13,'CB00186','186/17-UDCNTTCB-SPKTVL','15/07/2017',NULL,NULL,'',NULL),(1901,7,2213,'K003CB064',NULL,NULL,NULL,NULL,6.5,8.5,15,'CB00187','187/17-UDCNTTCB-SPKTVL','15/07/2017',NULL,NULL,'',NULL),(1902,7,2214,'K003CB065',NULL,NULL,NULL,NULL,5.5,9,14.5,'CB00188','188/17-UDCNTTCB-SPKTVL','15/07/2017',NULL,NULL,'',NULL),(1903,7,2215,'K003CB067',NULL,NULL,NULL,NULL,9,8.5,17.5,'CB00189','189/17-UDCNTTCB-SPKTVL','15/07/2017',NULL,NULL,'',NULL),(1904,7,2216,'K003CB068',NULL,NULL,NULL,NULL,7.5,9.5,17,'CB00190','190/17-UDCNTTCB-SPKTVL','15/07/2017',NULL,NULL,'',NULL),(1905,7,2217,'K003CB069',NULL,NULL,NULL,NULL,5.5,9.5,15,'CB00191','191/17-UDCNTTCB-SPKTVL','15/07/2017',NULL,NULL,'',NULL),(1906,7,2218,'K003CB070',NULL,NULL,NULL,NULL,8.5,10,18.5,'CB00192','192/17-UDCNTTCB-SPKTVL','15/07/2017',NULL,NULL,'',NULL),(1907,7,2219,'K003CB071',NULL,NULL,NULL,NULL,6,6.5,12.5,'CB00193','193/17-UDCNTTCB-SPKTVL','15/07/2017',NULL,NULL,'',NULL),(1908,7,2220,'K003CB072',NULL,NULL,NULL,NULL,7.5,9,16.5,'CB00194','194/17-UDCNTTCB-SPKTVL','15/07/2017',NULL,NULL,'',NULL),(1909,7,2221,'K003CB073',NULL,NULL,NULL,NULL,9,10,19,'CB00195','195/17-UDCNTTCB-SPKTVL','15/07/2017',NULL,NULL,'',NULL),(1910,7,2222,'K003CB074',NULL,NULL,NULL,NULL,7.5,8.5,16,'CB00196','196/17-UDCNTTCB-SPKTVL','15/07/2017',NULL,NULL,'',NULL),(1911,7,2223,'K003CB075',NULL,NULL,NULL,NULL,6.5,7,13.5,'CB00197','197/17-UDCNTTCB-SPKTVL','15/07/2017',NULL,NULL,'',NULL),(1912,7,2224,'K003CB076',NULL,NULL,NULL,NULL,5.5,9.5,15,'CB00198','198/17-UDCNTTCB-SPKTVL','15/07/2017',NULL,NULL,'',NULL),(1913,7,2225,'K003CB077',NULL,NULL,NULL,NULL,6.5,9.5,16,'CB00199','199/17-UDCNTTCB-SPKTVL','15/07/2017',NULL,NULL,'',NULL),(1914,7,2226,'K003CB078',NULL,NULL,NULL,NULL,6.5,9.5,16,'CB00200','200/17-UDCNTTCB-SPKTVL','15/07/2017',NULL,NULL,'',NULL),(1915,7,2227,'K003CB079',NULL,NULL,NULL,NULL,6.5,9,15.5,'CB00201','201/17-UDCNTTCB-SPKTVL','15/07/2017',NULL,NULL,'',NULL),(1916,7,2228,'K003CB080',NULL,NULL,NULL,NULL,6.5,9.5,16,'CB00202','202/17-UDCNTTCB-SPKTVL','15/07/2017',NULL,NULL,'',NULL),(1917,7,2229,'K003CB081',NULL,NULL,NULL,NULL,5,9.5,14.5,'CB00203','203/17-UDCNTTCB-SPKTVL','15/07/2017',NULL,NULL,'',NULL),(1918,7,2230,'K003CB082',NULL,NULL,NULL,NULL,7.5,10,17.5,'CB00204','204/17-UDCNTTCB-SPKTVL','15/07/2017',NULL,NULL,'',NULL),(1919,7,2231,'K003CB083',NULL,NULL,NULL,NULL,6.5,8.5,15,'CB00205','205/17-UDCNTTCB-SPKTVL','15/07/2017',NULL,NULL,'',NULL),(1920,7,2232,'K003CB084',NULL,NULL,NULL,NULL,6.5,9.5,16,'CB00206','206/17-UDCNTTCB-SPKTVL','15/07/2017',NULL,NULL,'',NULL),(1921,7,2233,'K003CB085',NULL,NULL,NULL,NULL,8,10,18,'CB00207','207/17-UDCNTTCB-SPKTVL','15/07/2017',NULL,NULL,'',NULL),(1922,7,2234,'K003CB086',NULL,NULL,NULL,NULL,5.5,7,12.5,'CB00208','208/17-UDCNTTCB-SPKTVL','15/07/2017',NULL,NULL,'',NULL),(1923,7,2235,'K003CB088',NULL,NULL,NULL,NULL,9.5,10,19.5,'CB00209','209/17-UDCNTTCB-SPKTVL','15/07/2017',NULL,NULL,'',NULL),(1924,7,2236,'K003CB089',NULL,NULL,NULL,NULL,7,8.5,15.5,'CB00210','210/17-UDCNTTCB-SPKTVL','15/07/2017',NULL,NULL,'',NULL),(1925,7,2237,'K003CB090',NULL,NULL,NULL,NULL,6.5,6,12.5,'CB00211','211/17-UDCNTTCB-SPKTVL','15/07/2017',NULL,NULL,'',NULL),(1926,7,2238,'K003CB091',NULL,NULL,NULL,NULL,8,9,17,'CB00212','212/17-UDCNTTCB-SPKTVL','15/07/2017',NULL,NULL,'',NULL),(1927,7,2239,'K003CB092',NULL,NULL,NULL,NULL,8,8,16,'CB00213','213/17-UDCNTTCB-SPKTVL','15/07/2017',NULL,NULL,'',NULL),(1928,7,2240,'K003CB093',NULL,NULL,NULL,NULL,7.5,8,15.5,'CB00214','214/17-UDCNTTCB-SPKTVL','15/07/2017',NULL,NULL,'',NULL),(1929,7,2241,'K003CB094',NULL,NULL,NULL,NULL,8.5,8.5,17,'CB00215','215/17-UDCNTTCB-SPKTVL','15/07/2017',NULL,NULL,'',NULL),(1930,7,2242,'K003CB095',NULL,NULL,NULL,NULL,9,7.5,16.5,'CB00216','216/17-UDCNTTCB-SPKTVL','15/07/2017',NULL,NULL,'',NULL),(1931,7,2243,'K003CB096',NULL,NULL,NULL,NULL,8.5,5.5,14,'CB00217','217/17-UDCNTTCB-SPKTVL','15/07/2017',NULL,NULL,'',NULL),(1932,7,2244,'K003CB097',NULL,NULL,NULL,NULL,8,5,13,'CB00218','218/17-UDCNTTCB-SPKTVL','15/07/2017',NULL,NULL,'',NULL),(1933,7,2245,'K003CB098',NULL,NULL,NULL,NULL,7.5,9,16.5,'CB00219','219/17-UDCNTTCB-SPKTVL','15/07/2017',NULL,NULL,'',NULL),(1934,7,2246,'K003CB099',NULL,NULL,NULL,NULL,8.5,8,16.5,'CB00220','220/17-UDCNTTCB-SPKTVL','15/07/2017',NULL,NULL,'',NULL),(1935,7,2247,'K003CB100',NULL,NULL,NULL,NULL,5.5,9,14.5,'CB00221','221/17-UDCNTTCB-SPKTVL','15/07/2017',NULL,NULL,'',NULL),(1936,7,2248,'K003CB102',NULL,NULL,NULL,NULL,6.5,9,15.5,'CB00222','222/17-UDCNTTCB-SPKTVL','15/07/2017',NULL,NULL,'',NULL),(1937,7,2249,'K003CB103',NULL,NULL,NULL,NULL,7.5,6,13.5,'CB00223','223/17-UDCNTTCB-SPKTVL','15/07/2017',NULL,NULL,'',NULL),(1938,7,2250,'K003CB105',NULL,NULL,NULL,NULL,8.5,10,18.5,'CB00224','224/17-UDCNTTCB-SPKTVL','15/07/2017',NULL,NULL,'',NULL),(1939,7,2251,'K003CB106',NULL,NULL,NULL,NULL,6.5,6.5,13,'CB00225','225/17-UDCNTTCB-SPKTVL','15/07/2017',NULL,NULL,'',NULL),(1940,7,2252,'K003CB107',NULL,NULL,NULL,NULL,7,8,15,'CB00226','226/17-UDCNTTCB-SPKTVL','15/07/2017',NULL,NULL,'',NULL),(1941,7,2253,'K003CB108',NULL,NULL,NULL,NULL,9,7.5,16.5,'CB00227','227/17-UDCNTTCB-SPKTVL','15/07/2017',NULL,NULL,'',NULL),(1942,7,2254,'K003CB109',NULL,NULL,NULL,NULL,9.5,10,19.5,'CB00228','228/17-UDCNTTCB-SPKTVL','15/07/2017',NULL,NULL,'',NULL),(1943,7,2255,'K003CB110',NULL,NULL,NULL,NULL,8.5,5,13.5,'CB00229','229/17-UDCNTTCB-SPKTVL','15/07/2017',NULL,NULL,'',NULL),(1944,7,2256,'K003CB111',NULL,NULL,NULL,NULL,8,6.5,14.5,'CB00230','230/17-UDCNTTCB-SPKTVL','15/07/2017',NULL,NULL,'',NULL),(1945,7,2257,'K003CB112',NULL,NULL,NULL,NULL,6.5,7,13.5,'CB00231','231/17-UDCNTTCB-SPKTVL','15/07/2017',NULL,NULL,'',NULL),(1946,7,2258,'K003CB113',NULL,NULL,NULL,NULL,8,9.5,17.5,'CB00232','232/17-UDCNTTCB-SPKTVL','15/07/2017',NULL,NULL,'',NULL),(1947,7,2259,'K003CB114',NULL,NULL,NULL,NULL,8.5,10,18.5,'CB00233','233/17-UDCNTTCB-SPKTVL','15/07/2017',NULL,NULL,'',NULL),(1948,7,2260,'K003CB115',NULL,NULL,NULL,NULL,6.5,9.5,16,'CB00234','234/17-UDCNTTCB-SPKTVL','15/07/2017',NULL,NULL,'',NULL),(1949,7,2261,'K003CB116',NULL,NULL,NULL,NULL,6.5,7,13.5,'CB00235','235/17-UDCNTTCB-SPKTVL','15/07/2017',NULL,NULL,'',NULL),(1950,7,2262,'K003CB117',NULL,NULL,NULL,NULL,7,7.5,14.5,'CB00236','236/17-UDCNTTCB-SPKTVL','15/07/2017',NULL,NULL,'',NULL),(1951,7,2263,'K003CB118',NULL,NULL,NULL,NULL,7.5,10,17.5,'CB00237','237/17-UDCNTTCB-SPKTVL','15/07/2017',NULL,NULL,'',NULL),(1952,7,2264,'K003CB119',NULL,NULL,NULL,NULL,8.5,8,16.5,'CB00238','238/17-UDCNTTCB-SPKTVL','15/07/2017',NULL,NULL,'',NULL),(1953,7,2265,'K003CB120',NULL,NULL,NULL,NULL,8.5,7,15.5,'CB00239','239/17-UDCNTTCB-SPKTVL','15/07/2017',NULL,NULL,'',NULL),(1954,7,2266,'K003CB121',NULL,NULL,NULL,NULL,8,7,15,'CB00240','240/17-UDCNTTCB-SPKTVL','15/07/2017',NULL,NULL,'',NULL),(1955,7,2267,'K003CB122',NULL,NULL,NULL,NULL,7.5,6.5,14,'CB00241','241/17-UDCNTTCB-SPKTVL','15/07/2017',NULL,NULL,'',NULL),(1956,7,2268,'K003CB123',NULL,NULL,NULL,NULL,7.5,7.5,15,'CB00242','242/17-UDCNTTCB-SPKTVL','15/07/2017',NULL,NULL,'',NULL),(1957,7,2269,'K003CB124',NULL,NULL,NULL,NULL,6.5,7.5,14,'CB00243','243/17-UDCNTTCB-SPKTVL','15/07/2017',NULL,NULL,'',NULL),(1958,7,2270,'K003CB125',NULL,NULL,NULL,NULL,7,9.5,16.5,'CB00244','244/17-UDCNTTCB-SPKTVL','15/07/2017',NULL,NULL,'',NULL),(1959,7,2271,'K003CB126',NULL,NULL,NULL,NULL,8,9.5,17.5,'CB00245','245/17-UDCNTTCB-SPKTVL','15/07/2017',NULL,NULL,'',NULL),(1960,7,2272,'K003CB127',NULL,NULL,NULL,NULL,8,9.5,17.5,'CB00246','246/17-UDCNTTCB-SPKTVL','15/07/2017',NULL,NULL,'',NULL),(1961,7,2273,'K003CB128',NULL,NULL,NULL,NULL,7.5,10,17.5,'CB00247','247/17-UDCNTTCB-SPKTVL','15/07/2017',NULL,NULL,'',NULL),(1962,7,2274,'K003CB130',NULL,NULL,NULL,NULL,8.5,9.5,18,'CB00248','248/17-UDCNTTCB-SPKTVL','15/07/2017',NULL,NULL,'',NULL),(1963,7,2275,'K003CB131',NULL,NULL,NULL,NULL,7,7.5,14.5,'CB00249','249/17-UDCNTTCB-SPKTVL','15/07/2017',NULL,NULL,'',NULL),(1964,7,2276,'K003CB132',NULL,NULL,NULL,NULL,7.5,9.5,17,'CB00250','250/17-UDCNTTCB-SPKTVL','15/07/2017',NULL,NULL,'',NULL),(1965,7,2277,'K003CB133',NULL,NULL,NULL,NULL,9,10,19,'CB00251','251/17-UDCNTTCB-SPKTVL','15/07/2017',NULL,NULL,'',NULL),(1966,7,2278,'K003CB134',NULL,NULL,NULL,NULL,8.5,6,14.5,'CB00252','252/17-UDCNTTCB-SPKTVL','15/07/2017',NULL,NULL,'',NULL),(1967,7,2279,'K003CB135',NULL,NULL,NULL,NULL,8.5,9.5,18,'CB00253','253/17-UDCNTTCB-SPKTVL','15/07/2017',NULL,NULL,'',NULL),(1968,7,2280,'K003CB136',NULL,NULL,NULL,NULL,6.5,7.5,14,'CB00254','254/17-UDCNTTCB-SPKTVL','15/07/2017',NULL,NULL,'',NULL),(1969,7,2281,'K003CB137',NULL,NULL,NULL,NULL,7,9,16,'CB00255','255/17-UDCNTTCB-SPKTVL','15/07/2017',NULL,NULL,'',NULL),(1970,7,2282,'K003CB138',NULL,NULL,NULL,NULL,8,9,17,'CB00256','256/17-UDCNTTCB-SPKTVL','15/07/2017',NULL,NULL,'',NULL),(1971,7,2283,'K003CB139',NULL,NULL,NULL,NULL,7.5,9,16.5,'CB00257','257/17-UDCNTTCB-SPKTVL','15/07/2017',NULL,NULL,'',NULL),(1972,7,2284,'K003CB140',NULL,NULL,NULL,NULL,8.5,8.5,17,'CB00258','258/17-UDCNTTCB-SPKTVL','15/07/2017',NULL,NULL,'',NULL),(1973,7,2285,'K003CB141',NULL,NULL,NULL,NULL,8.5,9.5,18,'CB00259','259/17-UDCNTTCB-SPKTVL','15/07/2017',NULL,NULL,'',NULL),(1974,7,2286,'K003CB142',NULL,NULL,NULL,NULL,7.5,10,17.5,'CB00260','260/17-UDCNTTCB-SPKTVL','15/07/2017',NULL,NULL,'',NULL),(1975,7,2287,'K003CB143',NULL,NULL,NULL,NULL,9.5,9.5,19,'CB00261','261/17-UDCNTTCB-SPKTVL','15/07/2017',NULL,NULL,'',NULL),(1976,7,2288,'K003CB144',NULL,NULL,NULL,NULL,8.5,9.5,18,'CB00262','262/17-UDCNTTCB-SPKTVL','15/07/2017',NULL,NULL,'',NULL),(1977,7,2289,'K003CB145',NULL,NULL,NULL,NULL,8,9,17,'CB00263','263/17-UDCNTTCB-SPKTVL','15/07/2017',NULL,NULL,'',NULL),(1978,7,2290,'K003CB146',NULL,NULL,NULL,NULL,7.5,9,16.5,'CB00264','264/17-UDCNTTCB-SPKTVL','15/07/2017',NULL,NULL,'',NULL),(1979,7,2291,'K003CB147',NULL,NULL,NULL,NULL,7.5,8.5,16,'CB00265','265/17-UDCNTTCB-SPKTVL','15/07/2017',NULL,NULL,'',NULL),(1980,7,2292,'K003CB148',NULL,NULL,NULL,NULL,8.5,10,18.5,'CB00266','266/17-UDCNTTCB-SPKTVL','15/07/2017',NULL,NULL,'',NULL),(1981,7,2293,'K003CB149',NULL,NULL,NULL,NULL,8.5,7.5,16,'CB00267','267/17-UDCNTTCB-SPKTVL','15/07/2017',NULL,NULL,'',NULL),(1982,7,2294,'K003CB150',NULL,NULL,NULL,NULL,8.5,9.5,18,'CB00268','268/17-UDCNTTCB-SPKTVL','15/07/2017',NULL,NULL,'',NULL),(1983,7,2295,'K003CB151',NULL,NULL,NULL,NULL,6.5,8,14.5,'CB00269','269/17-UDCNTTCB-SPKTVL','15/07/2017',NULL,NULL,'',NULL),(1984,7,2296,'K003CB153',NULL,NULL,NULL,NULL,8.5,6,14.5,'CB00270','270/17-UDCNTTCB-SPKTVL','15/07/2017',NULL,NULL,'',NULL),(1985,7,2297,'K003CB154',NULL,NULL,NULL,NULL,8.5,9,17.5,'CB00271','271/17-UDCNTTCB-SPKTVL','15/07/2017',NULL,NULL,'',NULL),(1986,7,2298,'K003CB155',NULL,NULL,NULL,NULL,8.5,8,16.5,'CB00272','272/17-UDCNTTCB-SPKTVL','15/07/2017',NULL,NULL,'',NULL),(1987,7,2299,'K003CB156',NULL,NULL,NULL,NULL,7.5,6,13.5,'CB00273','273/17-UDCNTTCB-SPKTVL','15/07/2017',NULL,NULL,'',NULL),(1988,7,2300,'K003CB157',NULL,NULL,NULL,NULL,7.5,9,16.5,'CB00274','274/17-UDCNTTCB-SPKTVL','15/07/2017',NULL,NULL,'',NULL),(1989,7,2301,'K003CB158',NULL,NULL,NULL,NULL,9.5,9.5,19,'CB00275','275/17-UDCNTTCB-SPKTVL','15/07/2017',NULL,NULL,'',NULL),(1990,7,2302,'K003CB159',NULL,NULL,NULL,NULL,8.5,7,15.5,'CB00276','276/17-UDCNTTCB-SPKTVL','15/07/2017',NULL,NULL,'',NULL),(1991,7,2303,'K003CB160',NULL,NULL,NULL,NULL,7.5,9.5,17,'CB00277','277/17-UDCNTTCB-SPKTVL','15/07/2017',NULL,NULL,'',NULL),(1992,7,2304,'K003CB161',NULL,NULL,NULL,NULL,7.5,7,14.5,'CB00278','278/17-UDCNTTCB-SPKTVL','15/07/2017',NULL,NULL,'',NULL),(1993,7,2305,'K003CB162',NULL,NULL,NULL,NULL,6,7.5,13.5,'CB00279','279/17-UDCNTTCB-SPKTVL','15/07/2017',NULL,NULL,'',NULL),(1994,7,2306,'K003CB163',NULL,NULL,NULL,NULL,7.5,7,14.5,'CB00280','280/17-UDCNTTCB-SPKTVL','15/07/2017',NULL,NULL,'',NULL),(1995,7,2307,'K003CB164',NULL,NULL,NULL,NULL,8.5,9.5,18,'CB00281','281/17-UDCNTTCB-SPKTVL','15/07/2017',NULL,NULL,'',NULL),(1996,7,2308,'K003CB165',NULL,NULL,NULL,NULL,7.5,6.5,14,'CB00282','282/17-UDCNTTCB-SPKTVL','15/07/2017',NULL,NULL,'',NULL),(1997,7,2309,'K003CB166',NULL,NULL,NULL,NULL,7.5,10,17.5,'CB00283','283/17-UDCNTTCB-SPKTVL','15/07/2017',NULL,NULL,'',NULL),(1998,7,2310,'K003CB167',NULL,NULL,NULL,NULL,6,7,13,'CB00284','284/17-UDCNTTCB-SPKTVL','15/07/2017',NULL,NULL,'',NULL),(1999,7,2311,'K003CB168',NULL,NULL,NULL,NULL,7,6.5,13.5,'CB00285','285/17-UDCNTTCB-SPKTVL','15/07/2017',NULL,NULL,'',NULL),(2000,7,2312,'K003CB169',NULL,NULL,NULL,NULL,7.5,9.5,17,'CB00286','286/17-UDCNTTCB-SPKTVL','15/07/2017',NULL,NULL,'',NULL),(2001,7,2313,'K003CB170',NULL,NULL,NULL,NULL,8,9.5,17.5,'CB00287','287/17-UDCNTTCB-SPKTVL','15/07/2017',NULL,NULL,'',NULL),(2002,7,2314,'K003CB171',NULL,NULL,NULL,NULL,6.5,9,15.5,'CB00288','288/17-UDCNTTCB-SPKTVL','15/07/2017',NULL,NULL,'',NULL),(2003,7,2315,'K003CB172',NULL,NULL,NULL,NULL,9.5,9.5,19,'CB00289','289/17-UDCNTTCB-SPKTVL','15/07/2017',NULL,NULL,'',NULL),(2004,9,2316,'K004CB001',NULL,NULL,NULL,NULL,7.5,6.5,14,'CB00290','290/17-UDCNTTCB-SPKTVL','07/11/2017',NULL,NULL,'',NULL),(2005,9,2317,'K004CB002',NULL,NULL,NULL,NULL,8,6,14,'CB00291','291/17-UDCNTTCB-SPKTVL','07/11/2017',NULL,NULL,'',NULL),(2006,9,2318,'K004CB003',NULL,NULL,NULL,NULL,7.5,6.5,14,'CB00292','292/17-UDCNTTCB-SPKTVL','07/11/2017',NULL,NULL,'',NULL),(2007,9,2319,'K004CB004',NULL,NULL,NULL,NULL,9.5,7,16.5,'CB00293','293/17-UDCNTTCB-SPKTVL','07/11/2017',NULL,NULL,'',NULL),(2008,9,2320,'K004CB005',NULL,NULL,NULL,NULL,7.5,6.5,14,'CB00294','294/17-UDCNTTCB-SPKTVL','07/11/2017',NULL,NULL,'',NULL),(2009,9,2321,'K004CB006',NULL,NULL,NULL,NULL,9.5,7.5,17,'CB00295','295/17-UDCNTTCB-SPKTVL','07/11/2017',NULL,NULL,'',NULL),(2010,9,2322,'K004CB007',NULL,NULL,NULL,NULL,10,7,17,'CB00296','296/17-UDCNTTCB-SPKTVL','07/11/2017',NULL,NULL,'',NULL),(2011,9,2323,'K004CB008',NULL,NULL,NULL,NULL,10,7.5,17.5,'CB00297','297/17-UDCNTTCB-SPKTVL','07/11/2017',NULL,NULL,'',NULL),(2012,9,2324,'K004CB009',NULL,NULL,NULL,NULL,9,7.5,16.5,'CB00298','298/17-UDCNTTCB-SPKTVL','07/11/2017',NULL,NULL,'',NULL),(2013,9,2325,'K004CB010',NULL,NULL,NULL,NULL,8,7.5,15.5,'CB00299','299/17-UDCNTTCB-SPKTVL','07/11/2017',NULL,NULL,'',NULL),(2014,9,2326,'K004CB011',NULL,NULL,NULL,NULL,8,7.5,15.5,'CB00485','300/17-UDCNTTCB-SPKTVL','07/11/2017',NULL,NULL,'',NULL),(2015,9,2327,'K004CB012',NULL,NULL,NULL,NULL,8.5,7.5,16,'CB00301','301/17-UDCNTTCB-SPKTVL','07/11/2017',NULL,NULL,'',NULL),(2016,9,2328,'K004CB013',NULL,NULL,NULL,NULL,9.5,8.5,18,'CB00302','302/17-UDCNTTCB-SPKTVL','07/11/2017',NULL,NULL,'',NULL),(2017,9,2329,'K004CB014',NULL,NULL,NULL,NULL,9.5,8.5,18,'CB00303','303/17-UDCNTTCB-SPKTVL','07/11/2017',NULL,NULL,'',NULL),(2018,9,2330,'K004CB015',NULL,NULL,NULL,NULL,9.5,7.5,17,'CB00304','304/17-UDCNTTCB-SPKTVL','07/11/2017',NULL,NULL,'',NULL),(2019,9,2331,'K004CB016',NULL,NULL,NULL,NULL,8.5,7,15.5,'CB00305','305/17-UDCNTTCB-SPKTVL','07/11/2017',NULL,NULL,'',NULL),(2020,9,2332,'K004CB017',NULL,NULL,NULL,NULL,9.5,7,16.5,'CB00306','306/17-UDCNTTCB-SPKTVL','07/11/2017',NULL,NULL,'',NULL),(2021,9,2333,'K004CB018',NULL,NULL,NULL,NULL,8.5,7.5,16,'CB00307','307/17-UDCNTTCB-SPKTVL','07/11/2017',NULL,NULL,'',NULL),(2022,9,2334,'K004CB019',NULL,NULL,NULL,NULL,9.5,7.5,17,'CB00308','308/17-UDCNTTCB-SPKTVL','07/11/2017',NULL,NULL,'',NULL),(2023,9,2335,'K004CB020',NULL,NULL,NULL,NULL,9.5,7.5,17,'CB00309','309/17-UDCNTTCB-SPKTVL','07/11/2017',NULL,NULL,'',NULL),(2024,9,2336,'K004CB021',NULL,NULL,NULL,NULL,8,6.5,14.5,'CB00310','310/17-UDCNTTCB-SPKTVL','07/11/2017',NULL,NULL,'',NULL),(2025,9,2337,'K004CB022',NULL,NULL,NULL,NULL,9,6.5,15.5,'CB00311','311/17-UDCNTTCB-SPKTVL','07/11/2017',NULL,NULL,'',NULL),(2026,9,2338,'K004CB023',NULL,NULL,NULL,NULL,8.5,6.5,15,'CB00312','312/17-UDCNTTCB-SPKTVL','07/11/2017',NULL,NULL,'',NULL),(2027,9,2339,'K004CB024',NULL,NULL,NULL,NULL,8.5,6.5,15,'CB00313','313/17-UDCNTTCB-SPKTVL','07/11/2017',NULL,NULL,'',NULL),(2028,9,2340,'K004CB025',NULL,NULL,NULL,NULL,8.5,6.5,15,'CB00314','314/17-UDCNTTCB-SPKTVL','07/11/2017',NULL,NULL,'',NULL),(2029,9,2341,'K004CB026',NULL,NULL,NULL,NULL,9,5,14,'CB00315','315/17-UDCNTTCB-SPKTVL','07/11/2017',NULL,NULL,'',NULL),(2030,9,2342,'K004CB027',NULL,NULL,NULL,NULL,8.5,6,14.5,'CB00316','316/17-UDCNTTCB-SPKTVL','07/11/2017',NULL,NULL,'',NULL),(2031,9,2343,'K004CB028',NULL,NULL,NULL,NULL,8.5,5,13.5,'CB00317','317/17-UDCNTTCB-SPKTVL','07/11/2017',NULL,NULL,'',NULL),(2032,9,2344,'K004CB029',NULL,NULL,NULL,NULL,8.5,6,14.5,'CB00318','318/17-UDCNTTCB-SPKTVL','07/11/2017',NULL,NULL,'',NULL),(2033,9,2345,'K004CB030',NULL,NULL,NULL,NULL,9.5,7.5,17,'CB00319','319/17-UDCNTTCB-SPKTVL','07/11/2017',NULL,NULL,'',NULL),(2034,9,2346,'K004CB031',NULL,NULL,NULL,NULL,8.5,6.5,15,'CB00320','320/17-UDCNTTCB-SPKTVL','07/11/2017',NULL,NULL,'',NULL),(2035,9,2347,'K004CB032',NULL,NULL,NULL,NULL,9.5,7,16.5,'CB00321','321/17-UDCNTTCB-SPKTVL','07/11/2017',NULL,NULL,'',NULL),(2036,9,2348,'K004CB033',NULL,NULL,NULL,NULL,9.5,7,16.5,'CB00322','322/17-UDCNTTCB-SPKTVL','07/11/2017',NULL,NULL,'',NULL),(2037,9,2349,'K004CB034',NULL,NULL,NULL,NULL,8.5,6.5,15,'CB00323','323/17-UDCNTTCB-SPKTVL','07/11/2017',NULL,NULL,'',NULL),(2038,9,2350,'K004CB035',NULL,NULL,NULL,NULL,7.5,6.5,14,'CB00324','324/17-UDCNTTCB-SPKTVL','07/11/2017',NULL,NULL,'',NULL),(2039,9,2351,'K004CB036',NULL,NULL,NULL,NULL,5,5,10,'CB00325','325/17-UDCNTTCB-SPKTVL','07/11/2017',NULL,NULL,'',NULL),(2040,9,2352,'K004CB037',NULL,NULL,NULL,NULL,8.5,6.5,15,'CB00326','326/17-UDCNTTCB-SPKTVL','07/11/2017',NULL,NULL,'',NULL),(2041,9,2353,'K004CB038',NULL,NULL,NULL,NULL,8.5,6.5,15,'CB00327','327/17-UDCNTTCB-SPKTVL','07/11/2017',NULL,NULL,'',NULL),(2042,9,2354,'K004CB039',NULL,NULL,NULL,NULL,8.5,7,15.5,'CB00328','328/17-UDCNTTCB-SPKTVL','07/11/2017',NULL,NULL,'',NULL),(2043,9,2355,'K004CB040',NULL,NULL,NULL,NULL,9,7,16,'CB00329','329/17-UDCNTTCB-SPKTVL','07/11/2017',NULL,NULL,'',NULL),(2044,9,2356,'K004CB041',NULL,NULL,NULL,NULL,8,6.5,14.5,'CB00330','330/17-UDCNTTCB-SPKTVL','07/11/2017',NULL,NULL,'',NULL),(2045,9,2357,'K004CB042',NULL,NULL,NULL,NULL,8.5,5.5,14,'CB00331','331/17-UDCNTTCB-SPKTVL','07/11/2017',NULL,NULL,'',NULL),(2046,9,2358,'K004CB043',NULL,NULL,NULL,NULL,8.5,6.5,15,'CB00332','332/17-UDCNTTCB-SPKTVL','07/11/2017',NULL,NULL,'',NULL),(2047,9,2359,'K004CB044',NULL,NULL,NULL,NULL,8,6.5,14.5,'CB00333','333/17-UDCNTTCB-SPKTVL','07/11/2017',NULL,NULL,'',NULL),(2048,9,2360,'K004CB045',NULL,NULL,NULL,NULL,8.5,6,14.5,'CB00334','334/17-UDCNTTCB-SPKTVL','07/11/2017',NULL,NULL,'',NULL),(2049,9,2361,'K004CB046',NULL,NULL,NULL,NULL,8.5,6.5,15,'CB00335','335/17-UDCNTTCB-SPKTVL','07/11/2017',NULL,NULL,'',NULL),(2050,9,2362,'K004CB047',NULL,NULL,NULL,NULL,8.5,6,14.5,'CB00336','336/17-UDCNTTCB-SPKTVL','07/11/2017',NULL,NULL,'',NULL),(2051,9,2363,'K004CB048',NULL,NULL,NULL,NULL,8.5,6,14.5,'CB00337','337/17-UDCNTTCB-SPKTVL','07/11/2017',NULL,NULL,'',NULL),(2052,9,2364,'K004CB049',NULL,NULL,NULL,NULL,9.5,7,16.5,'CB00338','338/17-UDCNTTCB-SPKTVL','07/11/2017',NULL,NULL,'',NULL),(2053,9,2365,'K004CB050',NULL,NULL,NULL,NULL,9,6,15,'CB00339','339/17-UDCNTTCB-SPKTVL','07/11/2017',NULL,NULL,'',NULL),(2054,9,2366,'K004CB051',NULL,NULL,NULL,NULL,9,7,16,'CB00340','340/17-UDCNTTCB-SPKTVL','07/11/2017',NULL,NULL,'',NULL),(2055,9,2367,'K004CB053',NULL,NULL,NULL,NULL,8.5,7,15.5,'CB00341','341/17-UDCNTTCB-SPKTVL','07/11/2017',NULL,NULL,'',NULL),(2056,9,2368,'K004CB054',NULL,NULL,NULL,NULL,9.5,7,16.5,'CB00342','342/17-UDCNTTCB-SPKTVL','07/11/2017',NULL,NULL,'',NULL),(2057,9,2369,'K004CB055',NULL,NULL,NULL,NULL,8.5,6.5,15,'CB00343','343/17-UDCNTTCB-SPKTVL','07/11/2017',NULL,NULL,'',NULL),(2058,9,2370,'K004CB056',NULL,NULL,NULL,NULL,7,6,13,'CB00344','344/17-UDCNTTCB-SPKTVL','07/11/2017',NULL,NULL,'',NULL),(2059,9,2371,'K004CB057',NULL,NULL,NULL,NULL,8.5,7.5,16,'CB00345','345/17-UDCNTTCB-SPKTVL','07/11/2017',NULL,NULL,'',NULL),(2060,9,2372,'K004CB058',NULL,NULL,NULL,NULL,8,7,15,'CB00346','346/17-UDCNTTCB-SPKTVL','07/11/2017',NULL,NULL,'',NULL),(2061,9,2373,'K004CB059',NULL,NULL,NULL,NULL,6.5,5.5,12,'CB00347','347/17-UDCNTTCB-SPKTVL','07/11/2017',NULL,NULL,'',NULL),(2062,9,2374,'K004CB060',NULL,NULL,NULL,NULL,7,5,12,'CB00348','348/17-UDCNTTCB-SPKTVL','07/11/2017',NULL,NULL,'',NULL),(2063,9,2375,'K004CB061',NULL,NULL,NULL,NULL,8,5.5,13.5,'CB00349','349/17-UDCNTTCB-SPKTVL','07/11/2017',NULL,NULL,'',NULL),(2064,9,2376,'K004CB062',NULL,NULL,NULL,NULL,8.5,6.5,15,'CB00350','350/17-UDCNTTCB-SPKTVL','07/11/2017',NULL,NULL,'',NULL),(2065,9,2377,'K004CB063',NULL,NULL,NULL,NULL,7.5,6,13.5,'CB00351','351/17-UDCNTTCB-SPKTVL','07/11/2017',NULL,NULL,'',NULL),(2066,9,2378,'K004CB064',NULL,NULL,NULL,NULL,8.5,6.5,15,'CB00352','352/17-UDCNTTCB-SPKTVL','07/11/2017',NULL,NULL,'',NULL),(2067,9,2379,'K004CB065',NULL,NULL,NULL,NULL,7,8,15,'CB00353','353/17-UDCNTTCB-SPKTVL','07/11/2017',NULL,NULL,'',NULL),(2068,9,2380,'K004CB066',NULL,NULL,NULL,NULL,6.5,7,13.5,'CB00354','354/17-UDCNTTCB-SPKTVL','07/11/2017',NULL,NULL,'',NULL),(2069,9,2381,'K004CB067',NULL,NULL,NULL,NULL,5.5,7,12.5,'CB00355','355/17-UDCNTTCB-SPKTVL','07/11/2017',NULL,NULL,'',NULL),(2070,9,2382,'K004CB068',NULL,NULL,NULL,NULL,6.5,8,14.5,'CB00356','356/17-UDCNTTCB-SPKTVL','07/11/2017',NULL,NULL,'',NULL),(2071,9,2383,'K004CB069',NULL,NULL,NULL,NULL,6,8,14,'CB00357','357/17-UDCNTTCB-SPKTVL','07/11/2017',NULL,NULL,'',NULL),(2072,9,2384,'K004CB070',NULL,NULL,NULL,NULL,6.5,6.5,13,'CB00358','358/17-UDCNTTCB-SPKTVL','07/11/2017',NULL,NULL,'',NULL),(2073,9,2385,'K004CB071',NULL,NULL,NULL,NULL,5.5,5.5,11,'CB00359','359/17-UDCNTTCB-SPKTVL','07/11/2017',NULL,NULL,'',NULL),(2074,9,2386,'K004CB072',NULL,NULL,NULL,NULL,6.5,7,13.5,'CB00360','360/17-UDCNTTCB-SPKTVL','07/11/2017',NULL,NULL,'',NULL),(2075,9,2387,'K004CB073',NULL,NULL,NULL,NULL,6.5,6,12.5,'CB00361','361/17-UDCNTTCB-SPKTVL','07/11/2017',NULL,NULL,'',NULL),(2076,9,2388,'K004CB074',NULL,NULL,NULL,NULL,6,6.5,12.5,'CB00362','362/17-UDCNTTCB-SPKTVL','07/11/2017',NULL,NULL,'',NULL),(2077,9,2389,'K004CB075',NULL,NULL,NULL,NULL,8,9.5,17.5,'CB00363','363/17-UDCNTTCB-SPKTVL','07/11/2017',NULL,NULL,'',NULL),(2078,9,2390,'K004CB076',NULL,NULL,NULL,NULL,7,9.5,16.5,'CB00364','364/17-UDCNTTCB-SPKTVL','07/11/2017',NULL,NULL,'',NULL),(2079,9,2391,'K004CB077',NULL,NULL,NULL,NULL,5.5,7.5,13,'CB00365','365/17-UDCNTTCB-SPKTVL','07/11/2017',NULL,NULL,'',NULL),(2080,9,2392,'K004CB078',NULL,NULL,NULL,NULL,8,8.5,16.5,'CB00366','366/17-UDCNTTCB-SPKTVL','07/11/2017',NULL,NULL,'',NULL),(2081,9,2393,'K004CB079',NULL,NULL,NULL,NULL,6.5,6,12.5,'CB00367','367/17-UDCNTTCB-SPKTVL','07/11/2017',NULL,NULL,'',NULL),(2082,9,2394,'K004CB080',NULL,NULL,NULL,NULL,9.5,9.5,19,'CB00368','368/17-UDCNTTCB-SPKTVL','07/11/2017',NULL,NULL,'',NULL),(2083,9,2395,'K004CB081',NULL,NULL,NULL,NULL,7.5,8.5,16,'CB00369','369/17-UDCNTTCB-SPKTVL','07/11/2017',NULL,NULL,'',NULL),(2084,9,2396,'K004CB082',NULL,NULL,NULL,NULL,6,6,12,'CB00370','370/17-UDCNTTCB-SPKTVL','07/11/2017',NULL,NULL,'',NULL),(2085,9,2397,'K004CB083',NULL,NULL,NULL,NULL,7,7,14,'CB00371','371/17-UDCNTTCB-SPKTVL','07/11/2017',NULL,NULL,'',NULL),(2086,9,2398,'K004CB086',NULL,NULL,NULL,NULL,6.5,5.5,12,'CB00372','372/17-UDCNTTCB-SPKTVL','07/11/2017',NULL,NULL,'',NULL),(2087,9,2399,'K004CB087',NULL,NULL,NULL,NULL,6.5,8.5,15,'CB00373','373/17-UDCNTTCB-SPKTVL','07/11/2017',NULL,NULL,'',NULL),(2088,9,2400,'K004CB088',NULL,NULL,NULL,NULL,8,8.5,16.5,'CB00374','374/17-UDCNTTCB-SPKTVL','07/11/2017',NULL,NULL,'',NULL),(2089,9,2401,'K004CB089',NULL,NULL,NULL,NULL,8,9.5,17.5,'CB00375','375/17-UDCNTTCB-SPKTVL','07/11/2017',NULL,NULL,'',NULL),(2090,9,2402,'K004CB090',NULL,NULL,NULL,NULL,9,8.5,17.5,'CB00376','376/17-UDCNTTCB-SPKTVL','07/11/2017',NULL,NULL,'',NULL),(2091,9,2403,'K004CB092',NULL,NULL,NULL,NULL,5.5,7,12.5,'CB00377','377/17-UDCNTTCB-SPKTVL','07/11/2017',NULL,NULL,'',NULL),(2092,9,2404,'K004CB093',NULL,NULL,NULL,NULL,6.5,7.5,14,'CB00378','378/17-UDCNTTCB-SPKTVL','07/11/2017',NULL,NULL,'',NULL),(2093,9,2405,'K004CB094',NULL,NULL,NULL,NULL,7,9,16,'CB00379','379/17-UDCNTTCB-SPKTVL','07/11/2017',NULL,NULL,'',NULL),(2094,9,2406,'K004CB095',NULL,NULL,NULL,NULL,8.5,9.5,18,'CB00380','380/17-UDCNTTCB-SPKTVL','07/11/2017',NULL,NULL,'',NULL),(2095,9,2407,'K004CB096',NULL,NULL,NULL,NULL,7.5,7.5,15,'CB00381','381/17-UDCNTTCB-SPKTVL','07/11/2017',NULL,NULL,'',NULL),(2096,9,2408,'K004CB097',NULL,NULL,NULL,NULL,7,6.5,13.5,'CB00382','382/17-UDCNTTCB-SPKTVL','07/11/2017',NULL,NULL,'',NULL),(2097,9,2409,'K004CB098',NULL,NULL,NULL,NULL,7,5,12,'CB00383','383/17-UDCNTTCB-SPKTVL','07/11/2017',NULL,NULL,'',NULL),(2098,9,2410,'K004CB099',NULL,NULL,NULL,NULL,6,6,12,'CB00384','384/17-UDCNTTCB-SPKTVL','07/11/2017',NULL,NULL,'',NULL),(2099,9,2411,'K004CB100',NULL,NULL,NULL,NULL,7.5,8,15.5,'CB00385','385/17-UDCNTTCB-SPKTVL','07/11/2017',NULL,NULL,'',NULL),(2100,9,2412,'K004CB101',NULL,NULL,NULL,NULL,6.5,6,12.5,'CB00386','386/17-UDCNTTCB-SPKTVL','07/11/2017',NULL,NULL,'',NULL),(2101,9,2413,'K004CB103',NULL,NULL,NULL,NULL,6.5,6,12.5,'CB00387','387/17-UDCNTTCB-SPKTVL','07/11/2017',NULL,NULL,'',NULL),(2102,9,2414,'K004CB104',NULL,NULL,NULL,NULL,6.5,6.5,13,'CB00388','388/17-UDCNTTCB-SPKTVL','07/11/2017',NULL,NULL,'',NULL),(2103,9,2415,'K004CB105',NULL,NULL,NULL,NULL,5,5.5,10.5,'CB00389','389/17-UDCNTTCB-SPKTVL','07/11/2017',NULL,NULL,'',NULL),(2104,9,2416,'K004CB106',NULL,NULL,NULL,NULL,5.5,7.5,13,'CB00390','390/17-UDCNTTCB-SPKTVL','07/11/2017',NULL,NULL,'',NULL),(2105,9,2417,'K004CB107',NULL,NULL,NULL,NULL,7.5,8.5,16,'CB00391','391/17-UDCNTTCB-SPKTVL','07/11/2017',NULL,NULL,'',NULL),(2106,9,2418,'K004CB108',NULL,NULL,NULL,NULL,7,8,15,'CB00392','392/17-UDCNTTCB-SPKTVL','07/11/2017',NULL,NULL,'',NULL),(2107,9,2419,'K004CB110',NULL,NULL,NULL,NULL,7,6.5,13.5,'CB00393','393/17-UDCNTTCB-SPKTVL','07/11/2017',NULL,NULL,'',NULL),(2108,9,2420,'K004CB111',NULL,NULL,NULL,NULL,7.5,6.5,14,'CB00394','394/17-UDCNTTCB-SPKTVL','07/11/2017',NULL,NULL,'',NULL),(2109,9,2421,'K004CB112',NULL,NULL,NULL,NULL,7.5,9,16.5,'CB00395','395/17-UDCNTTCB-SPKTVL','07/11/2017',NULL,NULL,'',NULL),(2110,9,2422,'K004CB113',NULL,NULL,NULL,NULL,7.5,6.5,14,'CB00396','396/17-UDCNTTCB-SPKTVL','07/11/2017',NULL,NULL,'',NULL),(2111,9,2423,'K004CB114',NULL,NULL,NULL,NULL,6,6.5,12.5,'CB00397','397/17-UDCNTTCB-SPKTVL','07/11/2017',NULL,NULL,'',NULL),(2112,9,2424,'K004CB115',NULL,NULL,NULL,NULL,7,8,15,'CB00398','398/17-UDCNTTCB-SPKTVL','07/11/2017',NULL,NULL,'',NULL),(2113,9,2425,'K004CB116',NULL,NULL,NULL,NULL,8,8.5,16.5,'CB00399','399/17-UDCNTTCB-SPKTVL','07/11/2017',NULL,NULL,'',NULL),(2114,9,2426,'K004CB117',NULL,NULL,NULL,NULL,6.5,8.5,15,'CB00400','400/17-UDCNTTCB-SPKTVL','07/11/2017',NULL,NULL,'',NULL),(2115,9,2427,'K004CB119',NULL,NULL,NULL,NULL,5,7,12,'CB00401','401/17-UDCNTTCB-SPKTVL','07/11/2017',NULL,NULL,'',NULL),(2116,9,2428,'K004CB120',NULL,NULL,NULL,NULL,6,7,13,'CB00402','402/17-UDCNTTCB-SPKTVL','07/11/2017',NULL,NULL,'',NULL),(2117,9,2429,'K004CB121',NULL,NULL,NULL,NULL,6,5.5,11.5,'CB00403','403/17-UDCNTTCB-SPKTVL','07/11/2017',NULL,NULL,'',NULL),(2118,9,2430,'K004CB122',NULL,NULL,NULL,NULL,8,8,16,'CB00404','404/17-UDCNTTCB-SPKTVL','07/11/2017',NULL,NULL,'',NULL),(2119,9,2431,'K004CB123',NULL,NULL,NULL,NULL,8,7.5,15.5,'CB00405','405/17-UDCNTTCB-SPKTVL','07/11/2017',NULL,NULL,'',NULL),(2120,9,2432,'K004CB124',NULL,NULL,NULL,NULL,7.5,5,12.5,'CB00406','406/17-UDCNTTCB-SPKTVL','07/11/2017',NULL,NULL,'',NULL),(2121,9,2433,'K004CB125',NULL,NULL,NULL,NULL,6.5,5.5,12,'CB00407','407/17-UDCNTTCB-SPKTVL','07/11/2017',NULL,NULL,'',NULL),(2122,9,2434,'K004CB126',NULL,NULL,NULL,NULL,5.5,7.5,13,'CB00408','408/17-UDCNTTCB-SPKTVL','07/11/2017',NULL,NULL,'',NULL),(2123,9,2435,'K004CB127',NULL,NULL,NULL,NULL,5.5,7,12.5,'CB00409','409/17-UDCNTTCB-SPKTVL','07/11/2017',NULL,NULL,'',NULL),(2124,9,2436,'K004CB128',NULL,NULL,NULL,NULL,7.5,8.5,16,'CB00410','410/17-UDCNTTCB-SPKTVL','07/11/2017',NULL,NULL,'',NULL),(2125,9,2437,'K004CB129',NULL,NULL,NULL,NULL,6,5,11,'CB00411','411/17-UDCNTTCB-SPKTVL','07/11/2017',NULL,NULL,'',NULL),(2126,9,2438,'K004CB130',NULL,NULL,NULL,NULL,6,8,14,'CB00412','412/17-UDCNTTCB-SPKTVL','07/11/2017',NULL,NULL,'',NULL),(2127,9,2439,'K004CB131',NULL,NULL,NULL,NULL,6.5,7,13.5,'CB00413','413/17-UDCNTTCB-SPKTVL','07/11/2017',NULL,NULL,'',NULL),(2128,9,2440,'K004CB132',NULL,NULL,NULL,NULL,5.5,7,12.5,'CB00414','414/17-UDCNTTCB-SPKTVL','07/11/2017',NULL,NULL,'',NULL),(2129,9,2441,'K004CB133',NULL,NULL,NULL,NULL,6.5,9,15.5,'CB00415','415/17-UDCNTTCB-SPKTVL','07/11/2017',NULL,NULL,'',NULL),(2130,9,2442,'K004CB134',NULL,NULL,NULL,NULL,5.5,5,10.5,'CB00416','416/17-UDCNTTCB-SPKTVL','07/11/2017',NULL,NULL,'',NULL),(2131,9,2443,'K004CB135',NULL,NULL,NULL,NULL,7.5,7,14.5,'CB00417','417/17-UDCNTTCB-SPKTVL','07/11/2017',NULL,NULL,'',NULL),(2132,9,2444,'K004CB136',NULL,NULL,NULL,NULL,7.5,7.5,15,'CB00418','418/17-UDCNTTCB-SPKTVL','07/11/2017',NULL,NULL,'',NULL),(2133,9,2445,'K004CB137',NULL,NULL,NULL,NULL,6.5,8.5,15,'CB00419','419/17-UDCNTTCB-SPKTVL','07/11/2017',NULL,NULL,'',NULL),(2134,9,2446,'K004CB138',NULL,NULL,NULL,NULL,5.5,7,12.5,'CB00420','420/17-UDCNTTCB-SPKTVL','07/11/2017',NULL,NULL,'',NULL),(2135,9,2447,'K004CB139',NULL,NULL,NULL,NULL,7.5,8,15.5,'CB00421','421/17-UDCNTTCB-SPKTVL','07/11/2017',NULL,NULL,'',NULL),(2136,9,2448,'K004CB140',NULL,NULL,NULL,NULL,8,9,17,'CB00422','422/17-UDCNTTCB-SPKTVL','07/11/2017',NULL,NULL,'',NULL),(2137,9,2449,'K004CB141',NULL,NULL,NULL,NULL,7.5,9,16.5,'CB00423','423/17-UDCNTTCB-SPKTVL','07/11/2017',NULL,NULL,'',NULL),(2138,9,2450,'K004CB142',NULL,NULL,NULL,NULL,6.5,5.5,12,'CB00424','424/17-UDCNTTCB-SPKTVL','07/11/2017',NULL,NULL,'',NULL),(2139,9,2451,'K004CB143',NULL,NULL,NULL,NULL,7,6,13,'CB00425','425/17-UDCNTTCB-SPKTVL','07/11/2017',NULL,NULL,'',NULL),(2140,9,2452,'K004CB144',NULL,NULL,NULL,NULL,7.5,7,14.5,'CB00426','426/17-UDCNTTCB-SPKTVL','07/11/2017',NULL,NULL,'',NULL),(2141,9,2453,'K004CB145',NULL,NULL,NULL,NULL,7.5,8.5,16,'CB00427','427/17-UDCNTTCB-SPKTVL','07/11/2017',NULL,NULL,'',NULL),(2142,9,2454,'K004CB146',NULL,NULL,NULL,NULL,8,7,15,'CB00428','428/17-UDCNTTCB-SPKTVL','07/11/2017',NULL,NULL,'',NULL),(2143,9,2455,'K004CB147',NULL,NULL,NULL,NULL,6.5,9,15.5,'CB00429','429/17-UDCNTTCB-SPKTVL','07/11/2017',NULL,NULL,'',NULL),(2144,9,2456,'K004CB148',NULL,NULL,NULL,NULL,6,7,13,'CB00430','430/17-UDCNTTCB-SPKTVL','07/11/2017',NULL,NULL,'',NULL),(2145,9,2457,'K004CB150',NULL,NULL,NULL,NULL,5.5,8,13.5,'CB00431','431/17-UDCNTTCB-SPKTVL','07/11/2017',NULL,NULL,'',NULL),(2146,9,2458,'K004CB151',NULL,NULL,NULL,NULL,6.5,8.5,15,'CB00432','432/17-UDCNTTCB-SPKTVL','07/11/2017',NULL,NULL,'',NULL),(2147,9,2459,'K004CB152',NULL,NULL,NULL,NULL,7.5,8.5,16,'CB00433','433/17-UDCNTTCB-SPKTVL','07/11/2017',NULL,NULL,'',NULL),(2148,9,2460,'K004CB153',NULL,NULL,NULL,NULL,7,7,14,'CB00434','434/17-UDCNTTCB-SPKTVL','07/11/2017',NULL,NULL,'',NULL),(2149,9,2461,'K004CB155',NULL,NULL,NULL,NULL,7.5,8.5,16,'CB00435','435/17-UDCNTTCB-SPKTVL','07/11/2017',NULL,NULL,'',NULL),(2150,9,2462,'K004CB156',NULL,NULL,NULL,NULL,8.5,8,16.5,'CB00436','436/17-UDCNTTCB-SPKTVL','07/11/2017',NULL,NULL,'',NULL),(2151,9,2463,'K004CB157',NULL,NULL,NULL,NULL,8.5,7.5,16,'CB00437','437/17-UDCNTTCB-SPKTVL','07/11/2017',NULL,NULL,'',NULL),(2152,9,2464,'K004CB158',NULL,NULL,NULL,NULL,5.5,8,13.5,'CB00438','438/17-UDCNTTCB-SPKTVL','07/11/2017',NULL,NULL,'',NULL),(2153,9,2465,'K004CB159',NULL,NULL,NULL,NULL,5.5,6,11.5,'CB00439','439/17-UDCNTTCB-SPKTVL','07/11/2017',NULL,NULL,'',NULL),(2154,9,2466,'K004CB160',NULL,NULL,NULL,NULL,6.5,8,14.5,'CB00440','440/17-UDCNTTCB-SPKTVL','07/11/2017',NULL,NULL,'',NULL),(2155,9,2467,'K004CB161',NULL,NULL,NULL,NULL,8,8,16,'CB00441','441/17-UDCNTTCB-SPKTVL','07/11/2017',NULL,NULL,'',NULL),(2156,9,2468,'K004CB162',NULL,NULL,NULL,NULL,8,9,17,'CB00442','442/17-UDCNTTCB-SPKTVL','07/11/2017',NULL,NULL,'',NULL),(2157,9,2469,'K004CB164',NULL,NULL,NULL,NULL,6,7.5,13.5,'CB00443','443/17-UDCNTTCB-SPKTVL','07/11/2017',NULL,NULL,'',NULL),(2158,9,2470,'K004CB165',NULL,NULL,NULL,NULL,5.5,5.5,11,'CB00444','444/17-UDCNTTCB-SPKTVL','07/11/2017',NULL,NULL,'',NULL),(2159,9,2471,'K004CB166',NULL,NULL,NULL,NULL,5.5,7.5,13,'CB00445','445/17-UDCNTTCB-SPKTVL','07/11/2017',NULL,NULL,'',NULL),(2160,9,2472,'K004CB167',NULL,NULL,NULL,NULL,7,7.5,14.5,'CB00446','446/17-UDCNTTCB-SPKTVL','07/11/2017',NULL,NULL,'',NULL),(2161,9,2473,'K004CB168',NULL,NULL,NULL,NULL,6.5,6.5,13,'CB00447','447/17-UDCNTTCB-SPKTVL','07/11/2017',NULL,NULL,'',NULL),(2162,9,2474,'K004CB169',NULL,NULL,NULL,NULL,5.5,6.5,12,'CB00448','448/17-UDCNTTCB-SPKTVL','07/11/2017',NULL,NULL,'',NULL),(2163,9,2475,'K004CB170',NULL,NULL,NULL,NULL,6.5,8.5,15,'CB00449','449/17-UDCNTTCB-SPKTVL','07/11/2017',NULL,NULL,'',NULL),(2164,9,2476,'K004CB171',NULL,NULL,NULL,NULL,7.5,5.5,13,'CB00450','450/17-UDCNTTCB-SPKTVL','07/11/2017',NULL,NULL,'',NULL),(2165,9,2477,'K004CB172',NULL,NULL,NULL,NULL,5.5,7.5,13,'CB00451','451/17-UDCNTTCB-SPKTVL','07/11/2017',NULL,NULL,'',NULL),(2166,9,2478,'K004CB173',NULL,NULL,NULL,NULL,6.5,8,14.5,'CB00452','452/17-UDCNTTCB-SPKTVL','07/11/2017',NULL,NULL,'',NULL),(2167,9,2479,'K004CB174',NULL,NULL,NULL,NULL,8,6.5,14.5,'CB00453','453/17-UDCNTTCB-SPKTVL','07/11/2017',NULL,NULL,'',NULL),(2168,9,2480,'K004CB177',NULL,NULL,NULL,NULL,6.5,6.5,13,'CB00454','454/17-UDCNTTCB-SPKTVL','07/11/2017',NULL,NULL,'',NULL),(2169,9,2481,'K004CB179',NULL,NULL,NULL,NULL,6.5,8,14.5,'CB00455','455/17-UDCNTTCB-SPKTVL','07/11/2017',NULL,NULL,'',NULL),(2170,9,2482,'K004CB180',NULL,NULL,NULL,NULL,6,5.5,11.5,'CB00456','456/17-UDCNTTCB-SPKTVL','07/11/2017',NULL,NULL,'',NULL),(2171,9,2483,'K004CB181',NULL,NULL,NULL,NULL,8.5,9.5,18,'CB00457','457/17-UDCNTTCB-SPKTVL','07/11/2017',NULL,NULL,'',NULL),(2172,9,2484,'K004CB182',NULL,NULL,NULL,NULL,8,9.5,17.5,'CB00458','458/17-UDCNTTCB-SPKTVL','07/11/2017',NULL,NULL,'',NULL),(2173,9,2485,'K004CB183',NULL,NULL,NULL,NULL,7.5,10,17.5,'CB00459','459/17-UDCNTTCB-SPKTVL','07/11/2017',NULL,NULL,'',NULL),(2174,9,2486,'K004CB184',NULL,NULL,NULL,NULL,5.5,8.5,14,'CB00460','460/17-UDCNTTCB-SPKTVL','07/11/2017',NULL,NULL,'',NULL),(2175,9,2487,'K004CB185',NULL,NULL,NULL,NULL,7.5,7.5,15,'CB00461','461/17-UDCNTTCB-SPKTVL','07/11/2017',NULL,NULL,'',NULL),(2176,9,2488,'K004CB186',NULL,NULL,NULL,NULL,8.5,6,14.5,'CB00462','462/17-UDCNTTCB-SPKTVL','07/11/2017',NULL,NULL,'',NULL),(2177,9,2489,'K004CB187',NULL,NULL,NULL,NULL,6.5,6.5,13,'CB00463','463/17-UDCNTTCB-SPKTVL','07/11/2017',NULL,NULL,'',NULL),(2178,9,2490,'K004CB188',NULL,NULL,NULL,NULL,5.5,6,11.5,'CB00464','464/17-UDCNTTCB-SPKTVL','07/11/2017',NULL,NULL,'',NULL),(2179,9,2491,'K004CB189',NULL,NULL,NULL,NULL,6.5,6,12.5,'CB00465','465/17-UDCNTTCB-SPKTVL','07/11/2017',NULL,NULL,'',NULL),(2180,9,2492,'K004CB190',NULL,NULL,NULL,NULL,7,8,15,'CB00466','466/17-UDCNTTCB-SPKTVL','07/11/2017',NULL,NULL,'',NULL),(2181,9,2493,'K004CB191',NULL,NULL,NULL,NULL,7.5,10,17.5,'CB00467','467/17-UDCNTTCB-SPKTVL','07/11/2017',NULL,NULL,'',NULL),(2182,9,2494,'K004CB193',NULL,NULL,NULL,NULL,5.5,7,12.5,'CB00468','468/17-UDCNTTCB-SPKTVL','07/11/2017',NULL,NULL,'',NULL),(2183,9,2495,'K004CB194',NULL,NULL,NULL,NULL,6.5,6.5,13,'CB00469','469/17-UDCNTTCB-SPKTVL','07/11/2017',NULL,NULL,'',NULL),(2184,9,2496,'K004CB195',NULL,NULL,NULL,NULL,6,8.5,14.5,'CB00470','470/17-UDCNTTCB-SPKTVL','07/11/2017',NULL,NULL,'',NULL),(2185,9,2497,'K004CB196',NULL,NULL,NULL,NULL,7,9.5,16.5,'CB00471','471/17-UDCNTTCB-SPKTVL','07/11/2017',NULL,NULL,'',NULL),(2186,9,2498,'K004CB197',NULL,NULL,NULL,NULL,7.5,7,14.5,'CB00472','472/17-UDCNTTCB-SPKTVL','07/11/2017',NULL,NULL,'',NULL),(2187,9,2499,'K004CB198',NULL,NULL,NULL,NULL,6,7,13,'CB00473','473/17-UDCNTTCB-SPKTVL','07/11/2017',NULL,NULL,'',NULL),(2188,9,2500,'K004CB199',NULL,NULL,NULL,NULL,6.5,5,11.5,'CB00474','474/17-UDCNTTCB-SPKTVL','07/11/2017',NULL,NULL,'',NULL),(2189,9,2501,'K004CB203',NULL,NULL,NULL,NULL,8,9.5,17.5,'CB00475','475/17-UDCNTTCB-SPKTVL','07/11/2017',NULL,NULL,'',NULL),(2190,9,2502,'K004CB204',NULL,NULL,NULL,NULL,8,10,18,'CB00476','476/17-UDCNTTCB-SPKTVL','07/11/2017',NULL,NULL,'',NULL),(2191,9,2503,'K004CB205',NULL,NULL,NULL,NULL,6.5,9,15.5,'CB00477','477/17-UDCNTTCB-SPKTVL','07/11/2017',NULL,NULL,'',NULL),(2192,9,2504,'K004CB206',NULL,NULL,NULL,NULL,6.5,6,12.5,'CB00478','478/17-UDCNTTCB-SPKTVL','07/11/2017',NULL,NULL,'',NULL),(2193,9,2505,'K004CB207',NULL,NULL,NULL,NULL,6.5,7,13.5,'CB00479','479/17-UDCNTTCB-SPKTVL','07/11/2017',NULL,NULL,'',NULL),(2194,9,2506,'K004CB208',NULL,NULL,NULL,NULL,7,6,13,'CB00480','480/17-UDCNTTCB-SPKTVL','07/11/2017',NULL,NULL,'',NULL),(2195,9,2507,'K004CB209',NULL,NULL,NULL,NULL,7,6,13,'CB00481','481/17-UDCNTTCB-SPKTVL','07/11/2017',NULL,NULL,'',NULL),(2196,9,2508,'K004CB210',NULL,NULL,NULL,NULL,7.5,7.5,15,'CB00482','482/17-UDCNTTCB-SPKTVL','07/11/2017',NULL,NULL,'',NULL),(2197,9,2509,'K004CB211',NULL,NULL,NULL,NULL,5.5,7,12.5,'CB00483','483/17-UDCNTTCB-SPKTVL','07/11/2017',NULL,NULL,'',NULL),(2198,9,2510,'K004CB214',NULL,NULL,NULL,NULL,8,9,17,'CB00484','484/17-UDCNTTCB-SPKTVL','07/11/2017',NULL,NULL,'',NULL),(2467,10,2779,'K005CB014',NULL,NULL,NULL,NULL,6,10,16,'CB00486','001/18-UDCNTTCB-SPKTVL','08/03/2018',NULL,NULL,'',NULL),(2468,10,2780,'K005CB120',NULL,NULL,NULL,NULL,7.5,8,15.5,'CB00487','002/18-UDCNTTCB-SPKTVL','08/03/2018',NULL,NULL,'',NULL),(2469,10,2781,'K005CB124',NULL,NULL,NULL,NULL,9.5,9.5,19,'CB00488','003/18-UDCNTTCB-SPKTVL','08/03/2018',NULL,NULL,'',NULL),(2470,10,2782,'K005CB125',NULL,NULL,NULL,NULL,8,10,18,'CB00489','004/18-UDCNTTCB-SPKTVL','08/03/2018',NULL,NULL,'',NULL),(2471,10,2783,'K005CB201',NULL,NULL,NULL,NULL,9,8.5,17.5,'CB00490','005/18-UDCNTTCB-SPKTVL','08/03/2018',NULL,NULL,'',NULL),(2472,10,2784,'K005CB228',NULL,NULL,NULL,NULL,10,9,19,'CB00491','006/18-UDCNTTCB-SPKTVL','08/03/2018',NULL,NULL,'',NULL),(2473,10,2785,'K005CB259',NULL,NULL,NULL,NULL,8,6.5,14.5,'CB00492','007/18-UDCNTTCB-SPKTVL','08/03/2018',NULL,NULL,'',NULL),(2474,10,2786,'K005CB301',NULL,NULL,NULL,NULL,10,5,15,'CB00493','008/18-UDCNTTCB-SPKTVL','08/03/2018',NULL,NULL,'',NULL),(2475,10,2787,'K005CB302',NULL,NULL,NULL,NULL,9.5,8,17.5,'CB00494','009/18-UDCNTTCB-SPKTVL','08/03/2018',NULL,NULL,'',NULL),(2476,10,2788,'K005CB303',NULL,NULL,NULL,NULL,8,6.5,14.5,'CB00495','010/18-UDCNTTCB-SPKTVL','08/03/2018',NULL,NULL,'',NULL),(2477,10,2789,'K005CB305',NULL,NULL,NULL,NULL,9,5,14,'CB00496','011/18-UDCNTTCB-SPKTVL','08/03/2018',NULL,NULL,'',NULL),(2478,10,2790,'K005CB306',NULL,NULL,NULL,NULL,9,9,18,'CB00497','012/18-UDCNTTCB-SPKTVL','08/03/2018',NULL,NULL,'',NULL),(2479,10,2791,'K005CB307',NULL,NULL,NULL,NULL,7.5,9,16.5,'CB00498','013/18-UDCNTTCB-SPKTVL','08/03/2018',NULL,NULL,'',NULL),(2480,10,2792,'K005CB308',NULL,NULL,NULL,NULL,5,5,10,'CB00499','014/18-UDCNTTCB-SPKTVL','08/03/2018',NULL,NULL,'',NULL),(2481,10,2793,'K005CB309',NULL,NULL,NULL,NULL,10,8,18,'CB00500','015/18-UDCNTTCB-SPKTVL','08/03/2018',NULL,NULL,'',NULL),(2482,10,2794,'K005CB310',NULL,NULL,NULL,NULL,8,8.5,16.5,'CB00501','016/18-UDCNTTCB-SPKTVL','08/03/2018',NULL,NULL,'',NULL),(2483,10,2795,'K005CB311',NULL,NULL,NULL,NULL,8.5,9,17.5,'CB00502','017/18-UDCNTTCB-SPKTVL','08/03/2018',NULL,NULL,'',NULL),(2484,10,2796,'K005CB312',NULL,NULL,NULL,NULL,8.5,6,14.5,'CB00503','018/18-UDCNTTCB-SPKTVL','08/03/2018',NULL,NULL,'',NULL),(2485,10,2797,'K005CB313',NULL,NULL,NULL,NULL,9,9,18,'CB00504','019/18-UDCNTTCB-SPKTVL','08/03/2018',NULL,NULL,'',NULL),(2486,10,2798,'K005CB314',NULL,NULL,NULL,NULL,9,9,18,'CB00505','020/18-UDCNTTCB-SPKTVL','08/03/2018',NULL,NULL,'',NULL),(2487,10,2799,'K005CB315',NULL,NULL,NULL,NULL,10,9,19,'CB00506','021/18-UDCNTTCB-SPKTVL','08/03/2018',NULL,NULL,'',NULL),(2488,10,2800,'K005CB316',NULL,NULL,NULL,NULL,9.5,9.5,19,'CB00507','022/18-UDCNTTCB-SPKTVL','08/03/2018',NULL,NULL,'',NULL),(2489,10,2801,'K005CB317',NULL,NULL,NULL,NULL,6,6,12,'CB00508','023/18-UDCNTTCB-SPKTVL','08/03/2018',NULL,NULL,'',NULL),(2490,10,2802,'K005CB318',NULL,NULL,NULL,NULL,5,8.5,13.5,'CB00509','024/18-UDCNTTCB-SPKTVL','08/03/2018',NULL,NULL,'',NULL),(2491,10,2803,'K005CB319',NULL,NULL,NULL,NULL,7.5,6.5,14,'CB00510','025/18-UDCNTTCB-SPKTVL','08/03/2018',NULL,NULL,'',NULL),(2492,10,2804,'K005CB320',NULL,NULL,NULL,NULL,6.5,6.5,13,'CB00511','026/18-UDCNTTCB-SPKTVL','08/03/2018',NULL,NULL,'',NULL),(2493,10,2805,'K005CB321',NULL,NULL,NULL,NULL,6,7.5,13.5,'CB00512','027/18-UDCNTTCB-SPKTVL','08/03/2018',NULL,NULL,'',NULL),(2494,10,2806,'K005CB322',NULL,NULL,NULL,NULL,5.5,8,13.5,'CB00513','028/18-UDCNTTCB-SPKTVL','08/03/2018',NULL,NULL,'',NULL),(2495,10,2807,'K005CB323',NULL,NULL,NULL,NULL,8,9.5,17.5,'CB00514','029/18-UDCNTTCB-SPKTVL','08/03/2018',NULL,NULL,'',NULL),(2496,10,2808,'K005CB324',NULL,NULL,NULL,NULL,8,9,17,'CB00515','030/18-UDCNTTCB-SPKTVL','08/03/2018',NULL,NULL,'',NULL),(2497,10,2809,'K005CB325',NULL,NULL,NULL,NULL,8,7,15,'CB00516','031/18-UDCNTTCB-SPKTVL','08/03/2018',NULL,NULL,'',NULL),(2498,10,2810,'K005CB326',NULL,NULL,NULL,NULL,5.5,6.5,12,'CB00517','032/18-UDCNTTCB-SPKTVL','08/03/2018',NULL,NULL,'',NULL),(2499,10,2811,'K005CB327',NULL,NULL,NULL,NULL,8,10,18,'CB00518','033/18-UDCNTTCB-SPKTVL','08/03/2018',NULL,NULL,'',NULL),(2500,10,2812,'K005CB328',NULL,NULL,NULL,NULL,7.5,5.5,13,'CB00519','034/18-UDCNTTCB-SPKTVL','08/03/2018',NULL,NULL,'',NULL),(2501,10,2813,'K005CB329',NULL,NULL,NULL,NULL,6.5,7.5,14,'CB00520','035/18-UDCNTTCB-SPKTVL','08/03/2018',NULL,NULL,'',NULL),(2502,10,2814,'K005CB330',NULL,NULL,NULL,NULL,7,6,13,'CB00521','036/18-UDCNTTCB-SPKTVL','08/03/2018',NULL,NULL,'',NULL),(2503,10,2815,'K005CB331',NULL,NULL,NULL,NULL,8,6.5,14.5,'CB00522','037/18-UDCNTTCB-SPKTVL','08/03/2018',NULL,NULL,'',NULL),(2504,10,2816,'K005CB332',NULL,NULL,NULL,NULL,9,9,18,'CB00523','038/18-UDCNTTCB-SPKTVL','08/03/2018',NULL,NULL,'',NULL),(2505,10,2817,'K005CB333',NULL,NULL,NULL,NULL,8.5,8,16.5,'CB00524','039/18-UDCNTTCB-SPKTVL','08/03/2018',NULL,NULL,'',NULL),(2506,10,2818,'K005CB334',NULL,NULL,NULL,NULL,7,6,13,'CB00525','040/18-UDCNTTCB-SPKTVL','08/03/2018',NULL,NULL,'Có đề nghị điều chỉnh thành 1996',NULL),(2507,10,2819,'K005CB335',NULL,NULL,NULL,NULL,5.5,7,12.5,'CB00526','041/18-UDCNTTCB-SPKTVL','08/03/2018',NULL,NULL,'',NULL),(2508,10,2820,'K005CB336',NULL,NULL,NULL,NULL,5,6,11,'CB00527','042/18-UDCNTTCB-SPKTVL','08/03/2018',NULL,NULL,'',NULL),(2509,10,2821,'K005CB337',NULL,NULL,NULL,NULL,7,5,12,'CB00528','043/18-UDCNTTCB-SPKTVL','08/03/2018',NULL,NULL,'',NULL),(2510,10,2822,'K005CB338',NULL,NULL,NULL,NULL,7,6,13,'CB00529','044/18-UDCNTTCB-SPKTVL','08/03/2018',NULL,NULL,'',NULL),(2511,10,2823,'K005CB339',NULL,NULL,NULL,NULL,7.5,6.5,14,'CB00530','045/18-UDCNTTCB-SPKTVL','08/03/2018',NULL,NULL,'',NULL),(2512,10,2824,'K005CB340',NULL,NULL,NULL,NULL,5,5.5,10.5,'CB00531','046/18-UDCNTTCB-SPKTVL','08/03/2018',NULL,NULL,'',NULL),(2513,10,2825,'K005CB341',NULL,NULL,NULL,NULL,7.5,6,13.5,'CB00532','047/18-UDCNTTCB-SPKTVL','08/03/2018',NULL,NULL,'',NULL),(2514,10,2826,'K005CB342',NULL,NULL,NULL,NULL,5.5,6,11.5,'CB00533','048/18-UDCNTTCB-SPKTVL','08/03/2018',NULL,NULL,'',NULL),(2515,10,2827,'K005CB343',NULL,NULL,NULL,NULL,7.5,8.5,16,'CB00534','049/18-UDCNTTCB-SPKTVL','08/03/2018',NULL,NULL,'',NULL),(2516,10,2828,'K005CB344',NULL,NULL,NULL,NULL,8,5,13,'CB00535','050/18-UDCNTTCB-SPKTVL','08/03/2018',NULL,NULL,'',NULL),(2517,10,2829,'K005CB345',NULL,NULL,NULL,NULL,6,6.5,12.5,'CB00536','051/18-UDCNTTCB-SPKTVL','08/03/2018',NULL,NULL,'',NULL),(2518,10,2830,'K005CB346',NULL,NULL,NULL,NULL,5,5,10,'CB00537','052/18-UDCNTTCB-SPKTVL','08/03/2018',NULL,NULL,'',NULL),(2519,10,2831,'K005CB347',NULL,NULL,NULL,NULL,6,6.5,12.5,'CB00538','053/18-UDCNTTCB-SPKTVL','08/03/2018',NULL,NULL,'',NULL),(2520,10,2832,'K005CB348',NULL,NULL,NULL,NULL,7,6.5,13.5,'CB00539','054/18-UDCNTTCB-SPKTVL','08/03/2018',NULL,NULL,'',NULL),(2521,10,2833,'K005CB349',NULL,NULL,NULL,NULL,5,6,11,'CB00540','055/18-UDCNTTCB-SPKTVL','08/03/2018',NULL,NULL,'',NULL),(2522,10,2834,'K005CB350',NULL,NULL,NULL,NULL,6,7,13,'CB00541','056/18-UDCNTTCB-SPKTVL','08/03/2018',NULL,NULL,'',NULL),(2523,10,2835,'K005CB351',NULL,NULL,NULL,NULL,6.5,7,13.5,'CB00542','057/18-UDCNTTCB-SPKTVL','08/03/2018',NULL,NULL,'',NULL),(2524,10,2836,'K005CB352',NULL,NULL,NULL,NULL,6.5,8.5,15,'CB00543','058/18-UDCNTTCB-SPKTVL','08/03/2018',NULL,NULL,'',NULL),(2525,10,2837,'K005CB353',NULL,NULL,NULL,NULL,5.5,6,11.5,'CB00544','059/18-UDCNTTCB-SPKTVL','08/03/2018',NULL,NULL,'',NULL),(2526,10,2838,'K005CB354',NULL,NULL,NULL,NULL,6,7.5,13.5,'CB00545','060/18-UDCNTTCB-SPKTVL','08/03/2018',NULL,NULL,'',NULL),(2527,10,2839,'K005CB355',NULL,NULL,NULL,NULL,7.5,6.5,14,'CB00546','061/18-UDCNTTCB-SPKTVL','08/03/2018',NULL,NULL,'',NULL),(2528,10,2840,'K005CB356',NULL,NULL,NULL,NULL,7.5,7,14.5,'CB00547','062/18-UDCNTTCB-SPKTVL','08/03/2018',NULL,NULL,'',NULL),(2529,10,2841,'K005CB357',NULL,NULL,NULL,NULL,7.5,8.5,16,'CB00548','063/18-UDCNTTCB-SPKTVL','08/03/2018',NULL,NULL,'',NULL),(2530,10,2842,'K005CB358',NULL,NULL,NULL,NULL,7,5,12,'CB00549','064/18-UDCNTTCB-SPKTVL','08/03/2018',NULL,NULL,'',NULL),(2531,10,2843,'K005CB359',NULL,NULL,NULL,NULL,7,8,15,'CB00550','065/18-UDCNTTCB-SPKTVL','08/03/2018',NULL,NULL,'',NULL),(2532,10,2844,'K005CB360',NULL,NULL,NULL,NULL,7.5,9,16.5,'CB00551','066/18-UDCNTTCB-SPKTVL','08/03/2018',NULL,NULL,'',NULL),(2533,10,2845,'K005CB361',NULL,NULL,NULL,NULL,8,6.5,14.5,'CB00552','067/18-UDCNTTCB-SPKTVL','08/03/2018',NULL,NULL,'',NULL),(2534,10,2846,'K005CB362',NULL,NULL,NULL,NULL,6,6.5,12.5,'CB00553','068/18-UDCNTTCB-SPKTVL','08/03/2018',NULL,NULL,'',NULL),(2535,10,2847,'K005CB363',NULL,NULL,NULL,NULL,7,7.5,14.5,'CB00554','069/18-UDCNTTCB-SPKTVL','08/03/2018',NULL,NULL,'',NULL),(2536,10,2848,'K005CB364',NULL,NULL,NULL,NULL,7,9,16,'CB00555','070/18-UDCNTTCB-SPKTVL','08/03/2018',NULL,NULL,'',NULL),(2537,10,2849,'K005CB365',NULL,NULL,NULL,NULL,7.5,7,14.5,'CB00556','071/18-UDCNTTCB-SPKTVL','08/03/2018',NULL,NULL,'',NULL),(2538,10,2850,'K005CB366',NULL,NULL,NULL,NULL,8.5,9,17.5,'CB00557','072/18-UDCNTTCB-SPKTVL','08/03/2018',NULL,NULL,'',NULL),(2539,10,2851,'K005CB367',NULL,NULL,NULL,NULL,7,8.5,15.5,'CB00558','073/18-UDCNTTCB-SPKTVL','08/03/2018',NULL,NULL,'',NULL),(2540,10,2852,'K005CB368',NULL,NULL,NULL,NULL,8.5,9.5,18,'CB00559','074/18-UDCNTTCB-SPKTVL','08/03/2018',NULL,NULL,'',NULL),(2541,10,2853,'K005CB369',NULL,NULL,NULL,NULL,9,8.5,17.5,'CB00560','075/18-UDCNTTCB-SPKTVL','08/03/2018',NULL,NULL,'',NULL),(2542,10,2854,'K005CB370',NULL,NULL,NULL,NULL,8,7,15,'CB00561','076/18-UDCNTTCB-SPKTVL','08/03/2018',NULL,NULL,'',NULL),(2543,10,2855,'K005CB371',NULL,NULL,NULL,NULL,7,9.5,16.5,'CB00562','077/18-UDCNTTCB-SPKTVL','08/03/2018',NULL,NULL,'',NULL),(2544,10,2856,'K005CB372',NULL,NULL,NULL,NULL,8.5,8,16.5,'CB00563','078/18-UDCNTTCB-SPKTVL','08/03/2018',NULL,NULL,'',NULL),(2545,10,2857,'K005CB373',NULL,NULL,NULL,NULL,9,9,18,'CB00564','079/18-UDCNTTCB-SPKTVL','08/03/2018',NULL,NULL,'',NULL),(2546,10,2858,'K005CB374',NULL,NULL,NULL,NULL,8,6.5,14.5,'CB00565','080/18-UDCNTTCB-SPKTVL','08/03/2018',NULL,NULL,'',NULL),(2547,10,2859,'K005CB375',NULL,NULL,NULL,NULL,9.5,9.5,19,'CB00566','081/18-UDCNTTCB-SPKTVL','08/03/2018',NULL,NULL,'',NULL),(2548,10,2860,'K005CB376',NULL,NULL,NULL,NULL,9,8.5,17.5,'CB00567','082/18-UDCNTTCB-SPKTVL','08/03/2018',NULL,NULL,'',NULL),(2549,10,2861,'K005CB377',NULL,NULL,NULL,NULL,8,8,16,'CB00568','083/18-UDCNTTCB-SPKTVL','08/03/2018',NULL,NULL,'',NULL),(2550,10,2862,'K005CB378',NULL,NULL,NULL,NULL,9.5,9,18.5,'CB00569','084/18-UDCNTTCB-SPKTVL','08/03/2018',NULL,NULL,'',NULL),(2551,10,2863,'K005CB379',NULL,NULL,NULL,NULL,9,7,16,'CB00570','085/18-UDCNTTCB-SPKTVL','08/03/2018',NULL,NULL,'',NULL),(2552,10,2864,'K005CB380',NULL,NULL,NULL,NULL,9,8.5,17.5,'CB00571','086/18-UDCNTTCB-SPKTVL','08/03/2018',NULL,NULL,'',NULL),(2553,10,2865,'K005CB381',NULL,NULL,NULL,NULL,9,9,18,'CB00572','087/18-UDCNTTCB-SPKTVL','08/03/2018',NULL,NULL,'',NULL),(2554,10,2866,'K005CB382',NULL,NULL,NULL,NULL,8.5,6.5,15,'CB00573','088/18-UDCNTTCB-SPKTVL','08/03/2018',NULL,NULL,'',NULL),(2555,10,2867,'K005CB383',NULL,NULL,NULL,NULL,9,7,16,'CB00574','089/18-UDCNTTCB-SPKTVL','08/03/2018',NULL,NULL,'',NULL),(2556,10,2868,'K005CB384',NULL,NULL,NULL,NULL,9,7.5,16.5,'CB00575','090/18-UDCNTTCB-SPKTVL','08/03/2018',NULL,NULL,'',NULL),(2557,10,2869,'K005CB385',NULL,NULL,NULL,NULL,8,5.5,13.5,'CB00576','091/18-UDCNTTCB-SPKTVL','08/03/2018',NULL,NULL,'',NULL),(2558,10,2870,'K005CB386',NULL,NULL,NULL,NULL,9,7,16,'CB00577','092/18-UDCNTTCB-SPKTVL','08/03/2018',NULL,NULL,'',NULL),(2559,10,2871,'K005CB387',NULL,NULL,NULL,NULL,8,9,17,'CB00578','093/18-UDCNTTCB-SPKTVL','08/03/2018',NULL,NULL,'',NULL),(2560,10,2872,'K005CB388',NULL,NULL,NULL,NULL,9,8.5,17.5,'CB00579','094/18-UDCNTTCB-SPKTVL','08/03/2018',NULL,NULL,'',NULL),(2561,10,2873,'K005CB389',NULL,NULL,NULL,NULL,9.5,9.5,19,'CB00580','095/18-UDCNTTCB-SPKTVL','08/03/2018',NULL,NULL,'',NULL),(2562,10,2874,'K005CB390',NULL,NULL,NULL,NULL,6,6,12,'CB00581','096/18-UDCNTTCB-SPKTVL','08/03/2018',NULL,NULL,'',NULL),(2563,10,2875,'K005CB391',NULL,NULL,NULL,NULL,8,7,15,'CB00582','097/18-UDCNTTCB-SPKTVL','08/03/2018',NULL,NULL,'',NULL),(2564,10,2876,'K005CB392',NULL,NULL,NULL,NULL,8,6.5,14.5,'CB00583','098/18-UDCNTTCB-SPKTVL','08/03/2018',NULL,NULL,'',NULL),(2565,10,2877,'K005CB393',NULL,NULL,NULL,NULL,8,6,14,'CB00584','099/18-UDCNTTCB-SPKTVL','08/03/2018',NULL,NULL,'',NULL),(2566,10,2878,'K005CB394',NULL,NULL,NULL,NULL,8.5,8.5,17,'CB00585','100/18-UDCNTTCB-SPKTVL','08/03/2018',NULL,NULL,'',NULL),(2567,10,2879,'K005CB395',NULL,NULL,NULL,NULL,8.5,9.5,18,'CB00586','101/18-UDCNTTCB-SPKTVL','08/03/2018',NULL,NULL,'',NULL),(2568,10,2880,'K005CB396',NULL,NULL,NULL,NULL,7.5,7,14.5,'CB00587','102/18-UDCNTTCB-SPKTVL','08/03/2018',NULL,NULL,'',NULL),(2569,10,2881,'K005CB397',NULL,NULL,NULL,NULL,6,9,15,'CB00588','103/18-UDCNTTCB-SPKTVL','08/03/2018',NULL,NULL,'',NULL),(2570,10,2882,'K005CB398',NULL,NULL,NULL,NULL,7,5,12,'CB00589','104/18-UDCNTTCB-SPKTVL','08/03/2018',NULL,NULL,'',NULL),(2571,10,2883,'K005CB399',NULL,NULL,NULL,NULL,9,9,18,'CB00590','105/18-UDCNTTCB-SPKTVL','08/03/2018',NULL,NULL,'',NULL),(2572,10,2884,'K005CB400',NULL,NULL,NULL,NULL,8.5,8.5,17,'CB00591','106/18-UDCNTTCB-SPKTVL','08/03/2018',NULL,NULL,'',NULL),(2573,10,2885,'K005CB401',NULL,NULL,NULL,NULL,7.5,9.5,17,'CB00592','107/18-UDCNTTCB-SPKTVL','08/03/2018',NULL,NULL,'',NULL),(2574,10,2886,'K005CB402',NULL,NULL,NULL,NULL,8.5,9.5,18,'CB00593','108/18-UDCNTTCB-SPKTVL','08/03/2018',NULL,NULL,'',NULL),(2575,10,2887,'K005CB403',NULL,NULL,NULL,NULL,9,9.5,18.5,'CB00594','109/18-UDCNTTCB-SPKTVL','08/03/2018',NULL,NULL,'',NULL),(2576,10,2888,'K005CB404',NULL,NULL,NULL,NULL,7,9,16,'CB00595','110/18-UDCNTTCB-SPKTVL','08/03/2018',NULL,NULL,'',NULL),(2577,10,2889,'K005CB405',NULL,NULL,NULL,NULL,5.5,7,12.5,'CB00596','111/18-UDCNTTCB-SPKTVL','08/03/2018',NULL,NULL,'',NULL),(2578,10,2890,'K005CB406',NULL,NULL,NULL,NULL,9.5,9,18.5,'CB00597','112/18-UDCNTTCB-SPKTVL','08/03/2018',NULL,NULL,'',NULL),(2579,10,2891,'K005CB407',NULL,NULL,NULL,NULL,6,6.5,12.5,'CB00598','113/18-UDCNTTCB-SPKTVL','08/03/2018',NULL,NULL,'',NULL),(2580,10,2892,'K005CB408',NULL,NULL,NULL,NULL,5.5,8.5,14,'CB00599','114/18-UDCNTTCB-SPKTVL','08/03/2018',NULL,NULL,'',NULL),(2581,10,2893,'K005CB409',NULL,NULL,NULL,NULL,5,6.5,11.5,'CB00600','115/18-UDCNTTCB-SPKTVL','08/03/2018',NULL,NULL,'',NULL),(2582,10,2894,'K005CB410',NULL,NULL,NULL,NULL,5.5,7.5,13,'CB00601','116/18-UDCNTTCB-SPKTVL','08/03/2018',NULL,NULL,'',NULL),(2583,10,2895,'K005CB411',NULL,NULL,NULL,NULL,5.5,9,14.5,'CB00602','117/18-UDCNTTCB-SPKTVL','08/03/2018',NULL,NULL,'',NULL),(2584,10,2896,'K005CB412',NULL,NULL,NULL,NULL,6.5,5.5,12,'CB00603','118/18-UDCNTTCB-SPKTVL','08/03/2018',NULL,NULL,'',NULL),(2585,10,2897,'K005CB413',NULL,NULL,NULL,NULL,8,9.5,17.5,'CB00604','119/18-UDCNTTCB-SPKTVL','08/03/2018',NULL,NULL,'',NULL),(2586,10,2898,'K005CB414',NULL,NULL,NULL,NULL,5,5,10,'CB00605','120/18-UDCNTTCB-SPKTVL','08/03/2018',NULL,NULL,'',NULL),(2587,10,2899,'K005CB415',NULL,NULL,NULL,NULL,6,5,11,'CB00606','121/18-UDCNTTCB-SPKTVL','08/03/2018',NULL,NULL,'',NULL),(2588,10,2900,'K005CB416',NULL,NULL,NULL,NULL,7,7.5,14.5,'CB00607','122/18-UDCNTTCB-SPKTVL','08/03/2018',NULL,NULL,'',NULL),(2589,10,2901,'K005CB417',NULL,NULL,NULL,NULL,5,5.5,10.5,'CB00608','123/18-UDCNTTCB-SPKTVL','08/03/2018',NULL,NULL,'',NULL),(2590,10,2902,'K005CB418',NULL,NULL,NULL,NULL,8,7.5,15.5,'CB00609','124/18-UDCNTTCB-SPKTVL','08/03/2018',NULL,NULL,'',NULL),(2591,10,2903,'K005CB419',NULL,NULL,NULL,NULL,7.5,9,16.5,'CB00610','125/18-UDCNTTCB-SPKTVL','08/03/2018',NULL,NULL,'',NULL),(2592,10,2904,'K005CB420',NULL,NULL,NULL,NULL,9,9,18,'CB00611','126/18-UDCNTTCB-SPKTVL','08/03/2018',NULL,NULL,'',NULL),(2593,10,2905,'K005CB421',NULL,NULL,NULL,NULL,7.5,8,15.5,'CB00612','127/18-UDCNTTCB-SPKTVL','08/03/2018',NULL,NULL,'',NULL),(2594,10,2906,'K005CB422',NULL,NULL,NULL,NULL,8,6.5,14.5,'CB00613','128/18-UDCNTTCB-SPKTVL','08/03/2018',NULL,NULL,'',NULL),(2595,10,2907,'K005CB423',NULL,NULL,NULL,NULL,8,7.5,15.5,'CB00614','129/18-UDCNTTCB-SPKTVL','08/03/2018',NULL,NULL,'',NULL),(2596,10,2908,'K005CB424',NULL,NULL,NULL,NULL,8,8.5,16.5,'CB00615','130/18-UDCNTTCB-SPKTVL','08/03/2018',NULL,NULL,'',NULL),(2597,10,2909,'K005CB425',NULL,NULL,NULL,NULL,9.5,9,18.5,'CB00616','131/18-UDCNTTCB-SPKTVL','08/03/2018',NULL,NULL,'',NULL),(2598,10,2910,'K005CB426',NULL,NULL,NULL,NULL,8,7,15,'CB00617','132/18-UDCNTTCB-SPKTVL','08/03/2018',NULL,NULL,'',NULL),(2599,10,2911,'K005CB427',NULL,NULL,NULL,NULL,7.5,8,15.5,'CB00618','133/18-UDCNTTCB-SPKTVL','08/03/2018',NULL,NULL,'',NULL),(2600,10,2912,'K005CB428',NULL,NULL,NULL,NULL,8,7.5,15.5,'CB00619','134/18-UDCNTTCB-SPKTVL','08/03/2018',NULL,NULL,'',NULL),(2601,10,2913,'K005CB429',NULL,NULL,NULL,NULL,7,7,14,'CB00620','135/18-UDCNTTCB-SPKTVL','08/03/2018',NULL,NULL,'',NULL),(2602,10,2914,'K005CB430',NULL,NULL,NULL,NULL,8,7.5,15.5,'CB00621','136/18-UDCNTTCB-SPKTVL','08/03/2018',NULL,NULL,'',NULL),(2603,10,2915,'K005CB431',NULL,NULL,NULL,NULL,6,6,12,'CB00622','137/18-UDCNTTCB-SPKTVL','08/03/2018',NULL,NULL,'',NULL),(2604,10,2916,'K005CB432',NULL,NULL,NULL,NULL,6.5,6.5,13,'CB00623','138/18-UDCNTTCB-SPKTVL','08/03/2018',NULL,NULL,'',NULL),(2605,10,2917,'K005CB433',NULL,NULL,NULL,NULL,8.5,7.5,16,'CB00624','139/18-UDCNTTCB-SPKTVL','08/03/2018',NULL,NULL,'',NULL),(2606,10,2918,'K005CB434',NULL,NULL,NULL,NULL,7,9,16,'CB00625','140/18-UDCNTTCB-SPKTVL','08/03/2018',NULL,NULL,'',NULL),(2607,10,2919,'K005CB435',NULL,NULL,NULL,NULL,9,8.5,17.5,'CB00626','141/18-UDCNTTCB-SPKTVL','08/03/2018',NULL,NULL,'',NULL),(2608,10,2920,'K005CB436',NULL,NULL,NULL,NULL,8,8.5,16.5,'CB00627','142/18-UDCNTTCB-SPKTVL','08/03/2018',NULL,NULL,'',NULL),(2609,10,2921,'K005CB437',NULL,NULL,NULL,NULL,9,7.5,16.5,'CB00628','143/18-UDCNTTCB-SPKTVL','08/03/2018',NULL,NULL,'',NULL),(2610,10,2922,'K005CB438',NULL,NULL,NULL,NULL,9,7.5,16.5,'CB00629','144/18-UDCNTTCB-SPKTVL','08/03/2018',NULL,NULL,'',NULL),(2611,10,2923,'K005CB439',NULL,NULL,NULL,NULL,6.5,8.5,15,'CB00630','145/18-UDCNTTCB-SPKTVL','08/03/2018',NULL,NULL,'',NULL),(2612,10,2924,'K005CB440',NULL,NULL,NULL,NULL,5.5,7,12.5,'CB00631','146/18-UDCNTTCB-SPKTVL','08/03/2018',NULL,NULL,'',NULL),(2613,10,2925,'K005CB441',NULL,NULL,NULL,NULL,6.5,8,14.5,'CB00632','147/18-UDCNTTCB-SPKTVL','08/03/2018',NULL,NULL,'',NULL),(2614,10,2926,'K005CB442',NULL,NULL,NULL,NULL,7,5.5,12.5,'CB00633','148/18-UDCNTTCB-SPKTVL','08/03/2018',NULL,NULL,'',NULL),(2615,10,2927,'K005CB443',NULL,NULL,NULL,NULL,7,7,14,'CB00634','149/18-UDCNTTCB-SPKTVL','08/03/2018',NULL,NULL,'',NULL),(2616,10,2928,'K005CB444',NULL,NULL,NULL,NULL,9.5,6.5,16,'CB00635','150/18-UDCNTTCB-SPKTVL','08/03/2018',NULL,NULL,'',NULL),(2617,10,2929,'K005CB445',NULL,NULL,NULL,NULL,8,6.5,14.5,'CB00636','151/18-UDCNTTCB-SPKTVL','08/03/2018',NULL,NULL,'',NULL),(2618,10,2930,'K005CB446',NULL,NULL,NULL,NULL,6,5.5,11.5,'CB00637','152/18-UDCNTTCB-SPKTVL','08/03/2018',NULL,NULL,'',NULL),(2619,10,2931,'K005CB447',NULL,NULL,NULL,NULL,5.5,7,12.5,'CB00638','153/18-UDCNTTCB-SPKTVL','08/03/2018',NULL,NULL,'',NULL),(2620,10,2932,'K005CB448',NULL,NULL,NULL,NULL,5.5,6.5,12,'CB00639','154/18-UDCNTTCB-SPKTVL','08/03/2018',NULL,NULL,'',NULL),(2621,10,2933,'K005CB449',NULL,NULL,NULL,NULL,8,5,13,'CB00640','155/18-UDCNTTCB-SPKTVL','08/03/2018',NULL,NULL,'',NULL),(2622,10,2934,'K005CB450',NULL,NULL,NULL,NULL,6.5,6.5,13,'CB00641','156/18-UDCNTTCB-SPKTVL','08/03/2018',NULL,NULL,'',NULL),(2623,10,2935,'K005CB451',NULL,NULL,NULL,NULL,6.5,8.5,15,'CB00642','157/18-UDCNTTCB-SPKTVL','08/03/2018',NULL,NULL,'',NULL),(2624,10,2936,'K005CB452',NULL,NULL,NULL,NULL,6,9,15,'CB00643','158/18-UDCNTTCB-SPKTVL','08/03/2018',NULL,NULL,'',NULL),(2625,10,2937,'K005CB453',NULL,NULL,NULL,NULL,7,7,14,'CB00644','159/18-UDCNTTCB-SPKTVL','08/03/2018',NULL,NULL,'',NULL),(2626,10,2938,'K005CB454',NULL,NULL,NULL,NULL,7,6.5,13.5,'CB00645','160/18-UDCNTTCB-SPKTVL','08/03/2018',NULL,NULL,'',NULL),(2627,10,2939,'K005CB455',NULL,NULL,NULL,NULL,6.5,6.5,13,'CB00646','161/18-UDCNTTCB-SPKTVL','08/03/2018',NULL,NULL,'',NULL),(2628,10,2940,'K005CB456',NULL,NULL,NULL,NULL,9,8.5,17.5,'CB00647','162/18-UDCNTTCB-SPKTVL','08/03/2018',NULL,NULL,'',NULL),(2629,10,2941,'K005CB457',NULL,NULL,NULL,NULL,7,8,15,'CB00648','163/18-UDCNTTCB-SPKTVL','08/03/2018',NULL,NULL,'',NULL),(2630,10,2942,'K005CB458',NULL,NULL,NULL,NULL,8,5.5,13.5,'CB00649','164/18-UDCNTTCB-SPKTVL','08/03/2018',NULL,NULL,'',NULL),(2631,10,2943,'K005CB459',NULL,NULL,NULL,NULL,8,6.5,14.5,'CB00650','165/18-UDCNTTCB-SPKTVL','08/03/2018',NULL,NULL,'',NULL),(2632,10,2944,'K005CB460',NULL,NULL,NULL,NULL,8,6,14,'CB00651','166/18-UDCNTTCB-SPKTVL','08/03/2018',NULL,NULL,'',NULL),(2633,10,2945,'K005CB461',NULL,NULL,NULL,NULL,6.5,6.5,13,'CB00652','167/18-UDCNTTCB-SPKTVL','08/03/2018',NULL,NULL,'',NULL),(2634,10,2946,'K005CB462',NULL,NULL,NULL,NULL,6,6,12,'CB00653','168/18-UDCNTTCB-SPKTVL','08/03/2018',NULL,NULL,'',NULL),(2635,10,2947,'K005CB463',NULL,NULL,NULL,NULL,8,6.5,14.5,'CB00654','169/18-UDCNTTCB-SPKTVL','08/03/2018',NULL,NULL,'',NULL),(2636,10,2948,'K005CB464',NULL,NULL,NULL,NULL,7,5,12,'CB00655','170/18-UDCNTTCB-SPKTVL','08/03/2018',NULL,NULL,'',NULL),(2637,10,2949,'K005CB465',NULL,NULL,NULL,NULL,8,5,13,'CB00656','171/18-UDCNTTCB-SPKTVL','08/03/2018',NULL,NULL,'',NULL),(2638,10,2950,'K005CB466',NULL,NULL,NULL,NULL,7,6.5,13.5,'CB00657','172/18-UDCNTTCB-SPKTVL','08/03/2018',NULL,NULL,'',NULL),(2639,10,2951,'K005CB467',NULL,NULL,NULL,NULL,5,5,10,'CB00658','173/18-UDCNTTCB-SPKTVL','08/03/2018',NULL,NULL,'',NULL),(2640,10,2952,'K005CB468',NULL,NULL,NULL,NULL,7,5,12,'CB00659','174/18-UDCNTTCB-SPKTVL','08/03/2018',NULL,NULL,'',NULL),(2641,10,2953,'K005CB469',NULL,NULL,NULL,NULL,8,5.5,13.5,'CB00660','175/18-UDCNTTCB-SPKTVL','08/03/2018',NULL,NULL,'',NULL),(2642,10,2954,'K005CB470',NULL,NULL,NULL,NULL,6,6.5,12.5,'CB00661','176/18-UDCNTTCB-SPKTVL','08/03/2018',NULL,NULL,'',NULL),(2643,10,2955,'K005CB471',NULL,NULL,NULL,NULL,6,6,12,'CB00662','177/18-UDCNTTCB-SPKTVL','08/03/2018',NULL,NULL,'',NULL),(2644,10,2956,'K005CB472',NULL,NULL,NULL,NULL,8,9,17,'CB00663','178/18-UDCNTTCB-SPKTVL','08/03/2018',NULL,NULL,'',NULL),(2645,10,2957,'K005CB473',NULL,NULL,NULL,NULL,8.5,7.5,16,'CB00664','179/18-UDCNTTCB-SPKTVL','08/03/2018',NULL,NULL,'',NULL),(2646,10,2958,'K005CB474',NULL,NULL,NULL,NULL,7,5.5,12.5,'CB00665','180/18-UDCNTTCB-SPKTVL','08/03/2018',NULL,NULL,'',NULL),(2647,10,2959,'K005CB475',NULL,NULL,NULL,NULL,9.5,8,17.5,'CB00666','181/18-UDCNTTCB-SPKTVL','08/03/2018',NULL,NULL,'',NULL),(2648,10,2960,'K005CB476',NULL,NULL,NULL,NULL,6.5,8,14.5,'CB00667','182/18-UDCNTTCB-SPKTVL','08/03/2018',NULL,NULL,'',NULL),(2649,10,2961,'K005CB477',NULL,NULL,NULL,NULL,7,6,13,'CB00668','183/18-UDCNTTCB-SPKTVL','08/03/2018',NULL,NULL,'',NULL),(2650,10,2962,'K005CB478',NULL,NULL,NULL,NULL,6.5,6.5,13,'CB00669','184/18-UDCNTTCB-SPKTVL','08/03/2018',NULL,NULL,'',NULL),(2651,10,2963,'K005CB479',NULL,NULL,NULL,NULL,5,8.5,13.5,'CB00670','185/18-UDCNTTCB-SPKTVL','08/03/2018',NULL,NULL,'',NULL),(2652,10,2964,'K005CB480',NULL,NULL,NULL,NULL,5.5,6.5,12,'CB00671','186/18-UDCNTTCB-SPKTVL','08/03/2018',NULL,NULL,'',NULL),(2653,10,2965,'K005CB481',NULL,NULL,NULL,NULL,6.5,9.5,16,'CB00672','187/18-UDCNTTCB-SPKTVL','08/03/2018',NULL,NULL,'',NULL),(2654,10,2966,'K005CB482',NULL,NULL,NULL,NULL,7,7.5,14.5,'CB00673','188/18-UDCNTTCB-SPKTVL','08/03/2018',NULL,NULL,'',NULL),(2655,10,2967,'K005CB483',NULL,NULL,NULL,NULL,5.5,5.5,11,'CB00674','189/18-UDCNTTCB-SPKTVL','08/03/2018',NULL,NULL,'',NULL),(2656,10,2968,'K005CB484',NULL,NULL,NULL,NULL,8,8,16,'CB00675','190/18-UDCNTTCB-SPKTVL','08/03/2018',NULL,NULL,'',NULL),(2657,10,2969,'K005CB485',NULL,NULL,NULL,NULL,8.5,8.5,17,'CB00676','191/18-UDCNTTCB-SPKTVL','08/03/2018',NULL,NULL,'',NULL),(2658,10,2970,'K005CB486',NULL,NULL,NULL,NULL,7,7,14,'CB00677','192/18-UDCNTTCB-SPKTVL','08/03/2018',NULL,NULL,'',NULL),(2659,10,2971,'K005CB487',NULL,NULL,NULL,NULL,6.5,8,14.5,'CB00678','193/18-UDCNTTCB-SPKTVL','08/03/2018',NULL,NULL,'',NULL),(2660,10,2972,'K005CB488',NULL,NULL,NULL,NULL,8,8.5,16.5,'CB00679','194/18-UDCNTTCB-SPKTVL','08/03/2018',NULL,NULL,'',NULL),(2661,10,2973,'K005CB489',NULL,NULL,NULL,NULL,6,5,11,'CB00680','195/18-UDCNTTCB-SPKTVL','08/03/2018',NULL,NULL,'',NULL),(2662,10,2974,'K005CB490',NULL,NULL,NULL,NULL,7.5,9.5,17,'CB00681','196/18-UDCNTTCB-SPKTVL','08/03/2018',NULL,NULL,'',NULL),(2663,10,2975,'K005CB491',NULL,NULL,NULL,NULL,5,6.5,11.5,'CB00682','197/18-UDCNTTCB-SPKTVL','08/03/2018',NULL,NULL,'',NULL),(2664,10,2976,'K005CB492',NULL,NULL,NULL,NULL,7.5,9,16.5,'CB00683','198/18-UDCNTTCB-SPKTVL','08/03/2018',NULL,NULL,'',NULL),(2665,10,2977,'K005CB493',NULL,NULL,NULL,NULL,7.5,10,17.5,'CB00684','199/18-UDCNTTCB-SPKTVL','08/03/2018',NULL,NULL,'',NULL),(2666,10,2978,'K005CB494',NULL,NULL,NULL,NULL,6,6.5,12.5,'CB00685','200/18-UDCNTTCB-SPKTVL','08/03/2018',NULL,NULL,'',NULL),(2667,10,2979,'K005CB495',NULL,NULL,NULL,NULL,5,5.5,10.5,'CB00686','201/18-UDCNTTCB-SPKTVL','08/03/2018',NULL,NULL,'',NULL),(2668,10,2980,'K005CB496',NULL,NULL,NULL,NULL,6,7,13,'CB00687','202/18-UDCNTTCB-SPKTVL','08/03/2018',NULL,NULL,'',NULL),(2669,10,2981,'K005CB497',NULL,NULL,NULL,NULL,5,6.5,11.5,'CB00688','203/18-UDCNTTCB-SPKTVL','08/03/2018',NULL,NULL,'',NULL),(2670,10,2982,'K005CB498',NULL,NULL,NULL,NULL,6.5,6,12.5,'CB00689','204/18-UDCNTTCB-SPKTVL','08/03/2018',NULL,NULL,'',NULL),(2671,10,2983,'K005CB499',NULL,NULL,NULL,NULL,6,7.5,13.5,'CB00690','205/18-UDCNTTCB-SPKTVL','08/03/2018',NULL,NULL,'',NULL),(2672,10,2984,'K005CB500',NULL,NULL,NULL,NULL,8,8.5,16.5,'CB00691','206/18-UDCNTTCB-SPKTVL','08/03/2018',NULL,NULL,'',NULL),(2673,10,2985,'K005CB501',NULL,NULL,NULL,NULL,8,8,16,'CB00692','207/18-UDCNTTCB-SPKTVL','08/03/2018',NULL,NULL,'',NULL),(2674,10,2986,'K005CB502',NULL,NULL,NULL,NULL,6,5,11,'CB00693','208/18-UDCNTTCB-SPKTVL','08/03/2018',NULL,NULL,'',NULL),(2675,10,2987,'K005CB503',NULL,NULL,NULL,NULL,7,6.5,13.5,'CB00694','209/18-UDCNTTCB-SPKTVL','08/03/2018',NULL,NULL,'',NULL),(2676,10,2988,'K005CB504',NULL,NULL,NULL,NULL,5,5,10,'CB00695','210/18-UDCNTTCB-SPKTVL','08/03/2018',NULL,NULL,'',NULL),(2677,10,2989,'K005CB505',NULL,NULL,NULL,NULL,7,5.5,12.5,'CB00696','211/18-UDCNTTCB-SPKTVL','08/03/2018',NULL,NULL,'',NULL),(2678,10,2990,'K005CB506',NULL,NULL,NULL,NULL,7,8,15,'CB00697','212/18-UDCNTTCB-SPKTVL','08/03/2018',NULL,NULL,'',NULL),(2679,10,2991,'K005CB507',NULL,NULL,NULL,NULL,5,5.5,10.5,'CB00698','213/18-UDCNTTCB-SPKTVL','08/03/2018',NULL,NULL,'',NULL),(2680,10,2992,'K005CB508',NULL,NULL,NULL,NULL,5,5,10,'CB00699','214/18-UDCNTTCB-SPKTVL','08/03/2018',NULL,NULL,'',NULL),(2681,10,2993,'K005CB509',NULL,NULL,NULL,NULL,5,6.5,11.5,'CB00700','215/18-UDCNTTCB-SPKTVL','08/03/2018',NULL,NULL,'',NULL),(2682,10,2994,'K005CB510',NULL,NULL,NULL,NULL,5.5,5.5,11,'CB00701','216/18-UDCNTTCB-SPKTVL','08/03/2018',NULL,NULL,'',NULL),(2683,10,2995,'K005CB511',NULL,NULL,NULL,NULL,7,10,17,'CB00702','217/18-UDCNTTCB-SPKTVL','08/03/2018',NULL,NULL,'',NULL),(2684,10,2996,'K005CB512',NULL,NULL,NULL,NULL,5,7.5,12.5,'CB00703','218/18-UDCNTTCB-SPKTVL','08/03/2018',NULL,NULL,'',NULL),(2685,10,2997,'K005CB513',NULL,NULL,NULL,NULL,6,5.5,11.5,'CB00704','219/18-UDCNTTCB-SPKTVL','08/03/2018',NULL,NULL,'',NULL),(2686,10,2998,'K005CB514',NULL,NULL,NULL,NULL,6,7.5,13.5,'CB00705','220/18-UDCNTTCB-SPKTVL','08/03/2018',NULL,NULL,'',NULL),(2687,10,2999,'K005CB515',NULL,NULL,NULL,NULL,5.5,7,12.5,'CB00706','221/18-UDCNTTCB-SPKTVL','08/03/2018',NULL,NULL,'',NULL),(2688,10,3000,'K005CB516',NULL,NULL,NULL,NULL,6,5,11,'CB00707','222/18-UDCNTTCB-SPKTVL','08/03/2018',NULL,NULL,'',NULL),(2689,10,3001,'K005CB517',NULL,NULL,NULL,NULL,5.5,7,12.5,'CB00708','223/18-UDCNTTCB-SPKTVL','08/03/2018',NULL,NULL,'',NULL),(2690,10,3002,'K005CB518',NULL,NULL,NULL,NULL,5.5,7.5,13,'CB00709','224/18-UDCNTTCB-SPKTVL','08/03/2018',NULL,NULL,'',NULL),(2691,10,3003,'K005CB519',NULL,NULL,NULL,NULL,5,5,10,'CB00710','225/18-UDCNTTCB-SPKTVL','08/03/2018',NULL,NULL,'',NULL),(2692,10,3004,'K005CB520',NULL,NULL,NULL,NULL,5,6,11,'CB00711','226/18-UDCNTTCB-SPKTVL','08/03/2018',NULL,NULL,'',NULL),(2693,10,3005,'K005CB521',NULL,NULL,NULL,NULL,6,7.5,13.5,'CB00712','227/18-UDCNTTCB-SPKTVL','08/03/2018',NULL,NULL,'',NULL),(2694,10,3006,'K005CB522',NULL,NULL,NULL,NULL,6.5,5.5,12,'CB00713','228/18-UDCNTTCB-SPKTVL','08/03/2018',NULL,NULL,'',NULL),(2695,10,3007,'K005CB523',NULL,NULL,NULL,NULL,6,5,11,'CB00714','229/18-UDCNTTCB-SPKTVL','08/03/2018',NULL,NULL,'',NULL),(2696,10,3008,'K005CB524',NULL,NULL,NULL,NULL,6,7,13,'CB00715','230/18-UDCNTTCB-SPKTVL','08/03/2018',NULL,NULL,'',NULL),(2697,10,3009,'K005CB525',NULL,NULL,NULL,NULL,6.5,8.5,15,'CB00716','231/18-UDCNTTCB-SPKTVL','08/03/2018',NULL,NULL,'',NULL),(2698,10,3010,'K005CB526',NULL,NULL,NULL,NULL,5,6,11,'CB00717','232/18-UDCNTTCB-SPKTVL','08/03/2018',NULL,NULL,'',NULL),(2699,10,3011,'K005CB527',NULL,NULL,NULL,NULL,5,7,12,'CB00718','233/18-UDCNTTCB-SPKTVL','08/03/2018',NULL,NULL,'',NULL),(2700,10,3012,'K005CB528',NULL,NULL,NULL,NULL,6.5,8,14.5,'CB00719','234/18-UDCNTTCB-SPKTVL','08/03/2018',NULL,NULL,'',NULL),(2701,10,3013,'K005CB529',NULL,NULL,NULL,NULL,5,7,12,'CB00720','235/18-UDCNTTCB-SPKTVL','08/03/2018',NULL,NULL,'',NULL),(2702,10,3014,'K005CB530',NULL,NULL,NULL,NULL,5,8,13,'CB00721','236/18-UDCNTTCB-SPKTVL','08/03/2018',NULL,NULL,'',NULL),(2703,10,3015,'K005CB531',NULL,NULL,NULL,NULL,6.5,6,12.5,'CB00722','237/18-UDCNTTCB-SPKTVL','08/03/2018',NULL,NULL,'',NULL),(2704,10,3016,'K005CB532',NULL,NULL,NULL,NULL,5,6,11,'CB00723','238/18-UDCNTTCB-SPKTVL','08/03/2018',NULL,NULL,'',NULL),(2705,10,3017,'K005CB533',NULL,NULL,NULL,NULL,6.5,8,14.5,'CB00724','239/18-UDCNTTCB-SPKTVL','08/03/2018',NULL,NULL,'',NULL),(2706,10,3018,'K005CB534',NULL,NULL,NULL,NULL,7,9,16,'CB00725','240/18-UDCNTTCB-SPKTVL','08/03/2018',NULL,NULL,'',NULL),(2707,10,3019,'K005CB535',NULL,NULL,NULL,NULL,6,6,12,'CB00726','241/18-UDCNTTCB-SPKTVL','08/03/2018',NULL,NULL,'',NULL),(2708,10,3020,'K005CB536',NULL,NULL,NULL,NULL,5.5,5,10.5,'CB00727','242/18-UDCNTTCB-SPKTVL','08/03/2018',NULL,NULL,'',NULL),(2709,10,3021,'K005CB537',NULL,NULL,NULL,NULL,6,6.5,12.5,'CB00728','243/18-UDCNTTCB-SPKTVL','08/03/2018',NULL,NULL,'',NULL),(2710,10,3022,'K005CB538',NULL,NULL,NULL,NULL,8,9,17,'CB00729','244/18-UDCNTTCB-SPKTVL','08/03/2018',NULL,NULL,'',NULL),(2711,10,3023,'K005CB539',NULL,NULL,NULL,NULL,5.5,5,10.5,'CB00730','245/18-UDCNTTCB-SPKTVL','08/03/2018',NULL,NULL,'',NULL),(2712,10,3024,'K005CB540',NULL,NULL,NULL,NULL,7,7.5,14.5,'CB00731','246/18-UDCNTTCB-SPKTVL','08/03/2018',NULL,NULL,'',NULL),(2713,10,3025,'K005CB541',NULL,NULL,NULL,NULL,6,6.5,12.5,'CB00732','247/18-UDCNTTCB-SPKTVL','08/03/2018',NULL,NULL,'',NULL),(2714,10,3026,'K005CB542',NULL,NULL,NULL,NULL,6.5,6.5,13,'CB00733','248/18-UDCNTTCB-SPKTVL','08/03/2018',NULL,NULL,'',NULL),(2715,10,3027,'K005CB543',NULL,NULL,NULL,NULL,7,6,13,'CB00734','249/18-UDCNTTCB-SPKTVL','08/03/2018',NULL,NULL,'',NULL),(2716,10,3028,'K005CB544',NULL,NULL,NULL,NULL,5,5,10,'CB00735','250/18-UDCNTTCB-SPKTVL','08/03/2018',NULL,NULL,'',NULL),(2717,10,3029,'K005CB545',NULL,NULL,NULL,NULL,7,5,12,'CB00736','251/18-UDCNTTCB-SPKTVL','08/03/2018',NULL,NULL,'',NULL),(2718,10,3030,'K005CB546',NULL,NULL,NULL,NULL,6,7.5,13.5,'CB00737','252/18-UDCNTTCB-SPKTVL','08/03/2018',NULL,NULL,'',NULL),(2719,10,3031,'K005CB547',NULL,NULL,NULL,NULL,5.5,8,13.5,'CB00738','253/18-UDCNTTCB-SPKTVL','08/03/2018',NULL,NULL,'',NULL),(2720,10,3032,'K005CB548',NULL,NULL,NULL,NULL,6.5,8,14.5,'CB00739','254/18-UDCNTTCB-SPKTVL','08/03/2018',NULL,NULL,'',NULL),(2721,10,3033,'K005CB549',NULL,NULL,NULL,NULL,6,8.5,14.5,'CB00740','255/18-UDCNTTCB-SPKTVL','08/03/2018',NULL,NULL,'',NULL),(2722,10,3034,'K005CB550',NULL,NULL,NULL,NULL,7.5,9,16.5,'CB00741','256/18-UDCNTTCB-SPKTVL','08/03/2018',NULL,NULL,'',NULL),(2723,10,3035,'K005CB551',NULL,NULL,NULL,NULL,7,9,16,'CB00742','257/18-UDCNTTCB-SPKTVL','08/03/2018',NULL,NULL,'',NULL),(2724,10,3036,'K005CB552',NULL,NULL,NULL,NULL,9,7.5,16.5,'CB00743','258/18-UDCNTTCB-SPKTVL','08/03/2018',NULL,NULL,'',NULL),(2725,10,3037,'K005CB553',NULL,NULL,NULL,NULL,8.5,9.5,18,'CB00744','259/18-UDCNTTCB-SPKTVL','08/03/2018',NULL,NULL,'',NULL),(2726,10,3038,'K005CB554',NULL,NULL,NULL,NULL,8,6.5,14.5,'CB00745','260/18-UDCNTTCB-SPKTVL','08/03/2018',NULL,NULL,'',NULL),(2727,10,3039,'K005CB555',NULL,NULL,NULL,NULL,6.5,8,14.5,'CB00746','261/18-UDCNTTCB-SPKTVL','08/03/2018',NULL,NULL,'',NULL),(2728,10,3040,'K005CB556',NULL,NULL,NULL,NULL,8,9,17,'CB00747','262/18-UDCNTTCB-SPKTVL','08/03/2018',NULL,NULL,'',NULL),(2729,10,3041,'K005CB557',NULL,NULL,NULL,NULL,6,7.5,13.5,'CB00748','263/18-UDCNTTCB-SPKTVL','08/03/2018',NULL,NULL,'',NULL),(2730,10,3042,'K005CB558',NULL,NULL,NULL,NULL,8,7.5,15.5,'CB00749','264/18-UDCNTTCB-SPKTVL','08/03/2018',NULL,NULL,'',NULL),(2731,10,3043,'K005CB559',NULL,NULL,NULL,NULL,7.5,8,15.5,'CB00750','265/18-UDCNTTCB-SPKTVL','08/03/2018',NULL,NULL,'',NULL),(2732,10,3044,'K005CB560',NULL,NULL,NULL,NULL,7.5,8.5,16,'CB00751','266/18-UDCNTTCB-SPKTVL','08/03/2018',NULL,NULL,'',NULL),(2733,10,3045,'K005CB561',NULL,NULL,NULL,NULL,8.5,9.5,18,'CB00752','267/18-UDCNTTCB-SPKTVL','08/03/2018',NULL,NULL,'',NULL),(2734,10,3046,'K005CB562',NULL,NULL,NULL,NULL,6.5,7.5,14,'CB00753','268/18-UDCNTTCB-SPKTVL','08/03/2018',NULL,NULL,'',NULL),(2735,11,4630,NULL,NULL,NULL,NULL,NULL,8,8,16,'CB01065','580/18-UDCNTTCB-SPKTVL','16/08/2018',NULL,NULL,'Chuyển điểm tại trường',NULL),(2736,11,4631,NULL,NULL,NULL,NULL,NULL,5.5,6,11.5,'CB01066','581/18-UDCNTTCB-SPKTVL','16/08/2018',NULL,NULL,'Chuyển điểm tại trường',NULL),(2737,11,4632,NULL,NULL,NULL,NULL,NULL,5,5,10,'CB01067','582/18-UDCNTTCB-SPKTVL','16/08/2018',NULL,NULL,'Chuyển điểm tại trường',NULL),(2738,11,4633,NULL,NULL,NULL,NULL,NULL,5,5,10,'CB01068','583/18-UDCNTTCB-SPKTVL','16/08/2018',NULL,NULL,'Chuyển điểm tại trường',NULL),(2739,11,4634,NULL,NULL,NULL,NULL,NULL,5,5,10,'CB01069','584/18-UDCNTTCB-SPKTVL','16/08/2018',NULL,NULL,'Chuyển điểm tại trường',NULL),(2740,11,4635,NULL,NULL,NULL,NULL,NULL,7,7,14,'CB01070','585/18-UDCNTTCB-SPKTVL','16/08/2018',NULL,NULL,'Chuyển điểm tại trường',NULL),(2741,11,4636,NULL,NULL,NULL,NULL,NULL,5,5,10,'CB01071','586/18-UDCNTTCB-SPKTVL','16/08/2018',NULL,NULL,'Chuyển điểm tại trường',NULL),(2742,11,4637,NULL,NULL,NULL,NULL,NULL,7,7.5,14.5,'CB01072','587/18-UDCNTTCB-SPKTVL','16/08/2018',NULL,NULL,'Chuyển điểm tại trường',NULL),(2743,11,4638,NULL,NULL,NULL,NULL,NULL,7.5,8.5,16,'CB01073','588/18-UDCNTTCB-SPKTVL','16/08/2018',NULL,NULL,'Chuyển điểm tại trường',NULL),(2744,11,4639,NULL,NULL,NULL,NULL,NULL,6.5,7.5,14,'CB01074','589/18-UDCNTTCB-SPKTVL','16/08/2018',NULL,NULL,'Chuyển điểm tại trường',NULL),(2745,11,4640,NULL,NULL,NULL,NULL,NULL,6,6,12,'CB01075','590/18-UDCNTTCB-SPKTVL','16/08/2018',NULL,NULL,'Chuyển điểm tại trường',NULL),(2746,11,4641,NULL,NULL,NULL,NULL,NULL,7.5,6.5,14,'CB01076','591/18-UDCNTTCB-SPKTVL','16/08/2018',NULL,NULL,'Chuyển điểm tại trường',NULL),(2747,11,4642,NULL,NULL,NULL,NULL,NULL,8,8.5,16.5,'CB01077','592/18-UDCNTTCB-SPKTVL','16/08/2018',NULL,NULL,'Chuyển điểm tại trường',NULL),(2748,11,4643,NULL,NULL,NULL,NULL,NULL,8.5,7.5,16,'CB01078','593/18-UDCNTTCB-SPKTVL','16/08/2018',NULL,NULL,'Chuyển điểm tại trường',NULL),(2749,11,4644,NULL,NULL,NULL,NULL,NULL,7,8,15,'CB01079','594/18-UDCNTTCB-SPKTVL','16/08/2018',NULL,NULL,'Chuyển điểm tại trường',NULL),(2750,11,4645,NULL,NULL,NULL,NULL,NULL,9,9,18,'CB01080','595/18-UDCNTTCB-SPKTVL','16/08/2018',NULL,NULL,'Chuyển điểm tại trường',NULL),(2751,11,4646,NULL,NULL,NULL,NULL,NULL,5,5,10,'CB01081','596/18-UDCNTTCB-SPKTVL','16/08/2018',NULL,NULL,'Chuyển điểm tại trường',NULL),(2752,11,4647,NULL,NULL,NULL,NULL,NULL,8,8,16,'CB01082','597/18-UDCNTTCB-SPKTVL','16/08/2018',NULL,NULL,'Chuyển điểm tại trường',NULL),(2753,11,4648,NULL,NULL,NULL,NULL,NULL,8,8,16,'CB01083','598/18-UDCNTTCB-SPKTVL','16/08/2018',NULL,NULL,'Chuyển điểm tại trường',NULL),(2754,11,4649,NULL,NULL,NULL,NULL,NULL,7.5,7,14.5,'CB01084','599/18-UDCNTTCB-SPKTVL','16/08/2018',NULL,NULL,'Chuyển điểm tại trường',NULL),(2755,11,4650,NULL,NULL,NULL,NULL,NULL,7.5,8.5,16,'CB01085','600/18-UDCNTTCB-SPKTVL','16/08/2018',NULL,NULL,'Chuyển điểm tại trường',NULL),(2756,11,4651,NULL,NULL,NULL,NULL,NULL,7.5,6.5,14,'CB01086','601/18-UDCNTTCB-SPKTVL','16/08/2018',NULL,NULL,'Chuyển điểm tại trường',NULL),(2757,11,4652,NULL,NULL,NULL,NULL,NULL,8.5,8.5,17,'CB01087','602/18-UDCNTTCB-SPKTVL','16/08/2018',NULL,NULL,'Chuyển điểm tại trường',NULL),(2758,11,4653,NULL,NULL,NULL,NULL,NULL,6.5,7.5,14,'CB01088','603/18-UDCNTTCB-SPKTVL','16/08/2018',NULL,NULL,'Chuyển điểm tại trường',NULL),(2759,11,4654,NULL,NULL,NULL,NULL,NULL,8.5,7.5,16,'CB01089','604/18-UDCNTTCB-SPKTVL','16/08/2018',NULL,NULL,'Chuyển điểm tại trường',NULL),(2760,11,4655,NULL,NULL,NULL,NULL,NULL,8,7,15,'CB01090','605/18-UDCNTTCB-SPKTVL','16/08/2018',NULL,NULL,'Chuyển điểm tại trường',NULL),(2761,11,4656,NULL,NULL,NULL,NULL,NULL,7.5,6.5,14,'CB01091','606/18-UDCNTTCB-SPKTVL','16/08/2018',NULL,NULL,'Chuyển điểm tại trường',NULL),(2762,11,4657,NULL,NULL,NULL,NULL,NULL,10,10,20,'CB01092','607/18-UDCNTTCB-SPKTVL','16/08/2018',NULL,NULL,'Chuyển điểm tại trường',NULL),(2763,11,4658,NULL,NULL,NULL,NULL,NULL,6,6.5,12.5,'CB01093','608/18-UDCNTTCB-SPKTVL','16/08/2018',NULL,NULL,'Chuyển điểm tại trường',NULL),(2764,11,4659,NULL,NULL,NULL,NULL,NULL,8.5,8,16.5,'CB01094','609/18-UDCNTTCB-SPKTVL','16/08/2018',NULL,NULL,'Chuyển điểm tại trường',NULL),(2765,11,4660,NULL,NULL,NULL,NULL,NULL,5,5,10,'CB01095','610/18-UDCNTTCB-SPKTVL','16/08/2018',NULL,NULL,'Chuyển điểm tại trường',NULL),(2766,11,4661,NULL,NULL,NULL,NULL,NULL,6.5,6.5,13,'CB01096','611/18-UDCNTTCB-SPKTVL','16/08/2018',NULL,NULL,'Chuyển điểm tại trường',NULL),(2767,11,4662,NULL,NULL,NULL,NULL,NULL,5.5,5.5,11,'CB01097','612/18-UDCNTTCB-SPKTVL','16/08/2018',NULL,NULL,'Chuyển điểm tại trường',NULL),(2768,11,4663,NULL,NULL,NULL,NULL,NULL,5.5,5,10.5,'CB01098','613/18-UDCNTTCB-SPKTVL','16/08/2018',NULL,NULL,'Chuyển điểm tại trường',NULL),(2769,11,4664,NULL,NULL,NULL,NULL,NULL,5.5,5,10.5,'CB01099','614/18-UDCNTTCB-SPKTVL','16/08/2018',NULL,NULL,'Chuyển điểm tại trường',NULL),(2770,11,4665,NULL,NULL,NULL,NULL,NULL,8.5,7.5,16,'CB01100','615/18-UDCNTTCB-SPKTVL','16/08/2018',NULL,NULL,'Chuyển điểm tại trường',NULL),(2771,11,4666,NULL,NULL,NULL,NULL,NULL,6.5,5.5,12,'CB01101','616/18-UDCNTTCB-SPKTVL','16/08/2018',NULL,NULL,'Chuyển điểm tại trường',NULL),(2772,11,4667,NULL,NULL,NULL,NULL,NULL,7.5,8.5,16,'CB01102','617/18-UDCNTTCB-SPKTVL','16/08/2018',NULL,NULL,'Chuyển điểm tại trường',NULL),(2773,11,4668,NULL,NULL,NULL,NULL,NULL,6,7,13,'CB01103','618/18-UDCNTTCB-SPKTVL','16/08/2018',NULL,NULL,'Chuyển điểm tại trường',NULL),(2774,11,4669,NULL,NULL,NULL,NULL,NULL,10,10,20,'CB01104','619/18-UDCNTTCB-SPKTVL','16/08/2018',NULL,NULL,'Chuyển điểm tại trường',NULL),(2775,11,4670,NULL,NULL,NULL,NULL,NULL,6.5,7,13.5,'CB01105','620/18-UDCNTTCB-SPKTVL','16/08/2018',NULL,NULL,'Chuyển điểm tại trường',NULL),(2776,11,4671,NULL,NULL,NULL,NULL,NULL,7.5,7,14.5,'CB01106','621/18-UDCNTTCB-SPKTVL','16/08/2018',NULL,NULL,'Chuyển điểm tại trường',NULL),(2777,11,4672,NULL,NULL,NULL,NULL,NULL,6.5,6,12.5,'CB01107','622/18-UDCNTTCB-SPKTVL','16/08/2018',NULL,NULL,'Chuyển điểm tại trường',NULL),(2778,11,4673,NULL,NULL,NULL,NULL,NULL,8.5,8,16.5,'CB01108','623/18-UDCNTTCB-SPKTVL','16/08/2018',NULL,NULL,'Chuyển điểm tại trường',NULL),(2779,11,4674,NULL,NULL,NULL,NULL,NULL,8,8.5,16.5,'CB01109','624/18-UDCNTTCB-SPKTVL','16/08/2018',NULL,NULL,'Chuyển điểm tại trường',NULL),(2780,11,4675,NULL,NULL,NULL,NULL,NULL,10,10,20,'CB01110','625/18-UDCNTTCB-SPKTVL','16/08/2018',NULL,NULL,'Chuyển điểm tại trường',NULL),(2781,11,4676,NULL,NULL,NULL,NULL,NULL,8,8.5,16.5,'CB01111','626/18-UDCNTTCB-SPKTVL','16/08/2018',NULL,NULL,'Chuyển điểm tại trường',NULL),(2782,11,4677,NULL,NULL,NULL,NULL,NULL,7,6.5,13.5,'CB01112','627/18-UDCNTTCB-SPKTVL','16/08/2018',NULL,NULL,'Chuyển điểm tại trường',NULL),(2783,11,4678,NULL,NULL,NULL,NULL,NULL,7,7,14,'CB01113','628/18-UDCNTTCB-SPKTVL','16/08/2018',NULL,NULL,'Chuyển điểm tại trường',NULL),(2784,11,4679,NULL,NULL,NULL,NULL,NULL,7.5,7,14.5,'CB01114','629/18-UDCNTTCB-SPKTVL','16/08/2018',NULL,NULL,'Chuyển điểm tại trường',NULL),(2785,11,4680,NULL,NULL,NULL,NULL,NULL,7.5,7.5,15,'CB01115','630/18-UDCNTTCB-SPKTVL','16/08/2018',NULL,NULL,'Chuyển điểm tại trường',NULL),(2786,11,4681,NULL,NULL,NULL,NULL,NULL,7,6,13,'CB01116','631/18-UDCNTTCB-SPKTVL','16/08/2018',NULL,NULL,'Chuyển điểm tại trường',NULL),(2787,11,4682,NULL,NULL,NULL,NULL,NULL,7,7,14,'CB01117','632/18-UDCNTTCB-SPKTVL','16/08/2018',NULL,NULL,'Chuyển điểm tại trường',NULL),(2788,11,4683,NULL,NULL,NULL,NULL,NULL,8,9,17,'CB01118','633/18-UDCNTTCB-SPKTVL','16/08/2018',NULL,NULL,'Chuyển điểm tại trường',NULL),(2789,11,4684,NULL,NULL,NULL,NULL,NULL,8.5,8.5,17,'CB01119','634/18-UDCNTTCB-SPKTVL','16/08/2018',NULL,NULL,'Chuyển điểm tại trường',NULL),(2790,11,4685,NULL,NULL,NULL,NULL,NULL,8.5,8.5,17,'CB01120','635/18-UDCNTTCB-SPKTVL','16/08/2018',NULL,NULL,'Chuyển điểm tại trường',NULL),(2791,11,4686,NULL,NULL,NULL,NULL,NULL,6.5,5.5,12,'CB01121','636/18-UDCNTTCB-SPKTVL','16/08/2018',NULL,NULL,'Chuyển điểm tại trường',NULL),(2792,11,4687,NULL,NULL,NULL,NULL,NULL,7.5,8,15.5,'CB01122','637/18-UDCNTTCB-SPKTVL','16/08/2018',NULL,NULL,'Chuyển điểm tại trường',NULL),(2793,11,4688,NULL,NULL,NULL,NULL,NULL,8.5,7.5,16,'CB01123','638/18-UDCNTTCB-SPKTVL','16/08/2018',NULL,NULL,'Chuyển điểm tại trường',NULL),(2794,11,4689,NULL,NULL,NULL,NULL,NULL,5,6,11,'CB01124','639/18-UDCNTTCB-SPKTVL','16/08/2018',NULL,NULL,'Chuyển điểm tại trường',NULL),(2795,11,4690,NULL,NULL,NULL,NULL,NULL,7,6,13,'CB01125','640/18-UDCNTTCB-SPKTVL','16/08/2018',NULL,NULL,'Chuyển điểm tại trường',NULL),(2796,11,4691,NULL,NULL,NULL,NULL,NULL,8,7.5,15.5,'CB01126','641/18-UDCNTTCB-SPKTVL','16/08/2018',NULL,NULL,'Chuyển điểm tại trường',NULL),(2797,11,4692,NULL,NULL,NULL,NULL,NULL,8.5,8,16.5,'CB01127','642/18-UDCNTTCB-SPKTVL','16/08/2018',NULL,NULL,'Chuyển điểm tại trường',NULL),(2798,11,4693,NULL,NULL,NULL,NULL,NULL,7.5,7.5,15,'CB01128','643/18-UDCNTTCB-SPKTVL','16/08/2018',NULL,NULL,'Chuyển điểm tại trường',NULL),(2799,11,4694,NULL,NULL,NULL,NULL,NULL,5.5,6.5,12,'CB01129','644/18-UDCNTTCB-SPKTVL','16/08/2018',NULL,NULL,'Chuyển điểm tại trường',NULL),(2800,11,4695,NULL,NULL,NULL,NULL,NULL,7,7.5,14.5,'CB01130','645/18-UDCNTTCB-SPKTVL','16/08/2018',NULL,NULL,'Chuyển điểm tại trường',NULL),(2801,11,4696,NULL,NULL,NULL,NULL,NULL,7.5,8,15.5,'CB01131','646/18-UDCNTTCB-SPKTVL','16/08/2018',NULL,NULL,'Chuyển điểm tại trường',NULL),(2802,11,4697,NULL,NULL,NULL,NULL,NULL,5.5,5,10.5,'CB01132','647/18-UDCNTTCB-SPKTVL','16/08/2018',NULL,NULL,'Chuyển điểm tại trường',NULL),(2803,11,4698,NULL,NULL,NULL,NULL,NULL,8.5,7.5,16,'CB01133','648/18-UDCNTTCB-SPKTVL','16/08/2018',NULL,NULL,'Chuyển điểm tại trường',NULL),(2804,11,4699,NULL,NULL,NULL,NULL,NULL,7,6.5,13.5,'CB01134','649/18-UDCNTTCB-SPKTVL','16/08/2018',NULL,NULL,'Chuyển điểm tại trường',NULL),(2805,11,4700,NULL,NULL,NULL,NULL,NULL,7.5,7,14.5,'CB01135','650/18-UDCNTTCB-SPKTVL','16/08/2018',NULL,NULL,'Chuyển điểm tại trường',NULL),(2806,11,4701,NULL,NULL,NULL,NULL,NULL,8,9,17,'CB01136','651/18-UDCNTTCB-SPKTVL','16/08/2018',NULL,NULL,'Chuyển điểm tại trường',NULL),(2807,11,4702,NULL,NULL,NULL,NULL,NULL,6,5,11,'CB01137','652/18-UDCNTTCB-SPKTVL','16/08/2018',NULL,NULL,'Chuyển điểm tại trường',NULL),(2808,11,4703,NULL,NULL,NULL,NULL,NULL,7.5,7,14.5,'CB01138','653/18-UDCNTTCB-SPKTVL','16/08/2018',NULL,NULL,'Chuyển điểm tại trường',NULL),(2809,11,4704,NULL,NULL,NULL,NULL,NULL,8,8,16,'CB01433','654/18-UDCNTTCB-SPKTVL','16/08/2018',NULL,NULL,'Chuyển điểm tại trường',NULL),(2810,11,4705,NULL,NULL,NULL,NULL,NULL,7,7.5,14.5,'CB01434','655/18-UDCNTTCB-SPKTVL','16/08/2018',NULL,NULL,'Chuyển điểm tại trường',NULL),(2811,11,4706,NULL,NULL,NULL,NULL,NULL,5,5,10,'CB01141','656/18-UDCNTTCB-SPKTVL','16/08/2018',NULL,NULL,'Chuyển điểm tại trường',NULL),(2812,11,4707,NULL,NULL,NULL,NULL,NULL,8.5,7.5,16,'CB01142','657/18-UDCNTTCB-SPKTVL','16/08/2018',NULL,NULL,'Chuyển điểm tại trường',NULL),(2813,11,4708,NULL,NULL,NULL,NULL,NULL,5,5,10,'CB01143','658/18-UDCNTTCB-SPKTVL','16/08/2018',NULL,NULL,'Chuyển điểm tại trường',NULL),(2814,11,4709,NULL,NULL,NULL,NULL,NULL,7,7,14,'CB01144','659/18-UDCNTTCB-SPKTVL','16/08/2018',NULL,NULL,'Chuyển điểm tại trường',NULL),(2815,11,4710,NULL,NULL,NULL,NULL,NULL,7.5,6.5,14,'CB01145','660/18-UDCNTTCB-SPKTVL','16/08/2018',NULL,NULL,'Chuyển điểm tại trường',NULL),(2816,11,4711,NULL,NULL,NULL,NULL,NULL,6.5,5.5,12,'CB01146','661/18-UDCNTTCB-SPKTVL','16/08/2018',NULL,NULL,'Chuyển điểm tại trường',NULL),(2817,11,4712,NULL,NULL,NULL,NULL,NULL,7.5,8.5,16,'CB01147','662/18-UDCNTTCB-SPKTVL','16/08/2018',NULL,NULL,'Chuyển điểm tại trường',NULL),(2818,11,4713,NULL,NULL,NULL,NULL,NULL,6.5,7.5,14,'CB01148','663/18-UDCNTTCB-SPKTVL','16/08/2018',NULL,NULL,'Chuyển điểm tại trường',NULL),(2819,11,4714,NULL,NULL,NULL,NULL,NULL,8.5,7.5,16,'CB01149','664/18-UDCNTTCB-SPKTVL','16/08/2018',NULL,NULL,'Chuyển điểm tại trường',NULL),(2820,11,4715,NULL,NULL,NULL,NULL,NULL,7,7,14,'CB01150','665/18-UDCNTTCB-SPKTVL','16/08/2018',NULL,NULL,'Chuyển điểm tại trường',NULL),(2821,11,4716,NULL,NULL,NULL,NULL,NULL,7.5,6.5,14,'CB01151','666/18-UDCNTTCB-SPKTVL','16/08/2018',NULL,NULL,'Chuyển điểm tại trường',NULL),(2822,11,4717,NULL,NULL,NULL,NULL,NULL,7.5,6.5,14,'CB01152','667/18-UDCNTTCB-SPKTVL','16/08/2018',NULL,NULL,'Chuyển điểm tại trường',NULL),(2823,11,4718,NULL,NULL,NULL,NULL,NULL,8.5,7.5,16,'CB01153','668/18-UDCNTTCB-SPKTVL','16/08/2018',NULL,NULL,'Chuyển điểm tại trường',NULL),(2824,11,4719,NULL,NULL,NULL,NULL,NULL,8,8,16,'CB01154','669/18-UDCNTTCB-SPKTVL','16/08/2018',NULL,NULL,'Chuyển điểm tại trường',NULL),(2825,11,4720,NULL,NULL,NULL,NULL,NULL,7.5,8.5,16,'CB01155','670/18-UDCNTTCB-SPKTVL','16/08/2018',NULL,NULL,'Chuyển điểm tại trường',NULL),(2826,11,4721,NULL,NULL,NULL,NULL,NULL,8.5,9,17.5,'CB01156','671/18-UDCNTTCB-SPKTVL','16/08/2018',NULL,NULL,'Chuyển điểm tại trường',NULL),(2827,11,4722,NULL,NULL,NULL,NULL,NULL,6.5,7.5,14,'CB01157','672/18-UDCNTTCB-SPKTVL','16/08/2018',NULL,NULL,'Chuyển điểm tại trường',NULL),(2828,11,4723,NULL,NULL,NULL,NULL,NULL,7,7,14,'CB01158','673/18-UDCNTTCB-SPKTVL','16/08/2018',NULL,NULL,'Chuyển điểm tại trường',NULL),(2829,11,4724,NULL,NULL,NULL,NULL,NULL,7.5,6.5,14,'CB01159','674/18-UDCNTTCB-SPKTVL','16/08/2018',NULL,NULL,'Chuyển điểm tại trường',NULL),(2830,11,4725,NULL,NULL,NULL,NULL,NULL,7.5,6.5,14,'CB01160','675/18-UDCNTTCB-SPKTVL','16/08/2018',NULL,NULL,'Chuyển điểm tại trường',NULL),(2831,11,4726,NULL,NULL,NULL,NULL,NULL,7,7,14,'CB01161','676/18-UDCNTTCB-SPKTVL','16/08/2018',NULL,NULL,'Chuyển điểm tại trường',NULL),(2832,11,4727,NULL,NULL,NULL,NULL,NULL,7.5,6.5,14,'CB01162','677/18-UDCNTTCB-SPKTVL','16/08/2018',NULL,NULL,'Chuyển điểm tại trường',NULL),(2833,11,4728,NULL,NULL,NULL,NULL,NULL,8.5,7.5,16,'CB01163','678/18-UDCNTTCB-SPKTVL','16/08/2018',NULL,NULL,'Chuyển điểm tại trường',NULL),(2834,11,4729,NULL,NULL,NULL,NULL,NULL,6,5,11,'CB01164','679/18-UDCNTTCB-SPKTVL','16/08/2018',NULL,NULL,'Chuyển điểm tại trường',NULL),(2835,11,4730,NULL,NULL,NULL,NULL,NULL,10,10,20,'CB01165','680/18-UDCNTTCB-SPKTVL','16/08/2018',NULL,NULL,'Chuyển điểm tại trường',NULL),(2836,11,4731,NULL,NULL,NULL,NULL,NULL,8.5,7.5,16,'CB01166','681/18-UDCNTTCB-SPKTVL','16/08/2018',NULL,NULL,'Chuyển điểm tại trường',NULL),(2837,11,4732,NULL,NULL,NULL,NULL,NULL,6.5,7.5,14,'CB01167','682/18-UDCNTTCB-SPKTVL','16/08/2018',NULL,NULL,'Chuyển điểm tại trường',NULL),(2838,11,4733,NULL,NULL,NULL,NULL,NULL,7.5,6.5,14,'CB01168','683/18-UDCNTTCB-SPKTVL','16/08/2018',NULL,NULL,'Chuyển điểm tại trường',NULL),(2839,11,4734,NULL,NULL,NULL,NULL,NULL,5,5,10,'CB01169','684/18-UDCNTTCB-SPKTVL','16/08/2018',NULL,NULL,'Chuyển điểm tại trường',NULL),(2840,11,4735,NULL,NULL,NULL,NULL,NULL,5,5,10,'CB01170','685/18-UDCNTTCB-SPKTVL','16/08/2018',NULL,NULL,'Chuyển điểm tại trường',NULL),(2841,11,4736,NULL,NULL,NULL,NULL,NULL,7,7,14,'CB01171','686/18-UDCNTTCB-SPKTVL','16/08/2018',NULL,NULL,'Chuyển điểm tại trường',NULL),(2842,11,4737,NULL,NULL,NULL,NULL,NULL,9,9,18,'CB01172','687/18-UDCNTTCB-SPKTVL','16/08/2018',NULL,NULL,'Chuyển điểm tại trường',NULL),(2843,11,4738,NULL,NULL,NULL,NULL,NULL,7.5,6.5,14,'CB01173','688/18-UDCNTTCB-SPKTVL','16/08/2018',NULL,NULL,'Chuyển điểm tại trường',NULL),(2844,11,4739,NULL,NULL,NULL,NULL,NULL,6.5,5.5,12,'CB01174','689/18-UDCNTTCB-SPKTVL','16/08/2018',NULL,NULL,'Chuyển điểm tại trường',NULL),(2845,11,4740,NULL,NULL,NULL,NULL,NULL,8,7.5,15.5,'CB01175','690/18-UDCNTTCB-SPKTVL','16/08/2018',NULL,NULL,'Chuyển điểm tại trường',NULL),(2846,11,4741,NULL,NULL,NULL,NULL,NULL,6.5,8.5,15,'CB01176','691/18-UDCNTTCB-SPKTVL','16/08/2018',NULL,NULL,'Chuyển điểm tại trường',NULL),(2847,11,4742,NULL,NULL,NULL,NULL,NULL,8.5,9,17.5,'CB01177','692/18-UDCNTTCB-SPKTVL','16/08/2018',NULL,NULL,'Chuyển điểm tại trường',NULL),(2848,11,4743,NULL,NULL,NULL,NULL,NULL,5.5,5,10.5,'CB01178','693/18-UDCNTTCB-SPKTVL','16/08/2018',NULL,NULL,'Chuyển điểm tại trường',NULL),(2849,11,4744,NULL,NULL,NULL,NULL,NULL,8.5,8,16.5,'CB01179','694/18-UDCNTTCB-SPKTVL','16/08/2018',NULL,NULL,'Chuyển điểm tại trường',NULL),(2850,11,4745,NULL,NULL,NULL,NULL,NULL,8,7,15,'CB01180','695/18-UDCNTTCB-SPKTVL','16/08/2018',NULL,NULL,'Chuyển điểm tại trường',NULL),(2851,11,4746,NULL,NULL,NULL,NULL,NULL,6.5,6,12.5,'CB01181','696/18-UDCNTTCB-SPKTVL','16/08/2018',NULL,NULL,'Chuyển điểm tại trường',NULL),(2852,11,4747,NULL,NULL,NULL,NULL,NULL,6,5.5,11.5,'CB01182','697/18-UDCNTTCB-SPKTVL','16/08/2018',NULL,NULL,'Chuyển điểm tại trường',NULL),(2853,11,4748,NULL,NULL,NULL,NULL,NULL,5.5,6.5,12,'CB01183','698/18-UDCNTTCB-SPKTVL','16/08/2018',NULL,NULL,'Chuyển điểm tại trường',NULL),(2854,11,4749,NULL,NULL,NULL,NULL,NULL,7.5,7,14.5,'CB01184','699/18-UDCNTTCB-SPKTVL','16/08/2018',NULL,NULL,'Chuyển điểm tại trường',NULL),(2855,11,4750,NULL,NULL,NULL,NULL,NULL,5,5,10,'CB01185','700/18-UDCNTTCB-SPKTVL','16/08/2018',NULL,NULL,'Chuyển điểm tại trường',NULL),(2856,11,4751,NULL,NULL,NULL,NULL,NULL,6,6.5,12.5,'CB01186','701/18-UDCNTTCB-SPKTVL','16/08/2018',NULL,NULL,'Chuyển điểm tại trường',NULL),(2857,11,4752,NULL,NULL,NULL,NULL,NULL,5,6,11,'CB01187','702/18-UDCNTTCB-SPKTVL','16/08/2018',NULL,NULL,'Chuyển điểm tại trường',NULL),(2858,11,4753,NULL,NULL,NULL,NULL,NULL,7,6.5,13.5,'CB01188','703/18-UDCNTTCB-SPKTVL','16/08/2018',NULL,NULL,'Chuyển điểm tại trường',NULL),(2859,11,4754,NULL,NULL,NULL,NULL,NULL,6.5,5.5,12,'CB01189','704/18-UDCNTTCB-SPKTVL','16/08/2018',NULL,NULL,'Chuyển điểm tại trường',NULL),(2860,11,4755,NULL,NULL,NULL,NULL,NULL,5,5,10,'CB01190','705/18-UDCNTTCB-SPKTVL','16/08/2018',NULL,NULL,'Chuyển điểm tại trường',NULL),(2861,11,4756,NULL,NULL,NULL,NULL,NULL,5,5,10,'CB01191','706/18-UDCNTTCB-SPKTVL','16/08/2018',NULL,NULL,'Chuyển điểm tại trường',NULL),(2862,11,4757,NULL,NULL,NULL,NULL,NULL,7.5,7.5,15,'CB01192','707/18-UDCNTTCB-SPKTVL','16/08/2018',NULL,NULL,'Chuyển điểm tại trường',NULL),(2863,11,4758,NULL,NULL,NULL,NULL,NULL,6.5,6,12.5,'CB01193','708/18-UDCNTTCB-SPKTVL','16/08/2018',NULL,NULL,'Chuyển điểm tại trường',NULL),(2864,11,4759,NULL,NULL,NULL,NULL,NULL,6,7,13,'CB01194','709/18-UDCNTTCB-SPKTVL','16/08/2018',NULL,NULL,'Chuyển điểm tại trường',NULL),(2865,11,4760,NULL,NULL,NULL,NULL,NULL,7.5,7,14.5,'CB01195','710/18-UDCNTTCB-SPKTVL','16/08/2018',NULL,NULL,'Chuyển điểm tại trường',NULL),(2866,11,4761,NULL,NULL,NULL,NULL,NULL,7,6.5,13.5,'CB01196','711/18-UDCNTTCB-SPKTVL','16/08/2018',NULL,NULL,'Chuyển điểm tại trường',NULL),(2867,11,4762,NULL,NULL,NULL,NULL,NULL,6.5,6.5,13,'CB01197','712/18-UDCNTTCB-SPKTVL','16/08/2018',NULL,NULL,'Chuyển điểm tại trường',NULL),(2868,11,4763,NULL,NULL,NULL,NULL,NULL,6.5,8.5,15,'CB01198','713/18-UDCNTTCB-SPKTVL','16/08/2018',NULL,NULL,'Chuyển điểm tại trường',NULL),(2869,11,4764,NULL,NULL,NULL,NULL,NULL,9,9,18,'CB01199','714/18-UDCNTTCB-SPKTVL','16/08/2018',NULL,NULL,'Chuyển điểm tại trường',NULL),(2870,11,4765,NULL,NULL,NULL,NULL,NULL,6.5,7.5,14,'CB01200','715/18-UDCNTTCB-SPKTVL','16/08/2018',NULL,NULL,'Chuyển điểm tại trường',NULL),(2871,11,4766,NULL,NULL,NULL,NULL,NULL,8,8.5,16.5,'CB01201','716/18-UDCNTTCB-SPKTVL','16/08/2018',NULL,NULL,'Chuyển điểm tại trường',NULL),(2872,11,4767,NULL,NULL,NULL,NULL,NULL,7,8,15,'CB01202','717/18-UDCNTTCB-SPKTVL','16/08/2018',NULL,NULL,'Chuyển điểm tại trường',NULL),(2873,11,4768,NULL,NULL,NULL,NULL,NULL,6,7,13,'CB01203','718/18-UDCNTTCB-SPKTVL','16/08/2018',NULL,NULL,'Chuyển điểm tại trường',NULL),(2874,11,4769,NULL,NULL,NULL,NULL,NULL,7,6,13,'CB01204','719/18-UDCNTTCB-SPKTVL','16/08/2018',NULL,NULL,'Chuyển điểm tại trường',NULL),(2875,11,4770,NULL,NULL,NULL,NULL,NULL,6.5,5.5,12,'CB01205','720/18-UDCNTTCB-SPKTVL','16/08/2018',NULL,NULL,'Chuyển điểm tại trường',NULL),(2876,11,4771,NULL,NULL,NULL,NULL,NULL,5,5,10,'CB01206','721/18-UDCNTTCB-SPKTVL','16/08/2018',NULL,NULL,'Chuyển điểm tại trường',NULL),(2877,11,4772,NULL,NULL,NULL,NULL,NULL,6.5,6,12.5,'CB01207','722/18-UDCNTTCB-SPKTVL','16/08/2018',NULL,NULL,'Chuyển điểm tại trường',NULL),(2878,11,4773,NULL,NULL,NULL,NULL,NULL,7,6,13,'CB01208','723/18-UDCNTTCB-SPKTVL','16/08/2018',NULL,NULL,'Chuyển điểm tại trường',NULL),(2879,11,4774,NULL,NULL,NULL,NULL,NULL,7.5,7.5,15,'CB01209','724/18-UDCNTTCB-SPKTVL','16/08/2018',NULL,NULL,'Chuyển điểm tại trường',NULL),(2880,11,4775,NULL,NULL,NULL,NULL,NULL,7.5,7.5,15,'CB01210','725/18-UDCNTTCB-SPKTVL','16/08/2018',NULL,NULL,'Chuyển điểm tại trường',NULL),(2881,11,4776,NULL,NULL,NULL,NULL,NULL,8,8.5,16.5,'CB01211','726/18-UDCNTTCB-SPKTVL','16/08/2018',NULL,NULL,'Chuyển điểm tại trường',NULL),(2882,11,4777,NULL,NULL,NULL,NULL,NULL,6.5,6.5,13,'CB01212','727/18-UDCNTTCB-SPKTVL','16/08/2018',NULL,NULL,'Chuyển điểm tại trường',NULL),(2883,11,4778,NULL,NULL,NULL,NULL,NULL,6,5,11,'CB01213','728/18-UDCNTTCB-SPKTVL','16/08/2018',NULL,NULL,'Chuyển điểm tại trường',NULL),(2884,11,4779,NULL,NULL,NULL,NULL,NULL,5,5,10,'CB01214','729/18-UDCNTTCB-SPKTVL','16/08/2018',NULL,NULL,'Chuyển điểm tại trường',NULL),(2885,11,4780,NULL,NULL,NULL,NULL,NULL,7.5,8,15.5,'CB01215','730/18-UDCNTTCB-SPKTVL','16/08/2018',NULL,NULL,'Chuyển điểm tại trường',NULL),(2886,11,4781,NULL,NULL,NULL,NULL,NULL,5,5,10,'CB01216','731/18-UDCNTTCB-SPKTVL','16/08/2018',NULL,NULL,'Chuyển điểm tại trường',NULL),(2887,11,4782,NULL,NULL,NULL,NULL,NULL,6.5,5.5,12,'CB01217','732/18-UDCNTTCB-SPKTVL','16/08/2018',NULL,NULL,'Chuyển điểm tại trường',NULL),(2888,11,4783,NULL,NULL,NULL,NULL,NULL,5,5,10,'CB01218','733/18-UDCNTTCB-SPKTVL','16/08/2018',NULL,NULL,'Chuyển điểm tại trường',NULL),(2889,11,4784,NULL,NULL,NULL,NULL,NULL,5.5,5,10.5,'CB01219','734/18-UDCNTTCB-SPKTVL','16/08/2018',NULL,NULL,'Chuyển điểm tại trường',NULL),(2890,11,4785,NULL,NULL,NULL,NULL,NULL,5,5,10,'CB01220','735/18-UDCNTTCB-SPKTVL','16/08/2018',NULL,NULL,'Chuyển điểm tại trường',NULL),(2891,11,4786,NULL,NULL,NULL,NULL,NULL,6,7,13,'CB01221','736/18-UDCNTTCB-SPKTVL','16/08/2018',NULL,NULL,'Chuyển điểm tại trường',NULL),(2892,11,4787,NULL,NULL,NULL,NULL,NULL,5,5,10,'CB01222','737/18-UDCNTTCB-SPKTVL','16/08/2018',NULL,NULL,'Chuyển điểm tại trường',NULL),(2893,11,4788,NULL,NULL,NULL,NULL,NULL,7,6,13,'CB01223','738/18-UDCNTTCB-SPKTVL','16/08/2018',NULL,NULL,'Chuyển điểm tại trường',NULL),(2894,11,4789,NULL,NULL,NULL,NULL,NULL,8.5,8.5,17,'CB01224','739/18-UDCNTTCB-SPKTVL','16/08/2018',NULL,NULL,'Chuyển điểm tại trường',NULL),(2895,11,4790,NULL,NULL,NULL,NULL,NULL,5.5,5,10.5,'CB01225','740/18-UDCNTTCB-SPKTVL','16/08/2018',NULL,NULL,'Chuyển điểm tại trường',NULL),(2896,11,4791,NULL,NULL,NULL,NULL,NULL,5,5,10,'CB01226','741/18-UDCNTTCB-SPKTVL','16/08/2018',NULL,NULL,'Chuyển điểm tại trường',NULL),(2897,11,4792,NULL,NULL,NULL,NULL,NULL,6.5,8.5,15,'CB01227','742/18-UDCNTTCB-SPKTVL','16/08/2018',NULL,NULL,'Chuyển điểm tại trường',NULL),(2898,11,4793,NULL,NULL,NULL,NULL,NULL,5,5,10,'CB01228','743/18-UDCNTTCB-SPKTVL','16/08/2018',NULL,NULL,'Chuyển điểm tại trường',NULL),(2899,11,4794,NULL,NULL,NULL,NULL,NULL,7,6,13,'CB01229','744/18-UDCNTTCB-SPKTVL','16/08/2018',NULL,NULL,'Chuyển điểm tại trường',NULL),(2900,11,4795,NULL,NULL,NULL,NULL,NULL,6.5,6.5,13,'CB01230','745/18-UDCNTTCB-SPKTVL','16/08/2018',NULL,NULL,'Chuyển điểm tại trường',NULL),(2901,11,4796,NULL,NULL,NULL,NULL,NULL,9,9,18,'CB01231','746/18-UDCNTTCB-SPKTVL','16/08/2018',NULL,NULL,'Chuyển điểm tại trường',NULL),(2902,11,4797,NULL,NULL,NULL,NULL,NULL,9,8.5,17.5,'CB01232','747/18-UDCNTTCB-SPKTVL','16/08/2018',NULL,NULL,'Chuyển điểm tại trường',NULL),(2903,11,4798,NULL,NULL,NULL,NULL,NULL,5,5,10,'CB01233','748/18-UDCNTTCB-SPKTVL','16/08/2018',NULL,NULL,'Chuyển điểm tại trường',NULL),(2904,11,4799,NULL,NULL,NULL,NULL,NULL,5,5,10,'CB01234','749/18-UDCNTTCB-SPKTVL','16/08/2018',NULL,NULL,'Chuyển điểm tại trường',NULL),(2905,11,4800,NULL,NULL,NULL,NULL,NULL,5,5.5,10.5,'CB01235','750/18-UDCNTTCB-SPKTVL','16/08/2018',NULL,NULL,'Chuyển điểm tại trường',NULL),(2906,11,4801,NULL,NULL,NULL,NULL,NULL,7,7,14,'CB01236','751/18-UDCNTTCB-SPKTVL','16/08/2018',NULL,NULL,'Chuyển điểm tại trường',NULL),(2907,11,4802,NULL,NULL,NULL,NULL,NULL,6.5,7,13.5,'CB01237','752/18-UDCNTTCB-SPKTVL','16/08/2018',NULL,NULL,'Chuyển điểm tại trường',NULL),(2908,11,4803,NULL,NULL,NULL,NULL,NULL,7.5,8.5,16,'CB01238','753/18-UDCNTTCB-SPKTVL','16/08/2018',NULL,NULL,'Chuyển điểm tại trường',NULL),(2909,11,4804,NULL,NULL,NULL,NULL,NULL,5.5,5,10.5,'CB01239','754/18-UDCNTTCB-SPKTVL','16/08/2018',NULL,NULL,'Chuyển điểm tại trường',NULL),(2910,11,4805,NULL,NULL,NULL,NULL,NULL,7,6.5,13.5,'CB01240','755/18-UDCNTTCB-SPKTVL','16/08/2018',NULL,NULL,'Chuyển điểm tại trường',NULL),(2911,11,4806,NULL,NULL,NULL,NULL,NULL,6.5,6,12.5,'CB01241','756/18-UDCNTTCB-SPKTVL','16/08/2018',NULL,NULL,'Chuyển điểm tại trường',NULL),(2912,11,4807,NULL,NULL,NULL,NULL,NULL,6,5.5,11.5,'CB01242','757/18-UDCNTTCB-SPKTVL','16/08/2018',NULL,NULL,'Chuyển điểm tại trường',NULL),(2913,11,4808,NULL,NULL,NULL,NULL,NULL,7.5,6.5,14,'CB01243','758/18-UDCNTTCB-SPKTVL','16/08/2018',NULL,NULL,'Chuyển điểm tại trường',NULL),(2914,11,4809,NULL,NULL,NULL,NULL,NULL,8.5,8,16.5,'CB01244','759/18-UDCNTTCB-SPKTVL','16/08/2018',NULL,NULL,'Chuyển điểm tại trường',NULL),(2915,11,4810,NULL,NULL,NULL,NULL,NULL,5,5,10,'CB01245','760/18-UDCNTTCB-SPKTVL','16/08/2018',NULL,NULL,'Chuyển điểm tại trường',NULL),(2916,11,4811,NULL,NULL,NULL,NULL,NULL,5,5,10,'CB01246','761/18-UDCNTTCB-SPKTVL','16/08/2018',NULL,NULL,'Chuyển điểm tại trường',NULL),(2917,11,4812,NULL,NULL,NULL,NULL,NULL,5,5,10,'CB01247','762/18-UDCNTTCB-SPKTVL','16/08/2018',NULL,NULL,'Chuyển điểm tại trường',NULL),(2918,11,4813,NULL,NULL,NULL,NULL,NULL,5,5,10,'CB01248','763/18-UDCNTTCB-SPKTVL','16/08/2018',NULL,NULL,'Chuyển điểm tại trường',NULL),(2919,11,4814,NULL,NULL,NULL,NULL,NULL,6.5,5.5,12,'CB01249','764/18-UDCNTTCB-SPKTVL','16/08/2018',NULL,NULL,'Chuyển điểm tại trường',NULL),(2920,11,4815,NULL,NULL,NULL,NULL,NULL,6,5,11,'CB01250','765/18-UDCNTTCB-SPKTVL','16/08/2018',NULL,NULL,'Chuyển điểm tại trường',NULL),(2921,11,4816,NULL,NULL,NULL,NULL,NULL,5.5,5,10.5,'CB01251','766/18-UDCNTTCB-SPKTVL','16/08/2018',NULL,NULL,'Chuyển điểm tại trường',NULL),(2922,11,4817,NULL,NULL,NULL,NULL,NULL,7,7.5,14.5,'CB01252','767/18-UDCNTTCB-SPKTVL','16/08/2018',NULL,NULL,'Chuyển điểm tại trường',NULL),(2923,11,4818,NULL,NULL,NULL,NULL,NULL,5,5.5,10.5,'CB01253','768/18-UDCNTTCB-SPKTVL','16/08/2018',NULL,NULL,'Chuyển điểm tại trường',NULL),(2924,11,4819,NULL,NULL,NULL,NULL,NULL,5,5,10,'CB01254','769/18-UDCNTTCB-SPKTVL','16/08/2018',NULL,NULL,'Chuyển điểm tại trường',NULL),(2925,11,4820,NULL,NULL,NULL,NULL,NULL,5,6,11,'CB01255','770/18-UDCNTTCB-SPKTVL','16/08/2018',NULL,NULL,'Chuyển điểm tại trường',NULL),(2926,11,4821,NULL,NULL,NULL,NULL,NULL,5.5,5,10.5,'CB01256','771/18-UDCNTTCB-SPKTVL','16/08/2018',NULL,NULL,'Chuyển điểm tại trường',NULL),(2927,11,4822,NULL,NULL,NULL,NULL,NULL,5.5,6,11.5,'CB01257','772/18-UDCNTTCB-SPKTVL','16/08/2018',NULL,NULL,'Chuyển điểm tại trường',NULL),(2928,11,4823,NULL,NULL,NULL,NULL,NULL,7.5,6.5,14,'CB01258','773/18-UDCNTTCB-SPKTVL','16/08/2018',NULL,NULL,'Chuyển điểm tại trường',NULL),(2929,11,4824,NULL,NULL,NULL,NULL,NULL,5,5,10,'CB01259','774/18-UDCNTTCB-SPKTVL','16/08/2018',NULL,NULL,'Chuyển điểm tại trường',NULL),(2930,11,4825,NULL,NULL,NULL,NULL,NULL,5,5,10,'CB01260','775/18-UDCNTTCB-SPKTVL','16/08/2018',NULL,NULL,'Chuyển điểm tại trường',NULL),(2931,11,4826,NULL,NULL,NULL,NULL,NULL,6,7,13,'CB01261','776/18-UDCNTTCB-SPKTVL','16/08/2018',NULL,NULL,'Chuyển điểm tại trường',NULL),(2932,11,4827,NULL,NULL,NULL,NULL,NULL,7,6.5,13.5,'CB01262','777/18-UDCNTTCB-SPKTVL','16/08/2018',NULL,NULL,'Chuyển điểm tại trường',NULL),(2933,11,4828,NULL,NULL,NULL,NULL,NULL,6.5,7.5,14,'CB01263','778/18-UDCNTTCB-SPKTVL','16/08/2018',NULL,NULL,'Chuyển điểm tại trường',NULL),(2934,11,4829,NULL,NULL,NULL,NULL,NULL,5,5,10,'CB01264','779/18-UDCNTTCB-SPKTVL','16/08/2018',NULL,NULL,'Chuyển điểm tại trường',NULL),(2935,11,4830,NULL,NULL,NULL,NULL,NULL,6.5,7,13.5,'CB01265','780/18-UDCNTTCB-SPKTVL','16/08/2018',NULL,NULL,'Chuyển điểm tại trường',NULL),(2936,11,4831,NULL,NULL,NULL,NULL,NULL,5,5,10,'CB01266','781/18-UDCNTTCB-SPKTVL','16/08/2018',NULL,NULL,'Chuyển điểm tại trường',NULL),(2937,11,4832,NULL,NULL,NULL,NULL,NULL,6,6,12,'CB01267','782/18-UDCNTTCB-SPKTVL','16/08/2018',NULL,NULL,'Chuyển điểm tại trường',NULL),(2938,11,4833,NULL,NULL,NULL,NULL,NULL,5,5,10,'CB01268','783/18-UDCNTTCB-SPKTVL','16/08/2018',NULL,NULL,'Chuyển điểm tại trường',NULL),(2939,11,4834,NULL,NULL,NULL,NULL,NULL,7,6,13,'CB01269','784/18-UDCNTTCB-SPKTVL','16/08/2018',NULL,NULL,'Chuyển điểm tại trường',NULL),(2940,11,4835,NULL,NULL,NULL,NULL,NULL,6,5,11,'CB01270','785/18-UDCNTTCB-SPKTVL','16/08/2018',NULL,NULL,'Chuyển điểm tại trường',NULL),(2941,11,4836,NULL,NULL,NULL,NULL,NULL,5,5,10,'CB01271','786/18-UDCNTTCB-SPKTVL','16/08/2018',NULL,NULL,'Chuyển điểm tại trường',NULL),(2942,11,4837,NULL,NULL,NULL,NULL,NULL,5,5,10,'CB01435','787/18-UDCNTTCB-SPKTVL','16/08/2018',NULL,NULL,'Chuyển điểm tại trường',NULL),(2943,11,4838,NULL,NULL,NULL,NULL,NULL,7.5,7,14.5,'CB01273','788/18-UDCNTTCB-SPKTVL','16/08/2018',NULL,NULL,'Chuyển điểm tại trường',NULL),(2944,11,4839,NULL,NULL,NULL,NULL,NULL,6,5.5,11.5,'CB01274','789/18-UDCNTTCB-SPKTVL','16/08/2018',NULL,NULL,'Chuyển điểm tại trường',NULL),(2945,11,4840,NULL,NULL,NULL,NULL,NULL,6,6,12,'CB01275','790/18-UDCNTTCB-SPKTVL','16/08/2018',NULL,NULL,'Chuyển điểm tại trường',NULL),(2946,11,4841,NULL,NULL,NULL,NULL,NULL,8,7,15,'CB01276','791/18-UDCNTTCB-SPKTVL','16/08/2018',NULL,NULL,'Chuyển điểm tại trường',NULL),(2947,11,4842,NULL,NULL,NULL,NULL,NULL,7,7.5,14.5,'CB01277','792/18-UDCNTTCB-SPKTVL','16/08/2018',NULL,NULL,'Chuyển điểm tại trường',NULL),(2948,11,4843,NULL,NULL,NULL,NULL,NULL,5.5,5,10.5,'CB01278','793/18-UDCNTTCB-SPKTVL','16/08/2018',NULL,NULL,'Chuyển điểm tại trường',NULL),(2949,11,4844,NULL,NULL,NULL,NULL,NULL,5,5,10,'CB01279','794/18-UDCNTTCB-SPKTVL','16/08/2018',NULL,NULL,'Chuyển điểm tại trường',NULL),(2950,11,4845,NULL,NULL,NULL,NULL,NULL,7,7,14,'CB01280','795/18-UDCNTTCB-SPKTVL','16/08/2018',NULL,NULL,'Chuyển điểm tại trường',NULL),(2951,11,4846,NULL,NULL,NULL,NULL,NULL,7.5,6.5,14,'CB01281','796/18-UDCNTTCB-SPKTVL','16/08/2018',NULL,NULL,'Chuyển điểm tại trường',NULL),(2952,11,4847,NULL,NULL,NULL,NULL,NULL,6.5,5.5,12,'CB01282','797/18-UDCNTTCB-SPKTVL','16/08/2018',NULL,NULL,'Chuyển điểm tại trường',NULL),(2953,11,4848,NULL,NULL,NULL,NULL,NULL,7.5,6.5,14,'CB01283','798/18-UDCNTTCB-SPKTVL','16/08/2018',NULL,NULL,'Chuyển điểm tại trường',NULL),(2954,11,4849,NULL,NULL,NULL,NULL,NULL,5,5,10,'CB01284','799/18-UDCNTTCB-SPKTVL','16/08/2018',NULL,NULL,'Chuyển điểm tại trường',NULL),(2955,11,4850,NULL,NULL,NULL,NULL,NULL,6.5,5.5,12,'CB01285','800/18-UDCNTTCB-SPKTVL','16/08/2018',NULL,NULL,'Chuyển điểm tại trường',NULL),(2956,11,4851,NULL,NULL,NULL,NULL,NULL,5,5,10,'CB01286','801/18-UDCNTTCB-SPKTVL','16/08/2018',NULL,NULL,'Chuyển điểm tại trường',NULL),(2957,11,4852,NULL,NULL,NULL,NULL,NULL,5.5,6.5,12,'CB01287','802/18-UDCNTTCB-SPKTVL','16/08/2018',NULL,NULL,'Chuyển điểm tại trường',NULL),(2958,11,4853,NULL,NULL,NULL,NULL,NULL,6.5,5.5,12,'CB01288','803/18-UDCNTTCB-SPKTVL','16/08/2018',NULL,NULL,'Chuyển điểm tại trường',NULL),(2959,11,4854,NULL,NULL,NULL,NULL,NULL,7,6,13,'CB01289','804/18-UDCNTTCB-SPKTVL','16/08/2018',NULL,NULL,'Chuyển điểm tại trường',NULL),(2960,11,4855,NULL,NULL,NULL,NULL,NULL,6,6.5,12.5,'CB01290','805/18-UDCNTTCB-SPKTVL','16/08/2018',NULL,NULL,'Chuyển điểm tại trường',NULL),(2961,11,4856,NULL,NULL,NULL,NULL,NULL,6.5,5.5,12,'CB01291','806/18-UDCNTTCB-SPKTVL','16/08/2018',NULL,NULL,'Chuyển điểm tại trường',NULL),(2962,11,4857,NULL,NULL,NULL,NULL,NULL,7,6.5,13.5,'CB01292','807/18-UDCNTTCB-SPKTVL','16/08/2018',NULL,NULL,'Chuyển điểm tại trường',NULL),(2963,11,4858,NULL,NULL,NULL,NULL,NULL,8.5,7.5,16,'CB01293','808/18-UDCNTTCB-SPKTVL','16/08/2018',NULL,NULL,'Chuyển điểm tại trường',NULL),(2964,11,4859,NULL,NULL,NULL,NULL,NULL,5,5,10,'CB01294','809/18-UDCNTTCB-SPKTVL','16/08/2018',NULL,NULL,'Chuyển điểm tại trường',NULL),(2965,11,4860,NULL,NULL,NULL,NULL,NULL,5,5,10,'CB01295','810/18-UDCNTTCB-SPKTVL','16/08/2018',NULL,NULL,'Chuyển điểm tại trường',NULL),(2966,11,4861,NULL,NULL,NULL,NULL,NULL,7,6.5,13.5,'CB01296','811/18-UDCNTTCB-SPKTVL','16/08/2018',NULL,NULL,'Chuyển điểm tại trường',NULL),(2967,11,4862,NULL,NULL,NULL,NULL,NULL,5,5,10,'CB01297','812/18-UDCNTTCB-SPKTVL','16/08/2018',NULL,NULL,'Chuyển điểm tại trường',NULL),(2968,11,4863,NULL,NULL,NULL,NULL,NULL,5,5,10,'CB01298','813/18-UDCNTTCB-SPKTVL','16/08/2018',NULL,NULL,'Chuyển điểm tại trường',NULL),(2969,11,4864,NULL,NULL,NULL,NULL,NULL,5.5,5,10.5,'CB01299','814/18-UDCNTTCB-SPKTVL','16/08/2018',NULL,NULL,'Chuyển điểm tại trường',NULL),(2970,11,4865,NULL,NULL,NULL,NULL,NULL,7.5,7.5,15,'CB01300','815/18-UDCNTTCB-SPKTVL','16/08/2018',NULL,NULL,'Chuyển điểm tại trường',NULL),(2971,11,4866,NULL,NULL,NULL,NULL,NULL,5,5,10,'CB01301','816/18-UDCNTTCB-SPKTVL','16/08/2018',NULL,NULL,'Chuyển điểm tại trường',NULL),(2972,11,4867,NULL,NULL,NULL,NULL,NULL,5,5.5,10.5,'CB01302','817/18-UDCNTTCB-SPKTVL','16/08/2018',NULL,NULL,'Chuyển điểm tại trường',NULL),(2973,11,4868,NULL,NULL,NULL,NULL,NULL,5,5,10,'CB01303','818/18-UDCNTTCB-SPKTVL','16/08/2018',NULL,NULL,'Chuyển điểm tại trường',NULL),(2974,11,4869,NULL,NULL,NULL,NULL,NULL,5,5,10,'CB01304','819/18-UDCNTTCB-SPKTVL','16/08/2018',NULL,NULL,'Chuyển điểm tại trường',NULL),(2975,11,4870,NULL,NULL,NULL,NULL,NULL,5,5,10,'CB01305','820/18-UDCNTTCB-SPKTVL','16/08/2018',NULL,NULL,'Chuyển điểm tại trường',NULL),(2976,11,4871,NULL,NULL,NULL,NULL,NULL,6,7,13,'CB01306','821/18-UDCNTTCB-SPKTVL','16/08/2018',NULL,NULL,'Chuyển điểm tại trường',NULL),(2977,11,4872,NULL,NULL,NULL,NULL,NULL,5,5,10,'CB01307','822/18-UDCNTTCB-SPKTVL','16/08/2018',NULL,NULL,'Chuyển điểm tại trường',NULL),(2978,11,4873,NULL,NULL,NULL,NULL,NULL,5,5,10,'CB01308','823/18-UDCNTTCB-SPKTVL','16/08/2018',NULL,NULL,'Chuyển điểm tại trường',NULL),(2979,11,4874,NULL,NULL,NULL,NULL,NULL,9,8.5,17.5,'CB01309','824/18-UDCNTTCB-SPKTVL','16/08/2018',NULL,NULL,'Chuyển điểm tại trường',NULL),(2980,11,4875,NULL,NULL,NULL,NULL,NULL,7.5,7,14.5,'CB01310','825/18-UDCNTTCB-SPKTVL','16/08/2018',NULL,NULL,'Chuyển điểm tại trường',NULL),(2981,11,4876,NULL,NULL,NULL,NULL,NULL,6.5,6,12.5,'CB01311','826/18-UDCNTTCB-SPKTVL','16/08/2018',NULL,NULL,'Chuyển điểm tại trường',NULL),(2982,11,4877,NULL,NULL,NULL,NULL,NULL,7,6,13,'CB01312','827/18-UDCNTTCB-SPKTVL','16/08/2018',NULL,NULL,'Chuyển điểm tại trường',NULL),(2983,11,4878,NULL,NULL,NULL,NULL,NULL,5.5,6.5,12,'CB01313','828/18-UDCNTTCB-SPKTVL','16/08/2018',NULL,NULL,'Chuyển điểm tại trường',NULL),(2984,11,4879,NULL,NULL,NULL,NULL,NULL,7.5,7,14.5,'CB01314','829/18-UDCNTTCB-SPKTVL','16/08/2018',NULL,NULL,'Chuyển điểm tại trường',NULL),(2985,11,4880,NULL,NULL,NULL,NULL,NULL,7.5,7,14.5,'CB01315','830/18-UDCNTTCB-SPKTVL','16/08/2018',NULL,NULL,'Chuyển điểm tại trường',NULL),(2986,11,4881,NULL,NULL,NULL,NULL,NULL,5.5,5,10.5,'CB01316','831/18-UDCNTTCB-SPKTVL','16/08/2018',NULL,NULL,'Chuyển điểm tại trường',NULL),(2987,11,4882,NULL,NULL,NULL,NULL,NULL,6,5.5,11.5,'CB01317','832/18-UDCNTTCB-SPKTVL','16/08/2018',NULL,NULL,'Chuyển điểm tại trường',NULL),(2988,11,4883,NULL,NULL,NULL,NULL,NULL,8.5,8,16.5,'CB01318','833/18-UDCNTTCB-SPKTVL','16/08/2018',NULL,NULL,'Chuyển điểm tại trường',NULL),(2989,11,4884,NULL,NULL,NULL,NULL,NULL,6.5,6,12.5,'CB01319','834/18-UDCNTTCB-SPKTVL','16/08/2018',NULL,NULL,'Chuyển điểm tại trường',NULL),(2990,11,4885,NULL,NULL,NULL,NULL,NULL,5.5,6,11.5,'CB01320','835/18-UDCNTTCB-SPKTVL','16/08/2018',NULL,NULL,'Chuyển điểm tại trường',NULL),(2991,11,4886,NULL,NULL,NULL,NULL,NULL,6.5,6.5,13,'CB01321','836/18-UDCNTTCB-SPKTVL','16/08/2018',NULL,NULL,'Chuyển điểm tại trường',NULL),(2992,11,4887,NULL,NULL,NULL,NULL,NULL,5.5,5,10.5,'CB01322','837/18-UDCNTTCB-SPKTVL','16/08/2018',NULL,NULL,'Chuyển điểm tại trường',NULL),(2993,11,4888,NULL,NULL,NULL,NULL,NULL,6.5,8.5,15,'CB01323','838/18-UDCNTTCB-SPKTVL','16/08/2018',NULL,NULL,'Chuyển điểm tại trường',NULL),(2994,11,4889,NULL,NULL,NULL,NULL,NULL,5,5,10,'CB01324','839/18-UDCNTTCB-SPKTVL','16/08/2018',NULL,NULL,'Chuyển điểm tại trường',NULL),(2995,11,4890,NULL,NULL,NULL,NULL,NULL,6,7,13,'CB01325','840/18-UDCNTTCB-SPKTVL','16/08/2018',NULL,NULL,'Chuyển điểm tại trường',NULL),(2996,11,4891,NULL,NULL,NULL,NULL,NULL,7.5,7.5,15,'CB01326','841/18-UDCNTTCB-SPKTVL','16/08/2018',NULL,NULL,'Chuyển điểm tại trường',NULL),(2997,11,4892,NULL,NULL,NULL,NULL,NULL,6,5.5,11.5,'CB01327','842/18-UDCNTTCB-SPKTVL','16/08/2018',NULL,NULL,'Chuyển điểm tại trường',NULL),(2998,11,4893,NULL,NULL,NULL,NULL,NULL,5,5,10,'CB01328','843/18-UDCNTTCB-SPKTVL','16/08/2018',NULL,NULL,'Chuyển điểm tại trường',NULL),(2999,11,4894,NULL,NULL,NULL,NULL,NULL,6,5.5,11.5,'CB01329','844/18-UDCNTTCB-SPKTVL','16/08/2018',NULL,NULL,'Chuyển điểm tại trường',NULL),(3000,11,4895,NULL,NULL,NULL,NULL,NULL,6,6.5,12.5,'CB01330','845/18-UDCNTTCB-SPKTVL','16/08/2018',NULL,NULL,'Chuyển điểm tại trường',NULL),(3001,11,4896,NULL,NULL,NULL,NULL,NULL,6,5,11,'CB01331','846/18-UDCNTTCB-SPKTVL','16/08/2018',NULL,NULL,'Chuyển điểm tại trường',NULL),(3002,11,4897,NULL,NULL,NULL,NULL,NULL,6.5,5.5,12,'CB01332','847/18-UDCNTTCB-SPKTVL','16/08/2018',NULL,NULL,'Chuyển điểm tại trường',NULL),(3003,11,4898,NULL,NULL,NULL,NULL,NULL,6,6,12,'CB01333','848/18-UDCNTTCB-SPKTVL','16/08/2018',NULL,NULL,'Chuyển điểm tại trường',NULL),(3004,11,4899,NULL,NULL,NULL,NULL,NULL,8.5,7.5,16,'CB01334','849/18-UDCNTTCB-SPKTVL','16/08/2018',NULL,NULL,'Chuyển điểm tại trường',NULL),(3005,11,4900,NULL,NULL,NULL,NULL,NULL,8,8,16,'CB01335','850/18-UDCNTTCB-SPKTVL','16/08/2018',NULL,NULL,'Chuyển điểm tại trường',NULL),(3006,11,4901,NULL,NULL,NULL,NULL,NULL,6,5,11,'CB01336','851/18-UDCNTTCB-SPKTVL','16/08/2018',NULL,NULL,'Chuyển điểm tại trường',NULL),(3007,11,4902,NULL,NULL,NULL,NULL,NULL,5.5,5.5,11,'CB01337','852/18-UDCNTTCB-SPKTVL','16/08/2018',NULL,NULL,'Chuyển điểm tại trường',NULL),(3008,11,4903,NULL,NULL,NULL,NULL,NULL,6.5,7,13.5,'CB01338','853/18-UDCNTTCB-SPKTVL','16/08/2018',NULL,NULL,'Chuyển điểm tại trường',NULL),(3009,11,4904,NULL,NULL,NULL,NULL,NULL,6.5,6,12.5,'CB01339','854/18-UDCNTTCB-SPKTVL','16/08/2018',NULL,NULL,'Chuyển điểm tại trường',NULL),(3010,11,4905,NULL,NULL,NULL,NULL,NULL,7,6,13,'CB01340','855/18-UDCNTTCB-SPKTVL','16/08/2018',NULL,NULL,'Chuyển điểm tại trường',NULL),(3011,11,4906,NULL,NULL,NULL,NULL,NULL,6.5,5.5,12,'CB01341','856/18-UDCNTTCB-SPKTVL','16/08/2018',NULL,NULL,'Chuyển điểm tại trường',NULL),(3012,11,4907,NULL,NULL,NULL,NULL,NULL,6,6.5,12.5,'CB01342','857/18-UDCNTTCB-SPKTVL','16/08/2018',NULL,NULL,'Chuyển điểm tại trường',NULL),(3013,11,4908,NULL,NULL,NULL,NULL,NULL,7,7.5,14.5,'CB01343','858/18-UDCNTTCB-SPKTVL','16/08/2018',NULL,NULL,'Chuyển điểm tại trường',NULL),(3014,11,4909,NULL,NULL,NULL,NULL,NULL,5,6,11,'CB01344','859/18-UDCNTTCB-SPKTVL','16/08/2018',NULL,NULL,'Chuyển điểm tại trường',NULL),(3015,11,4910,NULL,NULL,NULL,NULL,NULL,6,5.5,11.5,'CB01345','860/18-UDCNTTCB-SPKTVL','16/08/2018',NULL,NULL,'Chuyển điểm tại trường',NULL),(3016,11,4911,NULL,NULL,NULL,NULL,NULL,6.5,6,12.5,'CB01346','861/18-UDCNTTCB-SPKTVL','16/08/2018',NULL,NULL,'Chuyển điểm tại trường',NULL),(3017,11,4912,NULL,NULL,NULL,NULL,NULL,5,5,10,'CB01347','862/18-UDCNTTCB-SPKTVL','16/08/2018',NULL,NULL,'Chuyển điểm tại trường',NULL),(3018,11,4913,NULL,NULL,NULL,NULL,NULL,7,8,15,'CB01348','863/18-UDCNTTCB-SPKTVL','16/08/2018',NULL,NULL,'Chuyển điểm tại trường',NULL),(3019,11,4914,NULL,NULL,NULL,NULL,NULL,6,5,11,'CB01349','864/18-UDCNTTCB-SPKTVL','16/08/2018',NULL,NULL,'Chuyển điểm tại trường',NULL),(3020,11,4915,NULL,NULL,NULL,NULL,NULL,5,5,10,'CB01350','865/18-UDCNTTCB-SPKTVL','16/08/2018',NULL,NULL,'Chuyển điểm tại trường',NULL),(3021,11,4916,NULL,NULL,NULL,NULL,NULL,6.5,5.5,12,'CB01351','866/18-UDCNTTCB-SPKTVL','16/08/2018',NULL,NULL,'Chuyển điểm tại trường',NULL),(3022,11,4917,NULL,NULL,NULL,NULL,NULL,7.5,7.5,15,'CB01352','867/18-UDCNTTCB-SPKTVL','16/08/2018',NULL,NULL,'Chuyển điểm tại trường',NULL),(3023,11,4918,NULL,NULL,NULL,NULL,NULL,7.5,7,14.5,'CB01353','868/18-UDCNTTCB-SPKTVL','16/08/2018',NULL,NULL,'Chuyển điểm tại trường',NULL),(3024,11,4919,NULL,NULL,NULL,NULL,NULL,7.5,8.5,16,'CB01354','869/18-UDCNTTCB-SPKTVL','16/08/2018',NULL,NULL,'Chuyển điểm tại trường',NULL),(3025,11,4920,NULL,NULL,NULL,NULL,NULL,6,5,11,'CB01355','870/18-UDCNTTCB-SPKTVL','16/08/2018',NULL,NULL,'Chuyển điểm tại trường',NULL),(3026,11,4921,NULL,NULL,NULL,NULL,NULL,6.5,6.5,13,'CB01356','871/18-UDCNTTCB-SPKTVL','16/08/2018',NULL,NULL,'Chuyển điểm tại trường',NULL),(3027,11,4922,NULL,NULL,NULL,NULL,NULL,8,7,15,'CB01357','872/18-UDCNTTCB-SPKTVL','16/08/2018',NULL,NULL,'Chuyển điểm tại trường',NULL),(3028,11,4923,NULL,NULL,NULL,NULL,NULL,7,6.5,13.5,'CB01358','873/18-UDCNTTCB-SPKTVL','16/08/2018',NULL,NULL,'Chuyển điểm tại trường',NULL),(3029,11,4924,NULL,NULL,NULL,NULL,NULL,8,9,17,'CB01359','874/18-UDCNTTCB-SPKTVL','16/08/2018',NULL,NULL,'Chuyển điểm tại trường',NULL),(3030,11,4925,NULL,NULL,NULL,NULL,NULL,6.5,7.5,14,'CB01360','875/18-UDCNTTCB-SPKTVL','16/08/2018',NULL,NULL,'Chuyển điểm tại trường',NULL),(3031,11,4926,NULL,NULL,NULL,NULL,NULL,8.5,7.5,16,'CB01361','876/18-UDCNTTCB-SPKTVL','16/08/2018',NULL,NULL,'Chuyển điểm tại trường',NULL),(3032,11,4927,NULL,NULL,NULL,NULL,NULL,7.5,7,14.5,'CB01362','877/18-UDCNTTCB-SPKTVL','16/08/2018',NULL,NULL,'Chuyển điểm tại trường',NULL),(3033,11,4928,NULL,NULL,NULL,NULL,NULL,8,8.5,16.5,'CB01363','878/18-UDCNTTCB-SPKTVL','16/08/2018',NULL,NULL,'Chuyển điểm tại trường',NULL),(3034,11,4929,NULL,NULL,NULL,NULL,NULL,7,8,15,'CB01364','879/18-UDCNTTCB-SPKTVL','16/08/2018',NULL,NULL,'Chuyển điểm tại trường',NULL),(3035,11,4930,NULL,NULL,NULL,NULL,NULL,5.5,5,10.5,'CB01365','880/18-UDCNTTCB-SPKTVL','16/08/2018',NULL,NULL,'Chuyển điểm tại trường',NULL),(3036,11,4931,NULL,NULL,NULL,NULL,NULL,7,6.5,13.5,'CB01366','881/18-UDCNTTCB-SPKTVL','16/08/2018',NULL,NULL,'Chuyển điểm tại trường',NULL),(3037,11,4932,NULL,NULL,NULL,NULL,NULL,8,7.5,15.5,'CB01367','882/18-UDCNTTCB-SPKTVL','16/08/2018',NULL,NULL,'Chuyển điểm tại trường',NULL),(3038,11,4933,NULL,NULL,NULL,NULL,NULL,7,7,14,'CB01368','883/18-UDCNTTCB-SPKTVL','16/08/2018',NULL,NULL,'Chuyển điểm tại trường',NULL),(3039,11,4934,NULL,NULL,NULL,NULL,NULL,8,7,15,'CB01369','884/18-UDCNTTCB-SPKTVL','16/08/2018',NULL,NULL,'Chuyển điểm tại trường',NULL),(3040,11,4935,NULL,NULL,NULL,NULL,NULL,6,6.5,12.5,'CB01370','885/18-UDCNTTCB-SPKTVL','16/08/2018',NULL,NULL,'Chuyển điểm tại trường',NULL),(3041,11,4936,NULL,NULL,NULL,NULL,NULL,8.5,8,16.5,'CB01371','886/18-UDCNTTCB-SPKTVL','16/08/2018',NULL,NULL,'Chuyển điểm tại trường',NULL),(3042,11,4937,NULL,NULL,NULL,NULL,NULL,8.5,8,16.5,'CB01372','887/18-UDCNTTCB-SPKTVL','16/08/2018',NULL,NULL,'Chuyển điểm tại trường',NULL),(3043,11,4938,NULL,NULL,NULL,NULL,NULL,8.5,7.5,16,'CB01373','888/18-UDCNTTCB-SPKTVL','16/08/2018',NULL,NULL,'Chuyển điểm tại trường',NULL),(3044,11,4939,NULL,NULL,NULL,NULL,NULL,7.5,7.5,15,'CB01374','889/18-UDCNTTCB-SPKTVL','16/08/2018',NULL,NULL,'Chuyển điểm tại trường',NULL),(3045,11,4940,NULL,NULL,NULL,NULL,NULL,7.5,8.5,16,'CB01375','890/18-UDCNTTCB-SPKTVL','16/08/2018',NULL,NULL,'Chuyển điểm tại trường',NULL),(3046,11,4941,NULL,NULL,NULL,NULL,NULL,6.5,7,13.5,'CB01376','891/18-UDCNTTCB-SPKTVL','16/08/2018',NULL,NULL,'Chuyển điểm tại trường',NULL),(3047,11,4942,NULL,NULL,NULL,NULL,NULL,8.5,8,16.5,'CB01377','892/18-UDCNTTCB-SPKTVL','16/08/2018',NULL,NULL,'Chuyển điểm tại trường',NULL),(3048,11,4943,NULL,NULL,NULL,NULL,NULL,8.5,8.5,17,'CB01378','893/18-UDCNTTCB-SPKTVL','16/08/2018',NULL,NULL,'Chuyển điểm tại trường',NULL),(3049,11,4944,NULL,NULL,NULL,NULL,NULL,6.5,5.5,12,'CB01379','894/18-UDCNTTCB-SPKTVL','16/08/2018',NULL,NULL,'Chuyển điểm tại trường',NULL),(3050,11,4945,NULL,NULL,NULL,NULL,NULL,5,6,11,'CB01380','895/18-UDCNTTCB-SPKTVL','16/08/2018',NULL,NULL,'Chuyển điểm tại trường',NULL),(3051,11,4946,NULL,NULL,NULL,NULL,NULL,7.5,6.5,14,'CB01381','896/18-UDCNTTCB-SPKTVL','16/08/2018',NULL,NULL,'Chuyển điểm tại trường',NULL),(3052,11,4947,NULL,NULL,NULL,NULL,NULL,6.5,5.5,12,'CB01382','897/18-UDCNTTCB-SPKTVL','16/08/2018',NULL,NULL,'Chuyển điểm tại trường',NULL),(3053,11,4948,NULL,NULL,NULL,NULL,NULL,7.5,7.5,15,'CB01383','898/18-UDCNTTCB-SPKTVL','16/08/2018',NULL,NULL,'Chuyển điểm tại trường',NULL),(3054,11,4949,NULL,NULL,NULL,NULL,NULL,6.5,6,12.5,'CB01384','899/18-UDCNTTCB-SPKTVL','16/08/2018',NULL,NULL,'Chuyển điểm tại trường',NULL),(3055,11,4950,NULL,NULL,NULL,NULL,NULL,6.5,8.5,15,'CB01385','900/18-UDCNTTCB-SPKTVL','16/08/2018',NULL,NULL,'Chuyển điểm tại trường',NULL),(3056,11,4951,NULL,NULL,NULL,NULL,NULL,8,7,15,'CB01386','901/18-UDCNTTCB-SPKTVL','16/08/2018',NULL,NULL,'Chuyển điểm tại trường',NULL),(3057,11,4952,NULL,NULL,NULL,NULL,NULL,7,8,15,'CB01387','902/18-UDCNTTCB-SPKTVL','16/08/2018',NULL,NULL,'Chuyển điểm tại trường',NULL),(3058,11,4953,NULL,NULL,NULL,NULL,NULL,5.5,6.5,12,'CB01388','903/18-UDCNTTCB-SPKTVL','16/08/2018',NULL,NULL,'Chuyển điểm tại trường',NULL),(3059,11,4954,NULL,NULL,NULL,NULL,NULL,7.5,6.5,14,'CB01389','904/18-UDCNTTCB-SPKTVL','16/08/2018',NULL,NULL,'Chuyển điểm tại trường',NULL),(3060,11,4955,NULL,NULL,NULL,NULL,NULL,6.5,7.5,14,'CB01390','905/18-UDCNTTCB-SPKTVL','16/08/2018',NULL,NULL,'Chuyển điểm tại trường',NULL),(3061,11,4956,NULL,NULL,NULL,NULL,NULL,5.5,6.5,12,'CB01391','906/18-UDCNTTCB-SPKTVL','16/08/2018',NULL,NULL,'Chuyển điểm tại trường',NULL),(3062,11,4957,NULL,NULL,NULL,NULL,NULL,8,8.5,16.5,'CB01392','907/18-UDCNTTCB-SPKTVL','16/08/2018',NULL,NULL,'Chuyển điểm tại trường',NULL),(3063,11,4958,NULL,NULL,NULL,NULL,NULL,9,9,18,'CB01393','908/18-UDCNTTCB-SPKTVL','16/08/2018',NULL,NULL,'Chuyển điểm tại trường',NULL),(3064,11,4959,NULL,NULL,NULL,NULL,NULL,7.5,6.5,14,'CB01394','909/18-UDCNTTCB-SPKTVL','16/08/2018',NULL,NULL,'Chuyển điểm tại trường',NULL),(3065,11,4960,NULL,NULL,NULL,NULL,NULL,5,5,10,'CB01395','910/18-UDCNTTCB-SPKTVL','16/08/2018',NULL,NULL,'Chuyển điểm tại trường',NULL),(3066,11,4961,NULL,NULL,NULL,NULL,NULL,5,5,10,'CB01396','911/18-UDCNTTCB-SPKTVL','16/08/2018',NULL,NULL,'Chuyển điểm tại trường',NULL),(3067,11,4962,NULL,NULL,NULL,NULL,NULL,5,5,10,'CB01397','912/18-UDCNTTCB-SPKTVL','16/08/2018',NULL,NULL,'Chuyển điểm tại trường',NULL),(3068,11,4963,NULL,NULL,NULL,NULL,NULL,8.5,7.5,16,'CB01398','913/18-UDCNTTCB-SPKTVL','16/08/2018',NULL,NULL,'Chuyển điểm tại trường',NULL),(3069,11,4964,NULL,NULL,NULL,NULL,NULL,8,8,16,'CB01399','914/18-UDCNTTCB-SPKTVL','16/08/2018',NULL,NULL,'Chuyển điểm tại trường',NULL),(3070,11,4965,NULL,NULL,NULL,NULL,NULL,5,5,10,'CB01400','915/18-UDCNTTCB-SPKTVL','16/08/2018',NULL,NULL,'Chuyển điểm tại trường',NULL),(3071,11,4966,NULL,NULL,NULL,NULL,NULL,5,5,10,'CB01401','916/18-UDCNTTCB-SPKTVL','16/08/2018',NULL,NULL,'Chuyển điểm tại trường',NULL),(3072,11,4967,NULL,NULL,NULL,NULL,NULL,5.5,6,11.5,'CB01402','917/18-UDCNTTCB-SPKTVL','16/08/2018',NULL,NULL,'Chuyển điểm tại trường',NULL),(3073,11,4968,NULL,NULL,NULL,NULL,NULL,7,7,14,'CB01403','918/18-UDCNTTCB-SPKTVL','16/08/2018',NULL,NULL,'Chuyển điểm tại trường',NULL),(3074,11,4969,NULL,NULL,NULL,NULL,NULL,6.5,5.5,12,'CB01404','919/18-UDCNTTCB-SPKTVL','16/08/2018',NULL,NULL,'Chuyển điểm tại trường',NULL),(3075,11,4970,NULL,NULL,NULL,NULL,NULL,7.5,7,14.5,'CB01405','920/18-UDCNTTCB-SPKTVL','16/08/2018',NULL,NULL,'Chuyển điểm tại trường',NULL),(3076,11,4971,NULL,NULL,NULL,NULL,NULL,6.5,6,12.5,'CB01406','921/18-UDCNTTCB-SPKTVL','16/08/2018',NULL,NULL,'Chuyển điểm tại trường',NULL),(3077,11,4972,NULL,NULL,NULL,NULL,NULL,5,5,10,'CB01407','922/18-UDCNTTCB-SPKTVL','16/08/2018',NULL,NULL,'Chuyển điểm tại trường',NULL),(3078,11,4973,NULL,NULL,NULL,NULL,NULL,5,5,10,'CB01408','923/18-UDCNTTCB-SPKTVL','16/08/2018',NULL,NULL,'Chuyển điểm tại trường',NULL),(3079,11,4974,NULL,NULL,NULL,NULL,NULL,5.5,5.5,11,'CB01409','924/18-UDCNTTCB-SPKTVL','16/08/2018',NULL,NULL,'Chuyển điểm tại trường',NULL),(3080,11,4975,NULL,NULL,NULL,NULL,NULL,7.5,6.5,14,'CB01410','925/18-UDCNTTCB-SPKTVL','16/08/2018',NULL,NULL,'Chuyển điểm tại trường',NULL),(3081,11,4976,NULL,NULL,NULL,NULL,NULL,8,8.5,16.5,'CB01411','926/18-UDCNTTCB-SPKTVL','16/08/2018',NULL,NULL,'Chuyển điểm tại trường',NULL),(3082,11,4977,NULL,NULL,NULL,NULL,NULL,6.5,5.5,12,'CB01412','927/18-UDCNTTCB-SPKTVL','16/08/2018',NULL,NULL,'Chuyển điểm tại trường',NULL),(3083,11,4978,NULL,NULL,NULL,NULL,NULL,6.5,5.5,12,'CB01413','928/18-UDCNTTCB-SPKTVL','16/08/2018',NULL,NULL,'Chuyển điểm tại trường',NULL),(3084,11,4979,NULL,NULL,NULL,NULL,NULL,6,6,12,'CB01414','929/18-UDCNTTCB-SPKTVL','16/08/2018',NULL,NULL,'Chuyển điểm tại trường',NULL),(3085,11,4980,NULL,NULL,NULL,NULL,NULL,5,5,10,'CB01415','930/18-UDCNTTCB-SPKTVL','16/08/2018',NULL,NULL,'Chuyển điểm tại trường',NULL),(3086,11,4981,NULL,NULL,NULL,NULL,NULL,6,5.5,11.5,'CB01416','931/18-UDCNTTCB-SPKTVL','16/08/2018',NULL,NULL,'Chuyển điểm tại trường',NULL),(3087,11,4982,NULL,NULL,NULL,NULL,NULL,6.5,5.5,12,'CB01417','932/18-UDCNTTCB-SPKTVL','16/08/2018',NULL,NULL,'Chuyển điểm tại trường',NULL),(3088,11,4983,NULL,NULL,NULL,NULL,NULL,5,5,10,'CB01418','933/18-UDCNTTCB-SPKTVL','16/08/2018',NULL,NULL,'Chuyển điểm tại trường',NULL),(3089,11,4984,NULL,NULL,NULL,NULL,NULL,5.5,6,11.5,'CB01419','934/18-UDCNTTCB-SPKTVL','16/08/2018',NULL,NULL,'Chuyển điểm tại trường',NULL),(3090,11,4985,NULL,NULL,NULL,NULL,NULL,8,7,15,'CB01420','935/18-UDCNTTCB-SPKTVL','16/08/2018',NULL,NULL,'Chuyển điểm tại trường',NULL),(3091,11,4986,NULL,NULL,NULL,NULL,NULL,5.5,6.5,12,'CB01421','936/18-UDCNTTCB-SPKTVL','16/08/2018',NULL,NULL,'Chuyển điểm tại trường',NULL),(3092,11,4987,NULL,NULL,NULL,NULL,NULL,7.5,8,15.5,'CB01422','937/18-UDCNTTCB-SPKTVL','16/08/2018',NULL,NULL,'Chuyển điểm tại trường',NULL),(3093,11,4988,NULL,NULL,NULL,NULL,NULL,6,6.5,12.5,'CB01423','938/18-UDCNTTCB-SPKTVL','16/08/2018',NULL,NULL,'Chuyển điểm tại trường',NULL),(3094,11,4989,NULL,NULL,NULL,NULL,NULL,6.5,6,12.5,'CB01424','939/18-UDCNTTCB-SPKTVL','16/08/2018',NULL,NULL,'Chuyển điểm tại trường',NULL),(3095,11,4990,NULL,NULL,NULL,NULL,NULL,5,5,10,'CB01425','940/18-UDCNTTCB-SPKTVL','16/08/2018',NULL,NULL,'Chuyển điểm tại trường',NULL),(3096,11,4991,NULL,NULL,NULL,NULL,NULL,5,5,10,'CB01426','941/18-UDCNTTCB-SPKTVL','16/08/2018',NULL,NULL,'Chuyển điểm tại trường',NULL),(3097,11,4992,NULL,NULL,NULL,NULL,NULL,5,5,10,'CB01427','942/18-UDCNTTCB-SPKTVL','16/08/2018',NULL,NULL,'Chuyển điểm tại trường',NULL),(3098,11,4993,NULL,NULL,NULL,NULL,NULL,6,6,12,'CB01428','943/18-UDCNTTCB-SPKTVL','16/08/2018',NULL,NULL,'Chuyển điểm tại trường',NULL),(3099,11,4994,NULL,NULL,NULL,NULL,NULL,8,7.5,15.5,'CB01429','944/18-UDCNTTCB-SPKTVL','16/08/2018',NULL,NULL,'Chuyển điểm tại trường',NULL),(3100,11,4995,NULL,NULL,NULL,NULL,NULL,7,7.5,14.5,'CB01430','945/18-UDCNTTCB-SPKTVL','16/08/2018',NULL,NULL,'Chuyển điểm tại trường',NULL),(3101,11,4996,NULL,NULL,NULL,NULL,NULL,5,5,10,'CB01431','946/18-UDCNTTCB-SPKTVL','16/08/2018',NULL,NULL,'Chuyển điểm tại trường',NULL),(3102,11,4997,NULL,NULL,NULL,NULL,NULL,6.5,7.5,14,'CB01432','947/18-UDCNTTCB-SPKTVL','16/08/2018',NULL,NULL,'Chuyển điểm tại trường',NULL),(5709,4,877,'K009CB001',NULL,'27883','10/9/2018',250000,5.5,6.5,12,NULL,NULL,NULL,'HVTTK8','',NULL,NULL),(5710,4,878,'K009CB002',NULL,'27710','07/9/2018',250000,6.5,5,11.5,NULL,NULL,NULL,'HVTTK8','',NULL,NULL),(5711,4,879,'K009CB003',NULL,'27792','10/9/2018',250000,7,7.5,14.5,NULL,NULL,NULL,'HVTTK8','',NULL,NULL),(5712,4,880,'K009CB004',NULL,'27666','04/9/2018',250000,6.5,7.5,14,NULL,NULL,NULL,'HVTTK8','',NULL,NULL),(5713,4,881,'K009CB005',NULL,'27811','10/9/2018',250000,5.5,8,13.5,NULL,NULL,NULL,'HVTTK8','',NULL,NULL),(5714,4,882,'K009CB006',NULL,'27681','05/9/2018',250000,8,7,15,NULL,NULL,NULL,'HVTTK8','',NULL,NULL),(5715,4,883,'K009CB007',NULL,'27881','10/9/2018',250000,7,7.5,14.5,NULL,NULL,NULL,'HVTTK8','',NULL,NULL),(5716,4,884,'K009CB008',NULL,'27782','10/9/2018',250000,6.5,5,11.5,NULL,NULL,NULL,'HVTTK8','',NULL,NULL),(5717,4,885,'K009CB009',NULL,'27819','10/9/2018',250000,6.5,5.5,12,NULL,NULL,NULL,'HVTTK8','',NULL,NULL),(5718,4,886,'K009CB010',NULL,'27892','10/9/2018',250000,6.5,3,9.5,NULL,NULL,NULL,'HVTTK8','',NULL,NULL),(5719,4,887,'K009CB011',NULL,'27854','10/9/2018',250000,6.5,8,14.5,NULL,NULL,NULL,'HVTTK8','',NULL,NULL),(5720,4,888,'K009CB012',NULL,'27813','10/9/2018',250000,6,5,11,NULL,NULL,NULL,'HVTTK8','',NULL,NULL),(5721,4,889,'K009CB013',NULL,'27659','03/9/2018',250000,7.5,9,16.5,NULL,NULL,NULL,'HVTTK8','',NULL,NULL),(5722,4,890,'K009CB014',NULL,'27885','10/9/2018',250000,6.5,7.5,14,NULL,NULL,NULL,'HVTTK8','',NULL,NULL),(5723,4,891,'K009CB015',NULL,'27724','07/9/2018',250000,9,8,17,NULL,NULL,NULL,'HVTTK8','',NULL,NULL),(5724,4,892,'K009CB016',NULL,'27663','04/9/2018',250000,7.5,7.5,15,NULL,NULL,NULL,'HVTTK8','',NULL,NULL),(5725,4,893,'K009CB017',NULL,'27727','07/9/2018',250000,7,6,13,NULL,NULL,NULL,'HVTTK8','',NULL,NULL),(5726,4,894,'K009CB018',NULL,'27763','10/9/2018',500000,0,0,0,NULL,NULL,NULL,'Tự do','Vắng',NULL,NULL),(5727,4,895,'K009CB019',NULL,'27891','10/9/2018',250000,5.5,6,11.5,NULL,NULL,NULL,'HVTTK8','',NULL,NULL),(5728,4,896,'K009CB020',NULL,'27762','10/9/2018',500000,7.5,6,13.5,NULL,NULL,NULL,'Tự do','',NULL,NULL),(5729,4,897,'K009CB021',NULL,'27810','10/9/2018',250000,7,7,14,NULL,NULL,NULL,'HVTTK8','',NULL,NULL),(5730,4,898,'K009CB022',NULL,'27890','10/9/2018',250000,4.5,1,5.5,NULL,NULL,NULL,'HVTTK8','',NULL,NULL),(5731,4,899,'K009CB023',NULL,'27743','10/9/2018',250000,7.5,6.5,14,NULL,NULL,NULL,'HVTTK8','',NULL,NULL),(5732,4,900,'K009CB024',NULL,'27815','10/9/2018',250000,6,5,11,NULL,NULL,NULL,'HVTTK8','',NULL,NULL),(5733,4,901,'K009CB025',NULL,'27884','10/9/2018',250000,5.5,5.5,11,NULL,NULL,NULL,'HVTTK8','',NULL,NULL),(5734,4,902,'K009CB026',NULL,'27814','10/9/2018',250000,5.5,3,8.5,NULL,NULL,NULL,'HVTTK8','',NULL,NULL),(5735,4,903,'K009CB027',NULL,'27880','10/9/2018',250000,5,3.5,8.5,NULL,NULL,NULL,'HVTTK8','',NULL,NULL),(5736,4,904,'K009CB028',NULL,'27865','10/9/2018',250000,6,5.5,11.5,NULL,NULL,NULL,'HVTTK8','',NULL,NULL),(5737,4,905,'K009CB029',NULL,'27652','27/8/2018',250000,8.5,6,14.5,NULL,NULL,NULL,'HVTTK8','',NULL,NULL),(5738,4,906,'K009CB030',NULL,'27809','10/9/2018',250000,5,7,12,NULL,NULL,NULL,'HVTTK8','',NULL,NULL),(5739,4,907,'K009CB031',NULL,'27725','07/9/2018',250000,7.5,7,14.5,NULL,NULL,NULL,'HVTTK8','',NULL,NULL),(5740,4,908,'K009CB032',NULL,'27789','10/9/2018',500000,7.5,8.5,16,NULL,NULL,NULL,'Tự do','Sửa Họ tên',NULL,NULL),(5741,4,909,'K009CB033',NULL,'27692','07/9/2018',250000,8,5,13,NULL,NULL,NULL,'HVTTK8','',NULL,NULL),(5742,4,910,'K009CB034',NULL,'27882','10/9/2018',250000,6.5,5.5,12,NULL,NULL,NULL,'HVTTK8','',NULL,NULL),(5743,4,911,'K009CB035',NULL,'27738','10/9/2018',250000,5.5,6,11.5,NULL,NULL,NULL,'HVTTK8','',NULL,NULL),(5744,4,912,'K009CB036',NULL,'27773','10/9/2018',500000,6.5,7,13.5,NULL,NULL,NULL,'Tự do','',NULL,NULL),(5745,4,913,'K009CB037',NULL,'27694','07/9/2018',250000,7.5,6,13.5,NULL,NULL,NULL,'HVTTK8','',NULL,NULL),(5746,4,914,'K009CB038',NULL,'27689','06/9/2018',500000,6.5,6,12.5,NULL,NULL,NULL,'Tự do','',NULL,NULL),(5747,4,915,'K009CB039',NULL,'27778','10/9/2018',250000,3.5,0.5,4,NULL,NULL,NULL,'HVTTK8','',NULL,NULL),(5748,4,916,'K009CB040',NULL,'27678','05/9/2018',500000,3.5,0,3.5,NULL,NULL,NULL,'Tự do','Vắng thi TH',NULL,NULL),(5749,4,207,'K009CB041',NULL,'27812','10/9/2018',250000,6,5,11,NULL,NULL,NULL,'HVTTK7','',NULL,NULL),(5750,4,492,'K009CB042',NULL,'27723','07/9/2018',500000,5.5,6,11.5,NULL,NULL,NULL,'Tự do','',NULL,NULL),(5751,4,919,'K009CB043',NULL,'27726','07/9/2018',250000,8,9,17,NULL,NULL,NULL,'HVTTK8','',NULL,NULL),(5752,4,920,'K009CB044',NULL,'27895','10/9/2018',250000,8.5,8.5,17,NULL,NULL,NULL,'HVTTK4','',NULL,NULL),(5753,4,921,'K009CB045',NULL,'27768','10/9/2018',500000,8,6.5,14.5,NULL,NULL,NULL,'Tự do','',NULL,NULL),(5754,4,922,'K009CB046',NULL,'27887','10/9/2018',250000,8,8.5,16.5,NULL,NULL,NULL,'HVTTK8','',NULL,NULL),(5755,4,923,'K009CB047',NULL,'27728','07/9/2018',250000,8.5,6.5,15,NULL,NULL,NULL,'HVTTK8','',NULL,NULL),(5756,4,924,'K009CB048',NULL,'27894','10/9/2018',250000,7.5,7,14.5,NULL,NULL,NULL,'HVTTK4','',NULL,NULL),(5757,4,925,'K009CB049',NULL,'27818','10/9/2018',250000,6.5,3.5,10,NULL,NULL,NULL,'HVTTK8','',NULL,NULL),(5758,4,926,'K009CB050',NULL,'27867','10/9/2018',250000,6.5,6.5,13,NULL,NULL,NULL,'HVTTK8','',NULL,NULL),(5759,4,927,'K009CB051',NULL,'27674','05/9/2018',250000,6.5,6,12.5,NULL,NULL,NULL,'HVTTK8','',NULL,NULL),(5760,4,928,'K009CB052',NULL,'27672','05/9/2018',250000,6,9,15,NULL,NULL,NULL,'HVTTK8','',NULL,NULL),(5761,4,496,'K009CB053',NULL,'27717','07/9/2018',500000,4.5,0,4.5,NULL,NULL,NULL,'Tự do','Vắng thi TH',NULL,NULL),(5762,4,930,'K009CB054',NULL,'27654','28/8/2018',250000,8.5,9,17.5,NULL,NULL,NULL,'HVTTK8','',NULL,NULL),(5763,4,931,'K009CB055',NULL,'27677','05/9/2018',250000,6.5,8.5,15,NULL,NULL,NULL,'HVTTK8','',NULL,NULL),(5764,4,932,'K009CB056',NULL,'27853','10/9/2018',250000,6.5,7,13.5,NULL,NULL,NULL,'HVTTK8','',NULL,NULL),(5765,4,933,'K009CB057',NULL,'27886','10/9/2018',250000,7,6.5,13.5,NULL,NULL,NULL,'HVTTK8','',NULL,NULL),(5766,4,934,'K009CB058',NULL,'27879','10/9/2018',250000,5.5,6,11.5,NULL,NULL,NULL,'HVTTK8','',NULL,NULL),(5767,4,935,'K009CB059',NULL,'27771','10/9/2018',250000,7,7,14,NULL,NULL,NULL,'HVTTK8','',NULL,NULL),(5768,4,936,'K009CB060',NULL,'27759','10/9/2018',250000,6.5,8.5,15,NULL,NULL,NULL,'HVTTK8','',NULL,NULL),(5769,4,937,'K009CB061',NULL,'27851','10/9/2018',250000,5.5,7,12.5,NULL,NULL,NULL,'HVTTK8','',NULL,NULL),(5770,4,938,'K009CB062',NULL,'27889','10/9/2018',250000,7,6,13,NULL,NULL,NULL,'HVTTK8','',NULL,NULL),(5771,4,939,'K009CB063',NULL,'27753','10/9/2018',250000,8.5,4.5,13,NULL,NULL,NULL,'HVTTK8','',NULL,NULL),(5772,4,940,'K009CB064',NULL,'27671','05/9/2018',250000,7.5,9,16.5,NULL,NULL,NULL,'HVTTK8','',NULL,NULL),(5773,4,941,'K009CB065',NULL,'27706','07/9/2018',250000,8.5,9,17.5,NULL,NULL,NULL,'HVTTK8','',NULL,NULL),(5774,4,942,'K009CB066',NULL,'27673','05/9/2018',250000,8.5,8.5,17,NULL,NULL,NULL,'HVTTK8','',NULL,NULL),(5775,4,943,'K009CB067',NULL,'27888','10/9/2018',250000,5,5.5,10.5,NULL,NULL,NULL,'HVTTK8','',NULL,NULL),(5776,4,944,'K009CB068',NULL,'27798','10/9/2018',250000,5.5,5,10.5,NULL,NULL,NULL,'HVTTK8','',NULL,NULL),(5777,4,945,'K009CB069',NULL,'27761','10/9/2018',500000,6.5,4,10.5,NULL,NULL,NULL,'Tự do','',NULL,NULL),(5778,4,946,'K009CB070',NULL,'27670','05/9/2018',250000,6.5,4.5,11,NULL,NULL,NULL,'HVTTK8','',NULL,NULL),(5779,4,947,'K009CB071',NULL,'27758','10/9/2018',250000,6.5,4.5,11,NULL,NULL,NULL,'HVTTK8','',NULL,NULL),(5780,4,948,'K009CB072',NULL,'27797','10/9/2018',250000,6.5,3,9.5,NULL,NULL,NULL,'HVTTK8','',NULL,NULL),(5781,4,949,'K009CB073',NULL,'27900','10/9/2018',250000,5,5,10,NULL,NULL,NULL,'HVTTK8','',NULL,NULL),(5782,4,950,'K009CB074',NULL,'27665','04/9/2018',250000,6,6,12,NULL,NULL,NULL,'HVTTK8','',NULL,NULL),(5783,4,951,'K009CB075',NULL,'27793','10/9/2018',250000,6.5,6.5,13,NULL,NULL,NULL,'HVTTK8','',NULL,NULL),(5784,4,952,'K009CB076',NULL,'27781','10/9/2018',250000,5.5,5.5,11,NULL,NULL,NULL,'HVTTK8','',NULL,NULL),(5785,4,953,'K009CB077',NULL,'27707','07/9/2018',250000,8.5,8.5,17,NULL,NULL,NULL,'HVTTK8','',NULL,NULL),(5786,4,954,'K009CB078',NULL,'27808','10/9/2018',250000,4.5,0,4.5,NULL,NULL,NULL,'HVTTK8','Vắng thi TH',NULL,NULL),(5787,4,955,'K009CB079',NULL,'27721','07/9/2018',250000,6.5,7,13.5,NULL,NULL,NULL,'HVTTK8','',NULL,NULL),(5788,4,956,'K009CB080',NULL,'27705','07/9/2018',250000,6.5,5.5,12,NULL,NULL,NULL,'HVTTK8','',NULL,NULL),(5789,4,957,'K009CB081',NULL,'27820','10/9/2018',500000,4.5,0,4.5,NULL,NULL,NULL,'Tự do','Vắng thi TH',NULL,NULL),(5790,4,958,'K009CB082',NULL,'27691','07/9/2018',250000,4.5,0,4.5,NULL,NULL,NULL,'HVTTK8','Vắng thi TH',NULL,NULL),(5791,4,959,'K009CB083',NULL,'27859','10/9/2018',250000,6.5,5.5,12,NULL,NULL,NULL,'HVTTK8','',NULL,NULL),(5792,4,960,'K009CB084',NULL,'27740','10/9/2018',500000,4.5,5.5,10,NULL,NULL,NULL,'Tự do','',NULL,NULL),(5793,4,961,'K009CB085',NULL,'27739','10/9/2018',250000,3.5,0,3.5,NULL,NULL,NULL,'HVTTK8','Vắng thi TH',NULL,NULL),(5794,4,962,'K009CB086',NULL,'27791','10/9/2018',250000,3.5,0,3.5,NULL,NULL,NULL,'HVTTK8','Vắng thi TH',NULL,NULL),(5795,4,298,'K009CB087',NULL,'27817','10/9/2018',250000,4.5,0,4.5,NULL,NULL,NULL,'HVTTK7','Vắng thi TH',NULL,NULL),(5796,4,964,'K009CB088',NULL,'27860','10/9/2018',250000,5.5,5,10.5,NULL,NULL,NULL,'HVTTK8','',NULL,NULL),(5797,4,965,'K009CB089',NULL,'27668','05/9/2018',250000,5.5,6.5,12,NULL,NULL,NULL,'HVTTK8','',NULL,NULL),(5798,4,966,'K009CB090',NULL,'27816','10/9/2018',500000,4,0,4,NULL,NULL,NULL,'Tự do','Vắng thi TH',NULL,NULL),(5799,4,967,'K009CB091',NULL,'27750','10/9/2018',500000,3.5,0,3.5,NULL,NULL,NULL,'Tự do','Vắng thi TH',NULL,NULL),(5800,4,968,'K009CB092',NULL,'27794','10/9/2018',250000,5.5,3.5,9,NULL,NULL,NULL,'HVTTK8','',NULL,NULL),(5801,4,969,'K009CB093',NULL,'27699','07/9/2018',250000,2.5,0,2.5,NULL,NULL,NULL,'HVTTK8','Vắng thi TH',NULL,NULL),(5802,4,970,'K009CB094',NULL,'27675','05/9/2018',250000,4,0,4,NULL,NULL,NULL,'HVTTK8','Vắng thi TH',NULL,NULL),(5803,4,971,'K009CB095',NULL,'27780','10/9/2018',250000,6,6,12,NULL,NULL,NULL,'HVTTK8','',NULL,NULL),(5804,4,508,'K009CB096',NULL,'27660','04/9/2018',500000,3.5,0,3.5,NULL,NULL,NULL,'Tự do','Vắng thi TH',NULL,NULL),(5805,4,973,'K009CB097',NULL,'27779','10/9/2018',500000,7.5,7,14.5,NULL,NULL,NULL,'Tự do','',NULL,NULL),(5806,4,974,'K009CB098',NULL,'27802','10/9/2018',250000,5.5,1,6.5,NULL,NULL,NULL,'HVTTK8','',NULL,NULL),(5807,4,975,'K009CB099',NULL,'27783','10/9/2018',250000,5.5,4,9.5,NULL,NULL,NULL,'HVTTK8','',NULL,NULL),(5808,4,976,'K009CB100',NULL,'27683','06/9/2018',250000,5.5,5,10.5,NULL,NULL,NULL,'HVTTK8','',NULL,NULL),(5809,4,977,'K009CB101',NULL,'27664','04/9/2018',500000,6.5,7,13.5,NULL,NULL,NULL,'Tự do','',NULL,NULL),(5810,4,978,'K009CB102',NULL,'27852','10/9/2018',250000,6.5,9.5,16,NULL,NULL,NULL,'HVTTK8','',NULL,NULL),(5811,4,979,'K009CB103',NULL,'27748','10/9/2018',500000,5,8,13,NULL,NULL,NULL,'Tự do','',NULL,NULL),(5812,4,980,'K009CB104',NULL,'27868','10/9/2018',250000,5.5,6.5,12,NULL,NULL,NULL,'HVTTK8','',NULL,NULL),(5813,4,981,'K009CB105',NULL,'27708','07/9/2018',250000,7,9.5,16.5,NULL,NULL,NULL,'HVTTK8','',NULL,NULL),(5814,4,982,'K009CB106',NULL,'27784','10/9/2018',250000,5,5.5,10.5,NULL,NULL,NULL,'HVTTK8','',NULL,NULL),(5815,4,513,'K009CB107',NULL,'27733','07/9/2018',500000,3.5,0,3.5,NULL,NULL,NULL,'Tự do','Vắng thi TH',NULL,NULL),(5816,4,984,'K009CB108',NULL,'27667','05/9/2018',250000,5.5,5,10.5,NULL,NULL,NULL,'HVTTK8','',NULL,NULL),(5817,4,985,'K009CB109',NULL,'27866','10/9/2018',250000,4.5,0,4.5,NULL,NULL,NULL,'HVTTK8','Vắng thi TH',NULL,NULL),(5818,4,986,'K009CB110',NULL,'27713','07/9/2018',250000,4.5,5,9.5,NULL,NULL,NULL,'HVTTK8','',NULL,NULL),(5819,4,987,'K009CB111',NULL,'27863','10/9/2018',250000,5.5,7,12.5,NULL,NULL,NULL,'HVTTK8','',NULL,NULL),(5820,4,988,'K009CB112',NULL,'27731','07/9/2018',500000,5.5,6.5,12,NULL,NULL,NULL,'Tự do','',NULL,NULL),(5821,4,989,'K009CB113',NULL,'27715','07/9/2018',500000,5,5,10,NULL,NULL,NULL,'Tự do','',NULL,NULL),(5822,4,990,'K009CB114',NULL,'27760','10/9/2018',250000,2,0,2,NULL,NULL,NULL,'HVTTK4','Vắng thi TH',NULL,NULL),(5823,4,991,'K009CB115',NULL,'27767','10/9/2018',250000,6.5,7.5,14,NULL,NULL,NULL,'HVTTK8','',NULL,NULL),(5824,4,992,'K009CB116',NULL,'27696','07/9/2018',500000,5.5,2,7.5,NULL,NULL,NULL,'Tự do','',NULL,NULL),(5825,4,993,'K009CB117',NULL,'27718','07/9/2018',250000,5.5,6.5,12,NULL,NULL,NULL,'HVTTK8','',NULL,NULL),(5826,4,994,'K009CB118',NULL,'27772','10/9/2018',250000,6,5,11,NULL,NULL,NULL,'HVTTK4','',NULL,NULL),(5827,4,995,'K009CB119',NULL,'27800','10/9/2018',250000,5.5,5.5,11,NULL,NULL,NULL,'HVTTK3','',NULL,NULL),(5828,4,996,'K009CB120',NULL,'27875','10/9/2018',250000,3.5,0,3.5,NULL,NULL,NULL,'HVTTK8','Vắng thi TH',NULL,NULL),(5829,4,997,'K009CB121',NULL,'27861','10/9/2018',250000,3.5,2,5.5,NULL,NULL,NULL,'HVTTK8','',NULL,NULL),(5830,4,998,'K009CB122',NULL,'27722','07/9/2018',500000,4.5,0,4.5,NULL,NULL,NULL,'Tự do','Vắng thi TH',NULL,NULL),(5831,4,999,'K009CB123',NULL,'27770','10/9/2018',250000,5.5,5,10.5,NULL,NULL,NULL,'HVTTK8','',NULL,NULL),(5832,4,1000,'K009CB124',NULL,'27732','07/9/2018',500000,5,7,12,NULL,NULL,NULL,'Tự do','',NULL,NULL),(5833,4,1001,'K009CB125',NULL,'27876','10/9/2018',250000,4.5,0,4.5,NULL,NULL,NULL,'HVTTK8','Vắng thi TH',NULL,NULL),(5834,4,1002,'K009CB126',NULL,'27702','07/9/2018',500000,6.5,7.5,14,NULL,NULL,NULL,'Tự do','',NULL,NULL),(5835,4,1003,'K009CB127',NULL,'27695','07/9/2018',500000,4.5,0,4.5,NULL,NULL,NULL,'Tự do','Vắng thi TH',NULL,NULL),(5836,4,1004,'K009CB128',NULL,'27870','10/9/2018',250000,5,5.5,10.5,NULL,NULL,NULL,'HVTTK8','',NULL,NULL),(5837,4,1005,'K009CB129',NULL,'27752','10/9/2018',250000,5.5,7,12.5,NULL,NULL,NULL,'HVTTK8','',NULL,NULL),(5838,4,1006,'K009CB130',NULL,'27795','10/9/2018',250000,4,0,4,NULL,NULL,NULL,'HVTTK8','Vắng thi TH',NULL,NULL),(5839,4,1007,'K009CB131',NULL,'27682','06/9/2018',250000,5.5,6,11.5,NULL,NULL,NULL,'HVTTK8','',NULL,NULL),(5840,4,1008,'K009CB132',NULL,'27856','10/9/2018',250000,4.5,4,8.5,NULL,NULL,NULL,'HVTTK8','',NULL,NULL),(5841,4,1009,'K009CB133',NULL,'27874','10/9/2018',250000,4.5,0,4.5,NULL,NULL,NULL,'HVTTK8','Vắng thi TH',NULL,NULL),(5842,4,1010,'K009CB134',NULL,'27858','10/9/2018',250000,7.5,7.5,15,NULL,NULL,NULL,'HVTTK8','',NULL,NULL),(5843,4,1011,'K009CB135',NULL,'27744','10/9/2018',250000,5.5,6,11.5,NULL,NULL,NULL,'HVTTK8','',NULL,NULL),(5844,4,1012,'K009CB136',NULL,'27803','10/9/2018',250000,4,5,9,NULL,NULL,NULL,'HVTTK8','',NULL,NULL),(5845,4,1013,'K009CB137',NULL,'27801','10/9/2018',250000,6,7,13,NULL,NULL,NULL,'HVTTK8','',NULL,NULL),(5846,4,1014,'K009CB138',NULL,'27730','07/9/2018',250000,5,5.5,10.5,NULL,NULL,NULL,'HVTTK8','',NULL,NULL),(5847,4,1015,'K009CB139',NULL,'27719','07/9/2018',250000,4.5,6,10.5,NULL,NULL,NULL,'HVTTK8','',NULL,NULL),(5848,4,1016,'K009CB140',NULL,'27711','07/9/2018',250000,5,6,11,NULL,NULL,NULL,'HVTTK8','',NULL,NULL),(5849,4,1017,'K009CB141',NULL,'27757','10/9/2018',250000,4.5,0,4.5,NULL,NULL,NULL,'HVTTK8','Vắng thi TH',NULL,NULL),(5850,4,1018,'K009CB142',NULL,'27857','10/9/2018',250000,5.5,6.5,12,NULL,NULL,NULL,'HVTTK8','',NULL,NULL),(5851,4,1019,'K009CB143',NULL,'27700','07/9/2018',250000,7.5,5.5,13,NULL,NULL,NULL,'HVTTK8','',NULL,NULL),(5852,4,1020,'K009CB144',NULL,'27704','07/9/2018',250000,7.5,8,15.5,NULL,NULL,NULL,'HVTTK8','',NULL,NULL),(5853,4,524,'K009CB145',NULL,'27788','10/9/2018',250000,4,0,4,NULL,NULL,NULL,'HVTTK8','Vắng thi TH',NULL,NULL),(5854,4,1022,'K009CB146',NULL,'27676','05/9/2018',250000,5,5.5,10.5,NULL,NULL,NULL,'HVTTK8','',NULL,NULL),(5855,4,1023,'K009CB147',NULL,'27658','31/8/2018',250000,5,5.5,10.5,NULL,NULL,NULL,'HVTTK8','',NULL,NULL),(5856,4,1024,'K009CB148',NULL,'27657','30/8/2018',500000,5,6,11,NULL,NULL,NULL,'Tự do','',NULL,NULL),(5857,4,1025,'K009CB149',NULL,'27749','10/9/2018',500000,3.5,2.5,6,NULL,NULL,NULL,'Tự do','',NULL,NULL),(5858,4,1026,'K009CB150',NULL,'27684','06/9/2018',250000,4.5,5,9.5,NULL,NULL,NULL,'HVTTK8','',NULL,NULL),(5859,4,1027,'K009CB151',NULL,'27746','10/9/2018',250000,3,3.5,6.5,NULL,NULL,NULL,'HVTTK8','',NULL,NULL),(5860,4,527,'K009CB152',NULL,'27776','10/9/2018',500000,7,5,12,NULL,NULL,NULL,'Tự do','',NULL,NULL),(5861,4,1029,'K009CB153',NULL,'27693','07/9/2018',250000,6,8,14,NULL,NULL,NULL,'HVTTK8','',NULL,NULL),(5862,4,1030,'K009CB154',NULL,'27661','04/9/2018',250000,4,3.5,7.5,NULL,NULL,NULL,'HVTTK8','',NULL,NULL),(5863,4,1031,'K009CB155',NULL,'27898','10/9/2018',250000,4.5,5.5,10,NULL,NULL,NULL,'HVTTK8','',NULL,NULL),(5864,4,1032,'K009CB156',NULL,'27756','10/9/2018',250000,6,5.5,11.5,NULL,NULL,NULL,'HVTTK8','',NULL,NULL),(5865,4,1033,'K009CB157',NULL,'27765','10/9/2018',250000,3.5,2.5,6,NULL,NULL,NULL,'HVTTK8','',NULL,NULL),(5866,4,1034,'K009CB158',NULL,'27872','10/9/2018',250000,4.5,2,6.5,NULL,NULL,NULL,'HVTTK8','',NULL,NULL),(5867,4,1035,'K009CB159',NULL,'27896','10/9/2018',250000,6.5,6,12.5,NULL,NULL,NULL,'HVTTK8','',NULL,NULL),(5868,4,1036,'K009CB160',NULL,'27736','07/9/2018',500000,3.5,5,8.5,NULL,NULL,NULL,'Tự do','',NULL,NULL),(5869,4,1037,'K009CB161',NULL,'27893','10/9/2018',250000,7,8,15,NULL,NULL,NULL,'HVTTK8','',NULL,NULL),(5870,4,1038,'K009CB162',NULL,'27807','10/9/2018',250000,8.5,6.5,15,NULL,NULL,NULL,'HVTTK8','',NULL,NULL),(5871,4,1039,'K009CB163',NULL,'27669','05/9/2018',250000,7.5,6.5,14,NULL,NULL,NULL,'HVTTK8','',NULL,NULL),(5872,4,1040,'K009CB164',NULL,'27745','10/9/2018',500000,7.5,6.5,14,NULL,NULL,NULL,'Tự do','',NULL,NULL),(5873,4,1041,'K009CB165',NULL,'27742','10/9/2018',250000,5.5,6.5,12,NULL,NULL,NULL,'HVTTK8','',NULL,NULL),(5874,4,1042,'K009CB166',NULL,'27720','07/9/2018',250000,7.5,6,13.5,NULL,NULL,NULL,'HVTTK8','',NULL,NULL),(5875,4,1043,'K009CB167',NULL,'27686','06/9/2018',250000,8,5,13,NULL,NULL,NULL,'HVTTK8','',NULL,NULL),(5876,4,1044,'K009CB168',NULL,'27799','10/9/2018',250000,6.5,0.5,7,NULL,NULL,NULL,'HVTTK2','',NULL,NULL),(5877,4,1045,'K009CB169',NULL,'27656','28/8/2018',250000,7.5,6.5,14,NULL,NULL,NULL,'HVTTK8','',NULL,NULL),(5878,4,1046,'K009CB170',NULL,'27873','10/9/2018',250000,5,5.5,10.5,NULL,NULL,NULL,'HVTTK8','',NULL,NULL),(5879,4,1047,'K009CB171',NULL,'27796','10/9/2018',250000,6,2.5,8.5,NULL,NULL,NULL,'HVTTK8','',NULL,NULL),(5880,4,1048,'K009CB172',NULL,'27871','10/9/2018',250000,7.5,5.5,13,NULL,NULL,NULL,'HVTTK8','',NULL,NULL),(5881,4,1049,'K009CB173',NULL,'27662','04/9/2018',250000,6.5,8,14.5,NULL,NULL,NULL,'HVTTK8','',NULL,NULL),(5882,4,1050,'K009CB174',NULL,'27775','10/9/2018',250000,7.5,7.5,15,NULL,NULL,NULL,'HVTTK8','',NULL,NULL),(5883,4,1051,'K009CB175',NULL,'27690','07/9/2018',250000,7.5,7,14.5,NULL,NULL,NULL,'HVTTK8','',NULL,NULL),(5884,4,1052,'K009CB176',NULL,'27737','07/9/2018',500000,4.5,2.5,7,NULL,NULL,NULL,'Tự do','',NULL,NULL),(5885,4,1053,'K009CB177',NULL,'27688','06/9/2018',250000,7.5,7,14.5,NULL,NULL,NULL,'HVTTK8','',NULL,NULL),(5886,4,1054,'K009CB178',NULL,'27869','10/9/2018',250000,6,4,10,NULL,NULL,NULL,'HVTTK8','',NULL,NULL),(5887,4,1055,'K009CB179',NULL,'27764','10/9/2018',250000,6.5,5,11.5,NULL,NULL,NULL,'HVTTK8','',NULL,NULL),(5888,4,1056,'K009CB180',NULL,'27729','07/9/2018',250000,4.5,0,4.5,NULL,NULL,NULL,'HVTTK8','Vắng thi TH',NULL,NULL),(5889,4,1057,'K009CB181',NULL,'27755','10/9/2018',250000,7,7,14,NULL,NULL,NULL,'HVTTK8','',NULL,NULL),(5890,4,1058,'K009CB182',NULL,'27751','10/9/2018',250000,7.5,6,13.5,NULL,NULL,NULL,'HVTTK8','',NULL,NULL),(5891,4,1059,'K009CB183',NULL,'27774','10/9/2018',250000,7.5,7.5,15,NULL,NULL,NULL,'HVTTK8','',NULL,NULL),(5892,4,1060,'K009CB184',NULL,'27735','07/9/2018',250000,6.5,5,11.5,NULL,NULL,NULL,'HVTTK8','',NULL,NULL),(5893,4,1061,'K009CB185',NULL,'27712','07/9/2018',250000,7,8,15,NULL,NULL,NULL,'HVTTK8','',NULL,NULL),(5894,4,1062,'K009CB186',NULL,'27877','10/9/2018',250000,6,5.5,11.5,NULL,NULL,NULL,'HVTTK8','',NULL,NULL),(5895,4,1063,'K009CB187',NULL,'27864','10/9/2018',250000,7.5,7,14.5,NULL,NULL,NULL,'HVTTK8','',NULL,NULL),(5896,4,1064,'K009CB188',NULL,'27754','10/9/2018',250000,7.5,9,16.5,NULL,NULL,NULL,'HVTTK8','',NULL,NULL),(5897,4,1065,'K009CB189',NULL,'27687','06/9/2018',250000,8.5,6.5,15,NULL,NULL,NULL,'HVTTK8','',NULL,NULL),(5898,4,1066,'K009CB190',NULL,'27697','07/9/2018',250000,7.5,9,16.5,NULL,NULL,NULL,'HVTTK8','',NULL,NULL),(5899,4,1067,'K009CB191',NULL,'27698','07/9/2018',250000,8.5,8,16.5,NULL,NULL,NULL,'HVTTK8','',NULL,NULL),(5900,4,1068,'K009CB192',NULL,'27655','28/8/2018',250000,5.5,7,12.5,NULL,NULL,NULL,'HVTTK8','',NULL,NULL),(5901,4,1069,'K009CB193',NULL,'27804','10/9/2018',250000,4,0,4,NULL,NULL,NULL,'HVTTK8','Vắng thi TH',NULL,NULL),(5902,4,1070,'K009CB194',NULL,'27709','07/9/2018',250000,6,7,13,NULL,NULL,NULL,'HVTTK8','',NULL,NULL),(5903,4,1071,'K009CB195',NULL,'27787','10/9/2018',500000,5.5,5.5,11,NULL,NULL,NULL,'Tự do','',NULL,NULL),(5904,4,1072,'K009CB196',NULL,'27898','10/9/2018',500000,0,0,0,NULL,NULL,NULL,'Tự do','Vắng',NULL,NULL),(5905,4,1073,'K009CB197',NULL,'27679','05/9/2018',250000,0,0,0,NULL,NULL,NULL,'HVTTK2','Vắng',NULL,NULL),(5906,4,1074,'K009CB198',NULL,'27714','07/9/2018',500000,5.5,6.5,12,NULL,NULL,NULL,'Tự do','',NULL,NULL),(5907,4,1075,'K009CB199',NULL,'27747','10/9/2018',500000,8,6.5,14.5,NULL,NULL,NULL,'Tự do','',NULL,NULL),(5908,4,1076,'K009CB200',NULL,'27703','07/9/2018',250000,7,6.5,13.5,NULL,NULL,NULL,'HVTTK8','',NULL,NULL),(5909,4,1077,'K009CB201',NULL,'27878','10/9/2018',250000,4.5,0,4.5,NULL,NULL,NULL,'HVTTK8','Vắng thi TH',NULL,NULL),(5910,4,1078,'K009CB202',NULL,'27685','06/9/2018',250000,7,7.5,14.5,NULL,NULL,NULL,'HVTTK8','',NULL,NULL),(5911,4,1079,'K009CB203',NULL,'27806','10/9/2018',500000,5.5,7,12.5,NULL,NULL,NULL,'Tự do','',NULL,NULL),(5912,4,1080,'K009CB204',NULL,'27790','10/9/2018',250000,5.5,4,9.5,NULL,NULL,NULL,'HVTTK8','',NULL,NULL),(5913,4,549,'K009CB205',NULL,'27766','10/9/2018',500000,8,6.5,14.5,NULL,NULL,NULL,'Tự do','',NULL,NULL),(5914,4,1082,'K009CB206',NULL,'27786','10/9/2018',500000,8.5,7.5,16,NULL,NULL,NULL,'Tự do','',NULL,NULL),(5915,4,1083,'K009CB207',NULL,'27653','27/8/2018',250000,6.5,6,12.5,NULL,NULL,NULL,'HVTTK8','',NULL,NULL),(5916,4,1084,'K009CB208',NULL,'27680','05/9/2018',250000,7,7,14,NULL,NULL,NULL,'HVTTK2','',NULL,NULL),(5917,4,1085,'K009CB209',NULL,'27741','10/9/2018',250000,6.5,6.5,13,NULL,NULL,NULL,'HVTTK8','',NULL,NULL),(5918,4,553,'K009CB210',NULL,'27716','07/9/2018',500000,7.5,7,14.5,NULL,NULL,NULL,'Tự do','',NULL,NULL),(5919,4,1087,'K009CB211',NULL,'27777','10/9/2018',250000,5.5,5,10.5,NULL,NULL,NULL,'HVTTK8','',NULL,NULL),(5920,4,1088,'K009CB212',NULL,'27855','10/9/2018',250000,7.5,7.5,15,NULL,NULL,NULL,'HVTTK8','',NULL,NULL),(5921,4,1089,'K009CB213',NULL,'27862','10/9/2018',250000,5.5,7.5,13,NULL,NULL,NULL,'HVTTK8','',NULL,NULL),(5922,4,1090,'K009CB214',NULL,'27805','10/9/2018',250000,4.5,0.5,5,NULL,NULL,NULL,'HVTTK8','',NULL,NULL),(5923,4,1091,'K009CB215',NULL,'27769','10/9/2018',250000,6.5,7,13.5,NULL,NULL,NULL,'HVTTK8','',NULL,NULL),(5924,4,482,'K009CB216',NULL,'27651','22/8/2018',250000,4.5,3,7.5,NULL,NULL,NULL,'HVTTK7','',NULL,NULL),(5925,4,1093,'K009CB217',NULL,'27734','07/9/2018',250000,2,0,2,NULL,NULL,NULL,'HVTTK8','Vắng thi TH',NULL,NULL),(5926,4,1094,'K009CB218',NULL,'27785','10/9/2018',500000,7,6.5,13.5,NULL,NULL,NULL,'Tự do','',NULL,NULL),(5927,12,625,'K010CB001',144,'29871','22/11/2018',250000,NULL,NULL,NULL,NULL,NULL,NULL,'HVTTK9',NULL,NULL,''),(5928,12,626,'K010CB002',144,'7401','30/11/2018',250000,NULL,NULL,NULL,NULL,NULL,NULL,'HVTTK9',NULL,NULL,''),(5929,12,627,'K010CB003',144,'29895','27/11/2018',250000,NULL,NULL,NULL,NULL,NULL,NULL,'HVTTK9',NULL,NULL,'Sửa CMND'),(5930,12,628,'K010CB004',144,'29928','28/11/2018',250000,NULL,NULL,NULL,NULL,NULL,NULL,'HVTTK9',NULL,NULL,'Sửa MSSV'),(5931,12,640,'K010CB005',144,'29879','23/11/2018',250000,NULL,NULL,NULL,NULL,NULL,NULL,'HVTTK9',NULL,NULL,'Sửa Họ tên'),(5932,12,643,'K010CB006',144,'7236','29/11/2018',250000,NULL,NULL,NULL,NULL,NULL,NULL,'HVTTK9',NULL,NULL,''),(5933,12,630,'K010CB007',144,'29872','22/11/2018',250000,NULL,NULL,NULL,NULL,NULL,NULL,'HVTTK9',NULL,NULL,''),(5934,12,631,'K010CB008',144,'29890','27/11/2018',250000,NULL,NULL,NULL,NULL,NULL,NULL,'HVTTK9',NULL,NULL,''),(5935,12,632,'K010CB009',144,'7301','29/11/2018',250000,NULL,NULL,NULL,NULL,NULL,NULL,'HVTTK9',NULL,NULL,''),(5936,12,633,'K010CB010',144,'7226','29/11/2018',250000,NULL,NULL,NULL,NULL,NULL,NULL,'HVTTK9',NULL,NULL,''),(5937,12,634,'K010CB011',144,'7313','29/11/2018',250000,NULL,NULL,NULL,NULL,NULL,NULL,'HVTTK9',NULL,NULL,''),(5938,12,637,'K010CB012',144,'29947','28/11/2018',250000,NULL,NULL,NULL,NULL,NULL,NULL,'HVTTK9',NULL,NULL,''),(5939,12,638,'K010CB013',144,'7369','30/11/2018',250000,NULL,NULL,NULL,NULL,NULL,NULL,'HVTTK9',NULL,NULL,''),(5940,12,639,'K010CB014',144,'7344','30/11/2018',250000,NULL,NULL,NULL,NULL,NULL,NULL,'HVTTK9',NULL,NULL,''),(5941,12,629,'K010CB015',144,'29932','28/11/2018',250000,NULL,NULL,NULL,NULL,NULL,NULL,'HVTTK9',NULL,NULL,'Sửa Họ tên'),(5942,12,641,'K010CB016',144,'7364','30/11/2018',250000,NULL,NULL,NULL,NULL,NULL,NULL,'HVTTK9',NULL,NULL,''),(5943,12,642,'K010CB017',144,'29946','28/11/2018',250000,NULL,NULL,NULL,NULL,NULL,NULL,'HVTTK9',NULL,NULL,''),(5944,12,636,'K010CB018',144,'7323','30/11/2018',250000,NULL,NULL,NULL,NULL,NULL,NULL,'HVTTK9',NULL,NULL,''),(5945,12,649,'K010CB019',144,'7243','30/11/2018',250000,NULL,NULL,NULL,NULL,NULL,NULL,'HVTTK9',NULL,NULL,''),(5946,12,648,'K010CB020',144,'29919','28/11/2018',250000,NULL,NULL,NULL,NULL,NULL,NULL,'HVTTK9',NULL,NULL,''),(5947,12,644,'K010CB021',145,'29931','28/11/2018',250000,NULL,NULL,NULL,NULL,NULL,NULL,'HVTTK9',NULL,NULL,''),(5948,12,645,'K010CB022',145,'29868','22/11/2018',250000,NULL,NULL,NULL,NULL,NULL,NULL,'HVTTK9',NULL,NULL,''),(5949,12,647,'K010CB023',145,'7224','29/11/2018',250000,NULL,NULL,NULL,NULL,NULL,NULL,'HVTTK9',NULL,NULL,''),(5950,12,650,'K010CB024',145,'29870','22/11/2018',250000,NULL,NULL,NULL,NULL,NULL,NULL,'HVTTK9',NULL,NULL,''),(5951,12,5024,'K010CB025',145,'7212','29/11/2018',500000,NULL,NULL,NULL,NULL,NULL,NULL,'Tự do',NULL,NULL,''),(5952,12,651,'K010CB026',145,'7266','3/12/2018',250000,NULL,NULL,NULL,NULL,NULL,NULL,'HVTTK9',NULL,NULL,''),(5953,12,652,'K010CB027',145,'29936','28/11/2018',250000,NULL,NULL,NULL,NULL,NULL,NULL,'HVTTK9',NULL,NULL,''),(5954,12,654,'K010CB028',145,'7231','29/11/2018',250000,NULL,NULL,NULL,NULL,NULL,NULL,'HVTTK9',NULL,NULL,''),(5955,12,653,'K010CB029',145,'7363','30/11/2018',250000,NULL,NULL,NULL,NULL,NULL,NULL,'HVTTK9',NULL,NULL,''),(5956,12,655,'K010CB030',145,'7271','3/12/2018',250000,NULL,NULL,NULL,NULL,NULL,NULL,'HVTTK9',NULL,NULL,'Sửa Nơi sinh'),(5957,12,656,'K010CB031',145,'7339','30/11/2018',250000,NULL,NULL,NULL,NULL,NULL,NULL,'HVTTK9',NULL,NULL,''),(5958,12,657,'K010CB032',145,'29913','28/11/2018',250000,NULL,NULL,NULL,NULL,NULL,NULL,'HVTTK9',NULL,NULL,''),(5959,12,658,'K010CB033',145,'29942','28/11/2018',250000,NULL,NULL,NULL,NULL,NULL,NULL,'HVTTK9',NULL,NULL,''),(5960,12,659,'K010CB034',145,'7314','29/11/2018',250000,NULL,NULL,NULL,NULL,NULL,NULL,'HVTTK9',NULL,NULL,''),(5961,12,660,'K010CB035',145,'29860','22/11/2018',250000,NULL,NULL,NULL,NULL,NULL,NULL,'HVTTK9',NULL,NULL,''),(5962,12,661,'K010CB036',145,'7368','30/11/2018',250000,NULL,NULL,NULL,NULL,NULL,NULL,'HVTTK9',NULL,NULL,''),(5963,12,5036,'K010CB037',145,'7321','30/11/2018',500000,NULL,NULL,NULL,NULL,NULL,NULL,'Tự do',NULL,NULL,''),(5964,12,662,'K010CB038',145,'29859','22/11/2018',250000,NULL,NULL,NULL,NULL,NULL,NULL,'HVTTK9',NULL,NULL,''),(5965,12,663,'K010CB039',145,'29886','27/11/2018',250000,NULL,NULL,NULL,NULL,NULL,NULL,'HVTTK9',NULL,NULL,''),(5966,12,5039,'K010CB040',145,'7320','30/11/2018',500000,NULL,NULL,NULL,NULL,NULL,NULL,'Tự do',NULL,NULL,''),(5967,12,5040,'K010CB041',146,'7397','30/11/2018',500000,NULL,NULL,NULL,NULL,NULL,NULL,'Tự do',NULL,NULL,''),(5968,12,188,'K010CB042',146,'7322','30/11/2018',500000,NULL,NULL,NULL,NULL,NULL,NULL,'Tự do',NULL,NULL,''),(5969,12,666,'K010CB043',146,'29934','28/11/2018',250000,NULL,NULL,NULL,NULL,NULL,NULL,'HVTTK9',NULL,NULL,''),(5970,12,667,'K010CB044',146,'29875','23/11/2018',250000,NULL,NULL,NULL,NULL,NULL,NULL,'HVTTK9',NULL,NULL,''),(5971,12,690,'K010CB045',146,'7384','30/11/2018',250000,NULL,NULL,NULL,NULL,NULL,NULL,'HVTTK9',NULL,NULL,''),(5972,12,691,'K010CB046',146,'7244','30/11/2018',250000,NULL,NULL,NULL,NULL,NULL,NULL,'HVTTK9',NULL,NULL,''),(5973,12,692,'K010CB047',146,'29948','28/11/2018',250000,NULL,NULL,NULL,NULL,NULL,NULL,'HVTTK9',NULL,NULL,''),(5974,12,701,'K010CB048',146,'7246','30/11/2018',250000,NULL,NULL,NULL,NULL,NULL,NULL,'HVTTK9',NULL,NULL,'Sửa Nơi sinh'),(5975,12,668,'K010CB049',146,'29869','22/11/2018',250000,NULL,NULL,NULL,NULL,NULL,NULL,'HVTTK9',NULL,NULL,''),(5976,12,693,'K010CB050',146,'7331','30/11/2018',250000,NULL,NULL,NULL,NULL,NULL,NULL,'HVTTK9',NULL,NULL,''),(5977,12,694,'K010CB051',146,'29906','28/11/2018',250000,NULL,NULL,NULL,NULL,NULL,NULL,'HVTTK9',NULL,NULL,''),(5978,12,695,'K010CB052',146,'7237','29/11/2018',250000,NULL,NULL,NULL,NULL,NULL,NULL,'HVTTK9',NULL,NULL,''),(5979,12,795,'K010CB053',146,'7361','30/11/2018',250000,NULL,NULL,NULL,NULL,NULL,NULL,'HVTTK9',NULL,NULL,'Sửa Họ tên'),(5980,12,5053,'K010CB054',146,'7256','28/11/2018',500000,NULL,NULL,NULL,NULL,NULL,NULL,'Tự do',NULL,NULL,''),(5981,12,696,'K010CB055',146,'29878','23/11/2018',250000,NULL,NULL,NULL,NULL,NULL,NULL,'HVTTK9',NULL,NULL,''),(5982,12,697,'K010CB056',146,'7234','29/11/2018',250000,NULL,NULL,NULL,NULL,NULL,NULL,'HVTTK9',NULL,NULL,''),(5983,12,698,'K010CB057',146,'29920','28/11/2018',250000,NULL,NULL,NULL,NULL,NULL,NULL,'HVTTK9',NULL,NULL,''),(5984,12,902,'K010CB058',146,'7201','29/11/2018',250000,NULL,NULL,NULL,NULL,NULL,NULL,'HVTTK8',NULL,NULL,''),(5985,12,699,'K010CB059',146,'7353','30/11/2018',250000,NULL,NULL,NULL,NULL,NULL,NULL,'HVTTK9',NULL,NULL,''),(5986,12,5059,'K010CB060',146,'7267','3/12/2018',500000,NULL,NULL,NULL,NULL,NULL,NULL,'Tự do',NULL,NULL,''),(5987,12,700,'K010CB061',147,'7315','29/11/2018',250000,NULL,NULL,NULL,NULL,NULL,NULL,'HVTTK9',NULL,NULL,''),(5988,12,669,'K010CB062',147,'7264','3/12/2018',250000,NULL,NULL,NULL,NULL,NULL,NULL,'HVTTK9',NULL,NULL,''),(5989,12,670,'K010CB063',147,'7309','29/11/2018',250000,NULL,NULL,NULL,NULL,NULL,NULL,'HVTTK9',NULL,NULL,''),(5990,12,671,'K010CB064',147,'29941','28/11/2018',250000,NULL,NULL,NULL,NULL,NULL,NULL,'HVTTK9',NULL,NULL,'Sửa Họ tên'),(5991,12,702,'K010CB065',147,'7367','30/11/2018',250000,NULL,NULL,NULL,NULL,NULL,NULL,'HVTTK9',NULL,NULL,''),(5992,12,5065,'K010CB066',147,'7310','29/11/2018',500000,NULL,NULL,NULL,NULL,NULL,NULL,'Tự do',NULL,NULL,''),(5993,12,703,'K010CB067',147,'7346','30/11/2018',250000,NULL,NULL,NULL,NULL,NULL,NULL,'HVTTK9',NULL,NULL,''),(5994,12,5067,'K010CB068',147,'7337','30/11/2018',500000,NULL,NULL,NULL,NULL,NULL,NULL,'Tự do',NULL,NULL,''),(5995,12,704,'K010CB069',147,'29877','23/11/2018',250000,NULL,NULL,NULL,NULL,NULL,NULL,'HVTTK9',NULL,NULL,''),(5996,12,705,'K010CB070',147,'29933','28/11/2018',250000,NULL,NULL,NULL,NULL,NULL,NULL,'HVTTK9',NULL,NULL,''),(5997,12,706,'K010CB071',147,'7235','29/11/2018',250000,NULL,NULL,NULL,NULL,NULL,NULL,'HVTTK9',NULL,NULL,''),(5998,12,686,'K010CB072',147,'7233','29/11/2018',250000,NULL,NULL,NULL,NULL,NULL,NULL,'HVTTK9',NULL,NULL,'Sửa Ngày sinh'),(5999,12,707,'K010CB073',147,'29891','27/11/2018',250000,NULL,NULL,NULL,NULL,NULL,NULL,'HVTTK9',NULL,NULL,'Sửa Họ tên'),(6000,12,5073,'K010CB074',147,'7342','30/11/2018',250000,NULL,NULL,NULL,NULL,NULL,NULL,'HVTTK5',NULL,NULL,''),(6001,12,5074,'K010CB075',147,'7268','3/12/2018',500000,NULL,NULL,NULL,NULL,NULL,NULL,'Tự do',NULL,NULL,''),(6002,12,672,'K010CB076',147,'29893','27/11/2018',250000,NULL,NULL,NULL,NULL,NULL,NULL,'HVTTK9',NULL,NULL,'Sửa Họ tên'),(6003,12,5076,'K010CB077',147,'7373','30/11/2018',250000,NULL,NULL,NULL,NULL,NULL,NULL,'HVTTK5',NULL,NULL,''),(6004,12,687,'K010CB078',147,'7270','3/12/2018',250000,NULL,NULL,NULL,NULL,NULL,NULL,'HVTTK9',NULL,NULL,''),(6005,12,689,'K010CB079',147,'7371','30/11/2018',250000,NULL,NULL,NULL,NULL,NULL,NULL,'HVTTK9',NULL,NULL,''),(6006,12,675,'K010CB080',147,'29892','27/11/2018',250000,NULL,NULL,NULL,NULL,NULL,NULL,'HVTTK9',NULL,NULL,''),(6007,12,674,'K010CB081',148,'7398','30/11/2018',250000,NULL,NULL,NULL,NULL,NULL,NULL,'HVTTK9',NULL,NULL,''),(6008,12,676,'K010CB082',148,'7232','29/11/2018',250000,NULL,NULL,NULL,NULL,NULL,NULL,'HVTTK9',NULL,NULL,''),(6009,12,677,'K010CB083',148,'7225','29/11/2018',250000,NULL,NULL,NULL,NULL,NULL,NULL,'HVTTK9',NULL,NULL,''),(6010,12,678,'K010CB084',148,'29950','28/11/2018',250000,NULL,NULL,NULL,NULL,NULL,NULL,'HVTTK9',NULL,NULL,''),(6011,12,679,'K010CB085',148,'29894','27/11/2018',250000,NULL,NULL,NULL,NULL,NULL,NULL,'HVTTK9',NULL,NULL,''),(6012,12,681,'K010CB086',148,'7403','30/11/2018',250000,NULL,NULL,NULL,NULL,NULL,NULL,'HVTTK9',NULL,NULL,''),(6013,12,682,'K010CB087',148,'29861','22/11/2018',250000,NULL,NULL,NULL,NULL,NULL,NULL,'HVTTK9',NULL,NULL,''),(6014,12,684,'K010CB088',148,'7400','30/11/2018',250000,NULL,NULL,NULL,NULL,NULL,NULL,'HVTTK9',NULL,NULL,''),(6015,12,685,'K010CB089',148,'29935','28/11/2018',250000,NULL,NULL,NULL,NULL,NULL,NULL,'HVTTK9',NULL,NULL,''),(6016,12,708,'K010CB090',148,'29867','22/11/2018',250000,NULL,NULL,NULL,NULL,NULL,NULL,'HVTTK9',NULL,NULL,''),(6017,12,709,'K010CB091',148,'29873','22/11/2018',250000,NULL,NULL,NULL,NULL,NULL,NULL,'HVTTK9',NULL,NULL,''),(6018,12,710,'K010CB092',148,'29912','28/11/2018',250000,NULL,NULL,NULL,NULL,NULL,NULL,'HVTTK9',NULL,NULL,'Sửa MSSV'),(6019,12,711,'K010CB093',148,'29938','28/11/2018',250000,NULL,NULL,NULL,NULL,NULL,NULL,'HVTTK9',NULL,NULL,''),(6020,12,712,'K010CB094',148,'7378','30/11/2018',250000,NULL,NULL,NULL,NULL,NULL,NULL,'HVTTK9',NULL,NULL,''),(6021,12,713,'K010CB095',148,'7423','30/11/2018',250000,NULL,NULL,NULL,NULL,NULL,NULL,'HVTTK9',NULL,NULL,'Sửa Nơi sinh'),(6022,12,714,'K010CB096',148,'29880','23/11/2018',250000,NULL,NULL,NULL,NULL,NULL,NULL,'HVTTK9',NULL,NULL,''),(6023,12,715,'K010CB097',148,'7405','30/11/2018',250000,NULL,NULL,NULL,NULL,NULL,NULL,'HVTTK9',NULL,NULL,''),(6024,12,925,'K010CB098',148,'7240','30/11/2018',250000,NULL,NULL,NULL,NULL,NULL,NULL,'HVTTK8',NULL,NULL,''),(6025,12,718,'K010CB099',148,'7263','3/12/2018',250000,NULL,NULL,NULL,NULL,NULL,NULL,'HVTTK9',NULL,NULL,''),(6026,12,5099,'K010CB100',148,'7340','30/11/2018',250000,NULL,NULL,NULL,NULL,NULL,NULL,'HVTTK2',NULL,NULL,''),(6027,12,719,'K010CB101',149,'7227','29/11/2018',250000,NULL,NULL,NULL,NULL,NULL,NULL,'HVTTK9',NULL,NULL,''),(6028,12,716,'K010CB102',149,'7392','30/11/2018',250000,NULL,NULL,NULL,NULL,NULL,NULL,'HVTTK9',NULL,NULL,''),(6029,12,717,'K010CB103',149,'7245','30/11/2018',250000,NULL,NULL,NULL,NULL,NULL,NULL,'HVTTK9',NULL,NULL,''),(6030,12,5103,'K010CB104',149,'7351','30/11/2018',500000,NULL,NULL,NULL,NULL,NULL,NULL,'Tự do',NULL,NULL,''),(6031,12,720,'K010CB105',149,'29874','23/11/2018',250000,NULL,NULL,NULL,NULL,NULL,NULL,'HVTTK9',NULL,NULL,''),(6032,12,721,'K010CB106',149,'7393','30/11/2018',250000,NULL,NULL,NULL,NULL,NULL,NULL,'HVTTK9',NULL,NULL,''),(6033,12,496,'K010CB107',149,'29852','14/11/2018',500000,NULL,NULL,NULL,NULL,NULL,NULL,'Tự do',NULL,NULL,''),(6034,12,722,'K010CB108',149,'29865','22/11/2018',250000,NULL,NULL,NULL,NULL,NULL,NULL,'HVTTK9',NULL,NULL,'Sửa Ngày sinh, CMND'),(6035,12,724,'K010CB109',149,'29949','28/11/2018',250000,NULL,NULL,NULL,NULL,NULL,NULL,'HVTTK9',NULL,NULL,''),(6036,12,725,'K010CB110',149,'29915','28/11/2018',250000,NULL,NULL,NULL,NULL,NULL,NULL,'HVTTK9',NULL,NULL,''),(6037,12,726,'K010CB111',149,'29863','22/11/2018',250000,NULL,NULL,NULL,NULL,NULL,NULL,'HVTTK9',NULL,NULL,''),(6038,12,727,'K010CB112',149,'29916','28/11/2018',250000,NULL,NULL,NULL,NULL,NULL,NULL,'HVTTK9',NULL,NULL,''),(6039,12,728,'K010CB113',149,'7386','30/11/2018',250000,NULL,NULL,NULL,NULL,NULL,NULL,'HVTTK9',NULL,NULL,''),(6040,12,729,'K010CB114',149,'29904','28/11/2018',250000,NULL,NULL,NULL,NULL,NULL,NULL,'HVTTK9',NULL,NULL,''),(6041,12,5114,'K010CB115',149,'7257','28/11/2018',500000,NULL,NULL,NULL,NULL,NULL,NULL,'Tự do',NULL,NULL,''),(6042,12,730,'K010CB116',149,'7406','30/11/2018',250000,NULL,NULL,NULL,NULL,NULL,NULL,'HVTTK9',NULL,NULL,''),(6043,12,731,'K010CB117',149,'29921','28/11/2018',250000,NULL,NULL,NULL,NULL,NULL,NULL,'HVTTK9',NULL,NULL,''),(6044,12,732,'K010CB118',149,'29864','22/11/2018',250000,NULL,NULL,NULL,NULL,NULL,NULL,'HVTTK9',NULL,NULL,''),(6045,12,740,'K010CB119',149,'7360','30/11/2018',250000,NULL,NULL,NULL,NULL,NULL,NULL,'HVTTK9',NULL,NULL,''),(6046,12,741,'K010CB120',149,'7355','30/11/2018',250000,NULL,NULL,NULL,NULL,NULL,NULL,'HVTTK9',NULL,NULL,''),(6047,12,5120,'K010CB121',150,'7216','29/11/2018',500000,NULL,NULL,NULL,NULL,NULL,NULL,'Tự do',NULL,NULL,''),(6048,12,733,'K010CB122',150,'7409','30/11/2018',250000,NULL,NULL,NULL,NULL,NULL,NULL,'HVTTK9',NULL,NULL,''),(6049,12,673,'K010CB123',150,'7273','3/12/2018',250000,NULL,NULL,NULL,NULL,NULL,NULL,'HVTTK9',NULL,NULL,'Sửa Họ tên'),(6050,12,734,'K010CB124',150,'7352','30/11/2018',250000,NULL,NULL,NULL,NULL,NULL,NULL,'HVTTK9',NULL,NULL,''),(6051,12,735,'K010CB125',150,'29876','23/11/2018',250000,NULL,NULL,NULL,NULL,NULL,NULL,'HVTTK9',NULL,NULL,''),(6052,12,736,'K010CB126',150,'7341','30/11/2018',250000,NULL,NULL,NULL,NULL,NULL,NULL,'HVTTK9',NULL,NULL,''),(6053,12,939,'K010CB127',150,'7374','30/11/2018',250000,NULL,NULL,NULL,NULL,NULL,NULL,'HVTTK8',NULL,NULL,''),(6054,12,5127,'K010CB128',150,'7253','28/11/2018',500000,NULL,NULL,NULL,NULL,NULL,NULL,'Tự do',NULL,NULL,''),(6055,12,737,'K010CB129',150,'7272','3/12/2018',250000,NULL,NULL,NULL,NULL,NULL,NULL,'HVTTK9',NULL,NULL,''),(6056,12,738,'K010CB130',150,'7410','30/11/2018',250000,NULL,NULL,NULL,NULL,NULL,NULL,'HVTTK9',NULL,NULL,''),(6057,12,739,'K010CB131',150,'29866','22/11/2018',250000,NULL,NULL,NULL,NULL,NULL,NULL,'HVTTK9',NULL,NULL,''),(6058,12,5131,'K010CB132',150,'7343','30/11/2018',250000,NULL,NULL,NULL,NULL,NULL,NULL,'HVTTK5',NULL,NULL,''),(6059,12,742,'K010CB133',150,'7316','29/11/2018',250000,NULL,NULL,NULL,NULL,NULL,NULL,'HVTTK9',NULL,NULL,''),(6060,12,743,'K010CB134',150,'7228','29/11/2018',250000,NULL,NULL,NULL,NULL,NULL,NULL,'HVTTK9',NULL,NULL,''),(6061,12,5134,'K010CB135',150,'29857','21/11/2018',500000,NULL,NULL,NULL,NULL,NULL,NULL,'Tự do',NULL,NULL,''),(6062,12,745,'K010CB136',150,'7247','30/11/2018',250000,NULL,NULL,NULL,NULL,NULL,NULL,'HVTTK9',NULL,NULL,''),(6063,12,749,'K010CB137',150,'7408','30/11/2018',250000,NULL,NULL,NULL,NULL,NULL,NULL,'HVTTK9',NULL,NULL,''),(6064,12,750,'K010CB138',150,'7221','29/11/2018',250000,NULL,NULL,NULL,NULL,NULL,NULL,'HVTTK9',NULL,NULL,''),(6065,12,751,'K010CB139',150,'7395','30/11/2018',250000,NULL,NULL,NULL,NULL,NULL,NULL,'HVTTK9',NULL,NULL,''),(6066,12,5139,'K010CB140',150,'7255','28/11/2018',500000,NULL,NULL,NULL,NULL,NULL,NULL,'Tự do',NULL,NULL,''),(6067,12,752,'K010CB141',151,'29902','28/11/2018',250000,NULL,NULL,NULL,NULL,NULL,NULL,'HVTTK9',NULL,NULL,''),(6068,12,753,'K010CB142',151,'29917','28/11/2018',250000,NULL,NULL,NULL,NULL,NULL,NULL,'HVTTK9',NULL,NULL,''),(6069,12,754,'K010CB143',151,'29922','28/11/2018',250000,NULL,NULL,NULL,NULL,NULL,NULL,'HVTTK9',NULL,NULL,''),(6070,12,755,'K010CB144',151,'7213','29/11/2018',250000,NULL,NULL,NULL,NULL,NULL,NULL,'HVTTK9',NULL,NULL,''),(6071,12,756,'K010CB145',151,'29889','27/11/2018',250000,NULL,NULL,NULL,NULL,NULL,NULL,'HVTTK9',NULL,NULL,'Sửa Họ tên'),(6072,12,758,'K010CB146',151,'29897','27/11/2018',250000,NULL,NULL,NULL,NULL,NULL,NULL,'HVTTK9',NULL,NULL,''),(6073,12,759,'K010CB147',151,'29899','27/11/2018',250000,NULL,NULL,NULL,NULL,NULL,NULL,'HVTTK9',NULL,NULL,''),(6074,12,760,'K010CB148',151,'29898','27/11/2018',250000,NULL,NULL,NULL,NULL,NULL,NULL,'HVTTK9',NULL,NULL,''),(6075,12,5148,'K010CB149',151,'7319','29/11/2018',500000,NULL,NULL,NULL,NULL,NULL,NULL,'Tự do',NULL,NULL,''),(6076,12,761,'K010CB150',151,'7265','3/12/2018',250000,NULL,NULL,NULL,NULL,NULL,NULL,'HVTTK9',NULL,NULL,''),(6077,12,762,'K010CB151',151,'29918','28/11/2018',250000,NULL,NULL,NULL,NULL,NULL,NULL,'HVTTK9',NULL,NULL,''),(6078,12,763,'K010CB152',151,'29896','27/11/2018',250000,NULL,NULL,NULL,NULL,NULL,NULL,'HVTTK9',NULL,NULL,'Sửa Ngày sinh'),(6079,12,764,'K010CB153',151,'29905','28/11/2018',250000,NULL,NULL,NULL,NULL,NULL,NULL,'HVTTK9',NULL,NULL,''),(6080,12,765,'K010CB154',151,'29945','28/11/2018',250000,NULL,NULL,NULL,NULL,NULL,NULL,'HVTTK9',NULL,NULL,''),(6081,12,5154,'K010CB155',151,'7208','29/11/2018',250000,NULL,NULL,NULL,NULL,NULL,NULL,'HVTTK5',NULL,NULL,''),(6082,12,5155,'K010CB156',151,'29888','27/11/2018',500000,NULL,NULL,NULL,NULL,NULL,NULL,'Tự do',NULL,NULL,''),(6083,12,958,'K010CB157',151,'7377','30/11/2018',250000,NULL,NULL,NULL,NULL,NULL,NULL,'HVTTK8',NULL,NULL,''),(6084,12,766,'K010CB158',151,'29903','28/11/2018',250000,NULL,NULL,NULL,NULL,NULL,NULL,'HVTTK9',NULL,NULL,''),(6085,12,768,'K010CB159',151,'7238','29/11/2018',250000,NULL,NULL,NULL,NULL,NULL,NULL,'HVTTK9',NULL,NULL,''),(6086,12,5159,'K010CB160',151,'29862','22/11/2018',250000,NULL,NULL,NULL,NULL,NULL,NULL,'HVTTK5',NULL,NULL,''),(6087,12,767,'K010CB161',152,'7375','30/11/2018',250000,NULL,NULL,NULL,NULL,NULL,NULL,'HVTTK9',NULL,NULL,''),(6088,12,770,'K010CB162',152,'7365','30/11/2018',250000,NULL,NULL,NULL,NULL,NULL,NULL,'HVTTK9',NULL,NULL,''),(6089,12,771,'K010CB163',152,'29907','28/11/2018',250000,NULL,NULL,NULL,NULL,NULL,NULL,'HVTTK9',NULL,NULL,''),(6090,12,772,'K010CB164',152,'7326','30/11/2018',250000,NULL,NULL,NULL,NULL,NULL,NULL,'HVTTK9',NULL,NULL,''),(6091,12,773,'K010CB165',152,'29940','28/11/2018',250000,NULL,NULL,NULL,NULL,NULL,NULL,'HVTTK9',NULL,NULL,''),(6092,12,774,'K010CB166',152,'29923','28/11/2018',250000,NULL,NULL,NULL,NULL,NULL,NULL,'HVTTK9',NULL,NULL,''),(6093,12,775,'K010CB167',152,'29926','28/11/2018',250000,NULL,NULL,NULL,NULL,NULL,NULL,'HVTTK9',NULL,NULL,''),(6094,12,776,'K010CB168',152,'7359','30/11/2018',250000,NULL,NULL,NULL,NULL,NULL,NULL,'HVTTK9',NULL,NULL,''),(6095,12,777,'K010CB169',152,'7325','30/11/2018',250000,NULL,NULL,NULL,NULL,NULL,NULL,'HVTTK9',NULL,NULL,''),(6096,12,778,'K010CB170',152,'7248','30/11/2018',250000,NULL,NULL,NULL,NULL,NULL,NULL,'HVTTK9',NULL,NULL,''),(6097,12,966,'K010CB171',152,'7251','28/11/2018',500000,NULL,NULL,NULL,NULL,NULL,NULL,'Tự do',NULL,NULL,''),(6098,12,779,'K010CB172',152,'29925','28/11/2018',250000,NULL,NULL,NULL,NULL,NULL,NULL,'HVTTK9',NULL,NULL,'Sửa Ngày sinh'),(6099,12,780,'K010CB173',152,'7217','29/11/2018',250000,NULL,NULL,NULL,NULL,NULL,NULL,'HVTTK9',NULL,NULL,''),(6100,12,781,'K010CB174',152,'7335','30/11/2018',250000,NULL,NULL,NULL,NULL,NULL,NULL,'HVTTK9',NULL,NULL,''),(6101,12,782,'K010CB175',152,'7207','29/11/2018',250000,NULL,NULL,NULL,NULL,NULL,NULL,'HVTTK9',NULL,NULL,'Sửa Họ tên, CMND'),(6102,12,783,'K010CB176',152,'7230','29/11/2018',250000,NULL,NULL,NULL,NULL,NULL,NULL,'HVTTK9',NULL,NULL,''),(6103,12,5176,'K010CB177',152,'7306','29/11/2018',500000,NULL,NULL,NULL,NULL,NULL,NULL,'Tự do',NULL,NULL,''),(6104,12,784,'K010CB178',152,'29939','28/11/2018',250000,NULL,NULL,NULL,NULL,NULL,NULL,'HVTTK9',NULL,NULL,''),(6105,12,785,'K010CB179',152,'7370','30/11/2018',250000,NULL,NULL,NULL,NULL,NULL,NULL,'HVTTK9',NULL,NULL,''),(6106,12,786,'K010CB180',152,'29924','28/11/2018',250000,NULL,NULL,NULL,NULL,NULL,NULL,'HVTTK9',NULL,NULL,''),(6107,12,787,'K010CB181',153,'7308','29/11/2018',250000,NULL,NULL,NULL,NULL,NULL,NULL,'HVTTK9',NULL,NULL,''),(6108,12,513,'K010CB182',153,'29884','26/11/2018',500000,NULL,NULL,NULL,NULL,NULL,NULL,'Tự do',NULL,NULL,''),(6109,12,788,'K010CB183',153,'29887','27/11/2018',250000,NULL,NULL,NULL,NULL,NULL,NULL,'HVTTK9',NULL,NULL,''),(6110,12,789,'K010CB184',153,'7390','30/11/2018',250000,NULL,NULL,NULL,NULL,NULL,NULL,'HVTTK9',NULL,NULL,''),(6111,12,5184,'K010CB185',153,'7372','30/11/2018',250000,NULL,NULL,NULL,NULL,NULL,NULL,'HVTTK5',NULL,NULL,''),(6112,12,5185,'K010CB186',153,'29856','19/11/2018',250000,NULL,NULL,NULL,NULL,NULL,NULL,'HVTTK2',NULL,NULL,''),(6113,12,791,'K010CB187',153,'7356','30/11/2018',250000,NULL,NULL,NULL,NULL,NULL,NULL,'HVTTK9',NULL,NULL,''),(6114,12,792,'K010CB188',153,'29909','28/11/2018',250000,NULL,NULL,NULL,NULL,NULL,NULL,'HVTTK9',NULL,NULL,''),(6115,12,793,'K010CB189',153,'7336','30/11/2018',250000,NULL,NULL,NULL,NULL,NULL,NULL,'HVTTK9',NULL,NULL,''),(6116,12,790,'K010CB190',153,'7357','30/11/2018',250000,NULL,NULL,NULL,NULL,NULL,NULL,'HVTTK9',NULL,NULL,''),(6117,12,5190,'K010CB191',153,'7345','30/11/2018',500000,NULL,NULL,NULL,NULL,NULL,NULL,'Tự do',NULL,NULL,''),(6118,12,5191,'K010CB192',153,'29900','28/11/2018',500000,NULL,NULL,NULL,NULL,NULL,NULL,'Tự do',NULL,NULL,''),(6119,12,1003,'K010CB193',153,'29851','14/11/2018',500000,NULL,NULL,NULL,NULL,NULL,NULL,'Tự do',NULL,NULL,''),(6120,12,796,'K010CB194',153,'7399','30/11/2018',250000,NULL,NULL,NULL,NULL,NULL,NULL,'HVTTK9',NULL,NULL,'Sửa Giới tính'),(6121,12,5194,'K010CB195',153,'29883','26/11/2018',500000,NULL,NULL,NULL,NULL,NULL,NULL,'Tự do',NULL,NULL,''),(6122,12,797,'K010CB196',153,'7318','29/11/2018',250000,NULL,NULL,NULL,NULL,NULL,NULL,'HVTTK9',NULL,NULL,''),(6123,12,798,'K010CB197',153,'7362','30/11/2018',250000,NULL,NULL,NULL,NULL,NULL,NULL,'HVTTK9',NULL,NULL,''),(6124,12,5197,'K010CB198',153,'7420','30/11/2018',500000,NULL,NULL,NULL,NULL,NULL,NULL,'Tự do',NULL,NULL,''),(6125,12,800,'K010CB199',153,'7349','30/11/2018',250000,NULL,NULL,NULL,NULL,NULL,NULL,'HVTTK9',NULL,NULL,''),(6126,12,801,'K010CB200',153,'7354','30/11/2018',250000,NULL,NULL,NULL,NULL,NULL,NULL,'HVTTK9',NULL,NULL,''),(6127,12,802,'K010CB201',154,'7258','3/12/2018',250000,NULL,NULL,NULL,NULL,NULL,NULL,'HVTTK9',NULL,NULL,''),(6128,12,803,'K010CB202',154,'7317','29/11/2018',250000,NULL,NULL,NULL,NULL,NULL,NULL,'HVTTK9',NULL,NULL,''),(6129,12,804,'K010CB203',154,'7382','30/11/2018',250000,NULL,NULL,NULL,NULL,NULL,NULL,'HVTTK9',NULL,NULL,''),(6130,12,805,'K010CB204',154,'7330','30/11/2018',250000,NULL,NULL,NULL,NULL,NULL,NULL,'HVTTK9',NULL,NULL,''),(6131,12,5204,'K010CB205',154,'7303','29/11/2018',500000,NULL,NULL,NULL,NULL,NULL,NULL,'Tự do',NULL,NULL,''),(6132,12,524,'K010CB206',154,'7387','30/11/2018',500000,NULL,NULL,NULL,NULL,NULL,NULL,'Tự do',NULL,NULL,''),(6133,12,806,'K010CB207',154,'7348','30/11/2018',250000,NULL,NULL,NULL,NULL,NULL,NULL,'HVTTK9',NULL,NULL,''),(6134,12,807,'K010CB208',154,'7380','30/11/2018',250000,NULL,NULL,NULL,NULL,NULL,NULL,'HVTTK9',NULL,NULL,''),(6135,12,5208,'K010CB209',154,'7254','28/11/2018',500000,NULL,NULL,NULL,NULL,NULL,NULL,'Tự do',NULL,NULL,''),(6136,12,808,'K010CB210',154,'7324','30/11/2018',250000,NULL,NULL,NULL,NULL,NULL,NULL,'HVTTK9',NULL,NULL,''),(6137,12,809,'K010CB211',154,'7249','30/11/2018',250000,NULL,NULL,NULL,NULL,NULL,NULL,'HVTTK9',NULL,NULL,'Sửa CMND'),(6138,12,810,'K010CB212',154,'7379','30/11/2018',250000,NULL,NULL,NULL,NULL,NULL,NULL,'HVTTK9',NULL,NULL,''),(6139,12,5212,'K010CB213',154,'29914','28/11/2018',500000,NULL,NULL,NULL,NULL,NULL,NULL,'Tự do',NULL,NULL,''),(6140,12,811,'K010CB214',154,'7220','29/11/2018',250000,NULL,NULL,NULL,NULL,NULL,NULL,'HVTTK9',NULL,NULL,''),(6141,12,5214,'K010CB215',154,'7252','28/11/2018',500000,NULL,NULL,NULL,NULL,NULL,NULL,'Tự do',NULL,NULL,''),(6142,12,816,'K010CB216',154,'7381','30/11/2018',250000,NULL,NULL,NULL,NULL,NULL,NULL,'HVTTK9',NULL,NULL,''),(6143,12,5216,'K010CB217',154,'7242','30/11/2018',500000,NULL,NULL,NULL,NULL,NULL,NULL,'Tự do',NULL,NULL,''),(6144,12,812,'K010CB218',154,'7239','29/11/2018',250000,NULL,NULL,NULL,NULL,NULL,NULL,'HVTTK9',NULL,NULL,''),(6145,12,5218,'K010CB219',154,'7419','30/11/2018',500000,NULL,NULL,NULL,NULL,NULL,NULL,'Tự do',NULL,NULL,''),(6146,12,813,'K010CB220',154,'7329','30/11/2018',250000,NULL,NULL,NULL,NULL,NULL,NULL,'HVTTK9',NULL,NULL,''),(6147,12,814,'K010CB221',155,'7202','29/11/2018',250000,NULL,NULL,NULL,NULL,NULL,NULL,'HVTTK9',NULL,NULL,''),(6148,12,5221,'K010CB222',155,'7414','30/11/2018',500000,NULL,NULL,NULL,NULL,NULL,NULL,'Tự do',NULL,NULL,''),(6149,12,815,'K010CB223',155,'7250','30/11/2018',250000,NULL,NULL,NULL,NULL,NULL,NULL,'HVTTK9',NULL,NULL,''),(6150,12,817,'K010CB224',155,'7327','30/11/2018',250000,NULL,NULL,NULL,NULL,NULL,NULL,'HVTTK9',NULL,NULL,''),(6151,12,818,'K010CB225',155,'7402','30/11/2018',250000,NULL,NULL,NULL,NULL,NULL,NULL,'HVTTK9',NULL,NULL,''),(6152,12,5225,'K010CB226',155,'7407','30/11/2018',500000,NULL,NULL,NULL,NULL,NULL,NULL,'Tự do',NULL,NULL,''),(6153,12,819,'K010CB227',155,'7218','29/11/2018',250000,NULL,NULL,NULL,NULL,NULL,NULL,'HVTTK9',NULL,NULL,''),(6154,12,820,'K010CB228',155,'29927','28/11/2018',250000,NULL,NULL,NULL,NULL,NULL,NULL,'HVTTK9',NULL,NULL,''),(6155,12,821,'K010CB229',155,'7259','3/12/2018',250000,NULL,NULL,NULL,NULL,NULL,NULL,'HVTTK9',NULL,NULL,''),(6156,12,823,'K010CB230',155,'29910','28/11/2018',250000,NULL,NULL,NULL,NULL,NULL,NULL,'HVTTK9',NULL,NULL,''),(6157,12,822,'K010CB231',155,'7412','30/11/2018',250000,NULL,NULL,NULL,NULL,NULL,NULL,'HVTTK9',NULL,NULL,''),(6158,12,824,'K010CB232',155,'7416','30/11/2018',250000,NULL,NULL,NULL,NULL,NULL,NULL,'HVTTK9',NULL,NULL,''),(6159,12,825,'K010CB233',155,'7383','30/11/2018',250000,NULL,NULL,NULL,NULL,NULL,NULL,'HVTTK9',NULL,NULL,''),(6160,12,827,'K010CB234',155,'7417','30/11/2018',250000,NULL,NULL,NULL,NULL,NULL,NULL,'HVTTK9',NULL,NULL,''),(6161,12,5234,'K010CB235',155,'7223','29/11/2018',250000,NULL,NULL,NULL,NULL,NULL,NULL,'HVTTK8',NULL,NULL,''),(6162,12,832,'K010CB236',155,'7214','29/11/2018',250000,NULL,NULL,NULL,NULL,NULL,NULL,'HVTTK9',NULL,NULL,''),(6163,12,833,'K010CB237',155,'29944','28/11/2018',250000,NULL,NULL,NULL,NULL,NULL,NULL,'HVTTK9',NULL,NULL,''),(6164,12,834,'K010CB238',155,'7388','30/11/2018',250000,NULL,NULL,NULL,NULL,NULL,NULL,'HVTTK9',NULL,NULL,''),(6165,12,829,'K010CB239',155,'29937','28/11/2018',250000,NULL,NULL,NULL,NULL,NULL,NULL,'HVTTK9',NULL,NULL,''),(6166,12,831,'K010CB240',155,'7411','30/11/2018',250000,NULL,NULL,NULL,NULL,NULL,NULL,'HVTTK9',NULL,NULL,''),(6167,12,830,'K010CB241',156,'7241','30/11/2018',250000,NULL,NULL,NULL,NULL,NULL,NULL,'HVTTK9',NULL,NULL,''),(6168,12,5241,'K010CB242',156,'29908','28/11/2018',500000,NULL,NULL,NULL,NULL,NULL,NULL,'Tự do',NULL,NULL,''),(6169,12,836,'K010CB243',156,'7206','29/11/2018',250000,NULL,NULL,NULL,NULL,NULL,NULL,'HVTTK9',NULL,NULL,''),(6170,12,837,'K010CB244',156,'7219','29/11/2018',250000,NULL,NULL,NULL,NULL,NULL,NULL,'HVTTK9',NULL,NULL,'Sửa CMND'),(6171,12,5244,'K010CB245',156,'7307','29/11/2018',250000,NULL,NULL,NULL,NULL,NULL,NULL,'HVTTK7',NULL,NULL,''),(6172,12,5245,'K010CB246',156,'29885','27/11/2018',500000,NULL,NULL,NULL,NULL,NULL,NULL,'Tự do',NULL,NULL,''),(6173,12,839,'K010CB247',156,'7311','29/11/2018',250000,NULL,NULL,NULL,NULL,NULL,NULL,'HVTTK9',NULL,NULL,'Sửa Nơi sinh'),(6174,12,5247,'K010CB248',156,'7389','30/11/2018',500000,NULL,NULL,NULL,NULL,NULL,NULL,'Tự do',NULL,NULL,''),(6175,12,840,'K010CB249',156,'29858','22/11/2018',250000,NULL,NULL,NULL,NULL,NULL,NULL,'HVTTK9',NULL,NULL,''),(6176,12,5249,'K010CB250',156,'7209','29/11/2018',500000,NULL,NULL,NULL,NULL,NULL,NULL,'Tự do',NULL,NULL,''),(6177,12,842,'K010CB251',156,'29911','28/11/2018',250000,NULL,NULL,NULL,NULL,NULL,NULL,'HVTTK9',NULL,NULL,'Sửa MSSV'),(6178,12,843,'K010CB252',156,'7385','30/11/2018',250000,NULL,NULL,NULL,NULL,NULL,NULL,'HVTTK9',NULL,NULL,''),(6179,12,841,'K010CB253',156,'7358','30/11/2018',250000,NULL,NULL,NULL,NULL,NULL,NULL,'HVTTK9',NULL,NULL,''),(6180,12,844,'K010CB254',156,'7211','29/11/2018',250000,NULL,NULL,NULL,NULL,NULL,NULL,'HVTTK9',NULL,NULL,'Sửa Nơi sinh'),(6181,12,846,'K010CB255',156,'7366','30/11/2018',250000,NULL,NULL,NULL,NULL,NULL,NULL,'HVTTK9',NULL,NULL,''),(6182,12,847,'K010CB256',156,'7347','30/11/2018',250000,NULL,NULL,NULL,NULL,NULL,NULL,'HVTTK9',NULL,NULL,''),(6183,12,848,'K010CB257',156,'7269','3/12/2018',250000,NULL,NULL,NULL,NULL,NULL,NULL,'HVTTK9',NULL,NULL,''),(6184,12,5257,'K010CB258',156,'7333','30/11/2018',500000,NULL,NULL,NULL,NULL,NULL,NULL,'Tự do',NULL,NULL,''),(6185,12,1072,'K010CB259',156,'7421','30/11/2018',500000,NULL,NULL,NULL,NULL,NULL,NULL,'Tự do',NULL,NULL,''),(6186,12,849,'K010CB260',156,'29929','28/11/2018',250000,NULL,NULL,NULL,NULL,NULL,NULL,'HVTTK9',NULL,NULL,''),(6187,12,850,'K010CB261',157,'7418','30/11/2018',250000,NULL,NULL,NULL,NULL,NULL,NULL,'HVTTK9',NULL,NULL,''),(6188,12,5261,'K010CB262',157,'29853','14/11/2018',500000,NULL,NULL,NULL,NULL,NULL,NULL,'Tự do',NULL,NULL,''),(6189,12,851,'K010CB263',157,'7312','29/11/2018',250000,NULL,NULL,NULL,NULL,NULL,NULL,'HVTTK9',NULL,NULL,'Sửa Họ tên'),(6190,12,852,'K010CB264',157,'7422','30/11/2018',250000,NULL,NULL,NULL,NULL,NULL,NULL,'HVTTK9',NULL,NULL,''),(6191,12,853,'K010CB265',157,'7391','30/11/2018',250000,NULL,NULL,NULL,NULL,NULL,NULL,'HVTTK9',NULL,NULL,''),(6192,12,854,'K010CB266',157,'29881','26/11/2018',250000,NULL,NULL,NULL,NULL,NULL,NULL,'HVTTK9',NULL,NULL,''),(6193,12,5266,'K010CB267',157,'29855','19/11/2018',250000,NULL,NULL,NULL,NULL,NULL,NULL,'HVTTK8',NULL,NULL,''),(6194,12,855,'K010CB268',157,'7396','30/11/2018',250000,NULL,NULL,NULL,NULL,NULL,NULL,'HVTTK9',NULL,NULL,''),(6195,12,5268,'K010CB269',157,'7262','3/12/2018',250000,NULL,NULL,NULL,NULL,NULL,NULL,'HVTTK8',NULL,NULL,''),(6196,12,5269,'K010CB270',157,'29901','28/11/2018',500000,NULL,NULL,NULL,NULL,NULL,NULL,'Tự do',NULL,NULL,''),(6197,12,5270,'K010CB271',157,'7304','29/11/2018',500000,NULL,NULL,NULL,NULL,NULL,NULL,'Tự do',NULL,NULL,''),(6198,12,860,'K010CB272',157,'29943','28/11/2018',250000,NULL,NULL,NULL,NULL,NULL,NULL,'HVTTK9',NULL,NULL,''),(6199,12,858,'K010CB273',157,'7338','30/11/2018',250000,NULL,NULL,NULL,NULL,NULL,NULL,'HVTTK9',NULL,NULL,''),(6200,12,859,'K010CB274',157,'7332','30/11/2018',250000,NULL,NULL,NULL,NULL,NULL,NULL,'HVTTK9',NULL,NULL,''),(6201,12,861,'K010CB275',157,'7376','30/11/2018',250000,NULL,NULL,NULL,NULL,NULL,NULL,'HVTTK9',NULL,NULL,'Sửa Ngày sinh'),(6202,12,862,'K010CB276',157,'29930','28/11/2018',250000,NULL,NULL,NULL,NULL,NULL,NULL,'HVTTK9',NULL,NULL,''),(6203,12,863,'K010CB277',157,'7424','30/11/2018',250000,NULL,NULL,NULL,NULL,NULL,NULL,'HVTTK9',NULL,NULL,''),(6204,12,864,'K010CB278',157,'7204','29/11/2018',250000,NULL,NULL,NULL,NULL,NULL,NULL,'HVTTK9',NULL,NULL,''),(6205,12,865,'K010CB279',157,'7210','29/11/2018',250000,NULL,NULL,NULL,NULL,NULL,NULL,'HVTTK9',NULL,NULL,''),(6206,12,866,'K010CB280',157,'7203','29/11/2018',250000,NULL,NULL,NULL,NULL,NULL,NULL,'HVTTK9',NULL,NULL,''),(6207,12,867,'K010CB281',158,'7260','3/12/2018',250000,NULL,NULL,NULL,NULL,NULL,NULL,'HVTTK9',NULL,NULL,''),(6208,12,482,'K010CB282',158,'29854','19/11/2018',250000,NULL,NULL,NULL,NULL,NULL,NULL,'HVTTK7',NULL,NULL,''),(6209,12,868,'K010CB283',158,'7350','30/11/2018',250000,NULL,NULL,NULL,NULL,NULL,NULL,'HVTTK9',NULL,NULL,''),(6210,12,869,'K010CB284',158,'7328','30/11/2018',250000,NULL,NULL,NULL,NULL,NULL,NULL,'HVTTK9',NULL,NULL,''),(6211,12,870,'K010CB285',158,'7394','30/11/2018',250000,NULL,NULL,NULL,NULL,NULL,NULL,'HVTTK9',NULL,NULL,'Sửa Họ tên'),(6212,12,871,'K010CB286',158,'7404','30/11/2018',250000,NULL,NULL,NULL,NULL,NULL,NULL,'HVTTK9',NULL,NULL,''),(6213,12,872,'K010CB287',158,'7334','30/11/2018',250000,NULL,NULL,NULL,NULL,NULL,NULL,'HVTTK9',NULL,NULL,''),(6214,12,5287,'K010CB288',158,'7205','29/11/2018',250000,NULL,NULL,NULL,NULL,NULL,NULL,'HVTTK3',NULL,NULL,''),(6215,12,873,'K010CB289',158,'7415','30/11/2018',250000,NULL,NULL,NULL,NULL,NULL,NULL,'HVTTK9',NULL,NULL,''),(6216,12,874,'K010CB290',158,'7305','29/11/2018',250000,NULL,NULL,NULL,NULL,NULL,NULL,'HVTTK9',NULL,NULL,''),(6217,12,875,'K010CB291',158,'29882','26/11/2018',250000,NULL,NULL,NULL,NULL,NULL,NULL,'HVTTK9',NULL,NULL,''),(6218,12,876,'K010CB292',158,'7215','29/11/2018',250000,NULL,NULL,NULL,NULL,NULL,NULL,'HVTTK9',NULL,NULL,'');
/*!40000 ALTER TABLE `danhsachdangkyduthi_hocvien` ENABLE KEYS */;
UNLOCK TABLES;
/*!50003 SET @saved_cs_client      = @@character_set_client */ ;
/*!50003 SET @saved_cs_results     = @@character_set_results */ ;
/*!50003 SET @saved_col_connection = @@collation_connection */ ;
/*!50003 SET character_set_client  = utf8mb4 */ ;
/*!50003 SET character_set_results = utf8mb4 */ ;
/*!50003 SET collation_connection  = utf8mb4_general_ci */ ;
/*!50003 SET @saved_sql_mode       = @@sql_mode */ ;
/*!50003 SET sql_mode              = 'STRICT_TRANS_TABLES,ERROR_FOR_DIVISION_BY_ZERO,NO_AUTO_CREATE_USER,NO_ENGINE_SUBSTITUTION' */ ;
DELIMITER ;;
/*!50003 CREATE*/ /*!50017 DEFINER=`root`@`localhost`*/ /*!50003 TRIGGER `triggerCapNhatDieuChinhTTHV` AFTER UPDATE ON `danhsachdangkyduthi_hocvien` FOR EACH ROW BEGIN
			UPDATE hocvien SET
			GHICHUDC=NEW.GHICHUDIEUCHINH
			WHERE IDHV=NEW.IDHV;
		END */;;
DELIMITER ;
/*!50003 SET sql_mode              = @saved_sql_mode */ ;
/*!50003 SET character_set_client  = @saved_cs_client */ ;
/*!50003 SET character_set_results = @saved_cs_results */ ;
/*!50003 SET collation_connection  = @saved_col_connection */ ;

--
-- Table structure for table `danhsachphongthi`
--

DROP TABLE IF EXISTS `danhsachphongthi`;
/*!40101 SET @saved_cs_client     = @@character_set_client */;
/*!40101 SET character_set_client = utf8 */;
CREATE TABLE `danhsachphongthi` (
  `IDPT` bigint(20) NOT NULL AUTO_INCREMENT,
  `IDDS` bigint(20) DEFAULT NULL,
  `TENGOINHO` varchar(200) DEFAULT NULL,
  `TENTHUCTE` varchar(200) DEFAULT NULL,
  `NGAYTHI` date DEFAULT NULL,
  `GIOLT` varchar(50) DEFAULT NULL,
  `GIOTH` varchar(50) DEFAULT NULL,
  PRIMARY KEY (`IDPT`)
) ENGINE=InnoDB AUTO_INCREMENT=159 DEFAULT CHARSET=utf8;
/*!40101 SET character_set_client = @saved_cs_client */;

--
-- Dumping data for table `danhsachphongthi`
--

LOCK TABLES `danhsachphongthi` WRITE;
/*!40000 ALTER TABLE `danhsachphongthi` DISABLE KEYS */;
INSERT INTO `danhsachphongthi` VALUES (1,2,'1','A203','2018-09-21',NULL,NULL),(2,2,'2','A207','2018-09-21',NULL,NULL),(3,2,'3','C604','2018-09-21',NULL,NULL),(4,2,'4','A206','2018-09-21',NULL,NULL),(5,2,'5','A203','2018-09-21',NULL,NULL),(6,2,'6','A207','2018-09-21',NULL,NULL),(7,2,'7','C204','2018-09-21',NULL,NULL),(8,2,'8','C605','2018-09-21',NULL,NULL),(9,2,'9','A203','2018-09-21',NULL,NULL),(10,2,'10','A207','2018-09-21',NULL,NULL),(11,2,'11','C604','2018-09-21',NULL,NULL),(12,2,'12','C605','2018-09-21',NULL,NULL),(13,2,'13','A203','2018-09-21',NULL,NULL),(14,2,'14','A207','2018-09-21',NULL,NULL),(15,2,'15','C204','2018-09-21',NULL,NULL),(16,2,'16','C605','2018-09-21',NULL,NULL),(28,4,'1','A201','2018-12-06',NULL,NULL),(29,4,'2','A202','2018-12-06',NULL,NULL),(30,4,'3','A202','2018-12-06',NULL,NULL),(31,4,'4','A202','2018-12-06',NULL,NULL),(32,4,'5','A202','2018-12-06',NULL,NULL),(33,4,'6','A202','2018-12-06',NULL,NULL),(34,4,'7','A202','2018-12-06',NULL,NULL),(35,4,'8','A202','2018-12-06',NULL,NULL),(36,4,'9','A202','2018-12-06',NULL,NULL),(37,4,'10','A202','2018-12-06',NULL,NULL),(38,4,'11','A202','2018-12-06',NULL,NULL),(144,12,'1','A203','2018-12-17','18h00-19h00','19h00-20h30'),(145,12,'2','A206','2018-12-17','18h00-19h00','19h00-20h30'),(146,12,'3','A207','2018-12-17','18h00-19h00','19h00-20h30'),(147,12,'4','C604','2018-12-17','18h00-19h00','19h00-20h30'),(148,12,'5','C605','2018-12-17','18h00-19h00','19h00-20h30'),(149,12,'6','A203','2018-12-18','18h00-19h00','19h00-20h30'),(150,12,'7','A206','2018-12-18','18h00-19h00','19h00-20h30'),(151,12,'8','A207','2018-12-18','18h00-19h00','19h00-20h30'),(152,12,'9','C604','2018-12-18','18h00-19h00','19h00-20h30'),(153,12,'10','C605','2018-12-18','18h00-19h00','19h00-20h30'),(154,12,'11','A203','2018-12-19','18h00-19h00','19h00-20h30'),(155,12,'12','A206','2018-12-19','18h00-19h00','19h00-20h30'),(156,12,'13','A207','2018-12-19','18h00-19h00','19h00-20h30'),(157,12,'14','C604','2018-12-19','18h00-19h00','19h00-20h30'),(158,12,'15','C605','2018-12-19','18h00-19h00','19h00-20h30');
/*!40000 ALTER TABLE `danhsachphongthi` ENABLE KEYS */;
UNLOCK TABLES;

--
-- Table structure for table `danhsachphuckhao`
--

DROP TABLE IF EXISTS `danhsachphuckhao`;
/*!40101 SET @saved_cs_client     = @@character_set_client */;
/*!40101 SET character_set_client = utf8 */;
CREATE TABLE `danhsachphuckhao` (
  `IDPK` bigint(20) NOT NULL AUTO_INCREMENT,
  `TENPK` varchar(100) DEFAULT NULL,
  `IDDS` bigint(20) DEFAULT NULL,
  PRIMARY KEY (`IDPK`),
  UNIQUE KEY `TENPK` (`TENPK`)
) ENGINE=InnoDB AUTO_INCREMENT=2 DEFAULT CHARSET=utf8;
/*!40101 SET character_set_client = @saved_cs_client */;

--
-- Dumping data for table `danhsachphuckhao`
--

LOCK TABLES `danhsachphuckhao` WRITE;
/*!40000 ALTER TABLE `danhsachphuckhao` DISABLE KEYS */;
INSERT INTO `danhsachphuckhao` VALUES (1,'Đợt phúc khảo khóa thi 10',12);
/*!40000 ALTER TABLE `danhsachphuckhao` ENABLE KEYS */;
UNLOCK TABLES;

--
-- Table structure for table `danhsachphuckhao_hocvien`
--

DROP TABLE IF EXISTS `danhsachphuckhao_hocvien`;
/*!40101 SET @saved_cs_client     = @@character_set_client */;
/*!40101 SET character_set_client = utf8 */;
CREATE TABLE `danhsachphuckhao_hocvien` (
  `IDPKHV` bigint(20) NOT NULL AUTO_INCREMENT,
  `IDDKTHV` bigint(20) DEFAULT NULL,
  `IDPK` bigint(20) DEFAULT NULL,
  `THILT` bit(1) DEFAULT b'0' COMMENT 'chekc thi LT',
  `THITH` bit(1) DEFAULT b'0' COMMENT 'check thi TH',
  `DIEMLTPK` float DEFAULT NULL,
  `DIEMTHPK` float DEFAULT NULL,
  `GHICHUPK` float DEFAULT NULL,
  `SOBIENLAIPK` varchar(20) DEFAULT NULL,
  `NGAYBIENLAIPK` varchar(20) DEFAULT NULL,
  `PHIPK` decimal(10,0) DEFAULT NULL,
  PRIMARY KEY (`IDPKHV`),
  UNIQUE KEY `IDDKTHV` (`IDDKTHV`)
) ENGINE=InnoDB AUTO_INCREMENT=2 DEFAULT CHARSET=utf8;
/*!40101 SET character_set_client = @saved_cs_client */;

--
-- Dumping data for table `danhsachphuckhao_hocvien`
--

LOCK TABLES `danhsachphuckhao_hocvien` WRITE;
/*!40000 ALTER TABLE `danhsachphuckhao_hocvien` DISABLE KEYS */;
/*!40000 ALTER TABLE `danhsachphuckhao_hocvien` ENABLE KEYS */;
UNLOCK TABLES;

--
-- Table structure for table `hocvien`
--

DROP TABLE IF EXISTS `hocvien`;
/*!40101 SET @saved_cs_client     = @@character_set_client */;
/*!40101 SET character_set_client = utf8 */;
CREATE TABLE `hocvien` (
  `IDHV` bigint(20) NOT NULL AUTO_INCREMENT,
  `MSSV` varchar(50) DEFAULT NULL,
  `HO` varchar(80) DEFAULT NULL,
  `TEN` varchar(50) DEFAULT NULL,
  `CMND` varchar(20) DEFAULT NULL,
  `NGAYSINH` varchar(20) DEFAULT NULL,
  `GIOITINH` varchar(5) DEFAULT NULL,
  `NOISINH` varchar(150) DEFAULT NULL,
  `SDT` varchar(20) DEFAULT NULL,
  `MASOBIENLAI` varchar(100) DEFAULT NULL,
  `NGAYGHIBIENLAI` varchar(100) DEFAULT NULL,
  `GHICHU` varchar(200) DEFAULT NULL,
  `GHICHUDC` varchar(100) DEFAULT NULL,
  PRIMARY KEY (`IDHV`),
  UNIQUE KEY `CMND` (`CMND`)
) ENGINE=InnoDB AUTO_INCREMENT=7492 DEFAULT CHARSET=utf8;
/*!40101 SET character_set_client = @saved_cs_client */;

--
-- Dumping data for table `hocvien`
--

LOCK TABLES `hocvien` WRITE;
/*!40000 ALTER TABLE `hocvien` DISABLE KEYS */;
INSERT INTO `hocvien` VALUES (1,'15006002','Lê Văn','Bình','363943261','14/5/1997','Nam','Hậu Giang','','','','',''),(2,'15005191','Đặng Thị Kim','Chân','331781872','20/02/1997','Nữ','Vĩnh Long','','','','',''),(3,'15006031','Huỳnh Minh','Đẳng','331773525','19/11/1997','Nam','Vĩnh Long','','','','',''),(4,'15006032','Đặng Thanh','Dủng','334902983','05/01/1995','Nam','Trà Vinh','','','','',''),(5,'14003014','Đỗ Hữu Phương','Duy','312285988','24/01/1996','Nam','Tiền Giang','','','','',''),(6,'15006006','Lê Nguyễn Nhật','Duy','331774568','09/01/1997','Nam','Vĩnh Long','','','','',''),(7,'15006007','Nguyễn Thanh','Duy','321580210','20/5/1995','Nam','Bến Tre','','','','',''),(8,'15006008','Lê Thanh','Hải','341907220','04/02/1997','Nam','Đồng Tháp','','','','',''),(9,'14105006','Nguyễn Thị Mỹ','Hân','331799824','17/6/1996','Nữ','Vĩnh Long','','','','',''),(10,'14001022','Nguyễn Công','Hậu','381819670','04/10/1996','Nam','Cà Mau','','','','',''),(11,'Tự do','Nguyễn Việt','Hồng','330940242','28/12/1971','Nam','Sơn La','','','','',''),(12,'14001112','Trần Thị Thanh','Hương','341816960','05/8/1996','Nữ','Vĩnh Long','','','','',''),(13,'14001033','Nguyễn','Huỳnh','341833299','27/5/1996','Nam','Đồng Tháp','','','','',''),(14,'15006014','Trần Tuấn','Kha','341899694','27/5/1997','Nam','Đồng Tháp','','','','',''),(15,'15006012','Lê Hoàn','Khương','331845527','13/12/1997','Nam','Vĩnh Long','','','','',''),(16,'14001038','Đặng Minh','Kiệt','312284195','13/3/1996','Nam','Tiền Giang','','','','',''),(17,'15006013','Nguyễn Phát','Linh','331795271','16/4/1997','Nam','Vĩnh Long','','','','',''),(18,'14004039','Trương Vệ','Linh','331766801','20/11/1996','Nam','Cần Thơ','','','','',''),(19,'14003043','Trần Thành','Lợi','331743934','03/02/1996','Nam','Vĩnh Long','','','','',''),(20,'14001044','Trần Vũ','Lưng','331781594','27/5/1996','Nam','Vĩnh Long','','','','',''),(21,'14001049','Nguyễn Thanh','Nam','331767368','10/5/1995','Nam','Vĩnh Long','','','','',''),(22,'15006014','Nguyễn Thanh','Nghĩa','312437513','25/9/1997','Nam','Tiền Giang','','','','',''),(23,'14001055','Nguyễn Đức','Nhân','331813598','29/3/1996','Nam','Tp. HCM','','','','',''),(24,'15006015','Nguyễn Minh','Nhựt','331820334','15/6/1997','Nam','Vĩnh Long','','','','',''),(25,'14001059','Lê Võ Phi','Phi','334908837','10/3/1996','Nữ','Trà Vinh','','','','',''),(26,'14005084','Nguyễn Hữu','Phú','341904640','25/6/1996','Nam','Đồng Tháp','','','','',''),(27,'15006018','Nguyễn Hoài','Phúc','341901048','24/4/1997','Nam','Đồng Tháp','','','','',''),(28,'14001068','Phạm Hoài','Sang','331763817','01/4/1996','Nam','Vĩnh Long','','','','',''),(29,'15006021','Hà Huy','Thanh','272548057','14/02/1997','Nam','Đồng Nai','','','','',''),(30,'14104031','Phạm Duy','Thanh','331707848','03/02/1995','Nam','Vĩnh Long','','','','',''),(31,'15003144','Bạch Phú','Thiên','341900375','27/3/1997','Nam','Đồng Tháp','','','','',''),(32,'15006022','Đặng Chí','Thiện','331805734','14/02/1997','Nam','Vĩnh Long','','','','',''),(33,'14001084','Nguyễn Minh','Thiện','331765100','25/8/1996','Nam','Vĩnh Long','','','','',''),(34,'14104035','Nguyễn Quốc','Tiến','331823279','01/8/1995','Nam','Vĩnh Long','','','','',''),(35,'15006025','Võ Minh','Trọng','331774747','26/8/1997','Nam','Vĩnh Long','','','','',''),(36,'15006028','Nguyễn Thanh','Tuấn','341932354','01/8/1997','Nam','Đồng Tháp','','','','',''),(37,'15006029','Nguyễn Văn','Tuấn','331795504','13/6/1997','Nam','Cần Thơ','','','','',''),(38,'14001104','Lâm Quốc','Việt','334872707','12/9/1996','Nam','Trà Vinh','','','','',''),(39,'16108034','Trần Thanh','Việt','352519919','09/3/1998','Nam','An Giang','','','','',''),(40,'15006030','Nguyễn Đoàn Phát','Vinh','331797281','06/02/1997','Nam','Vĩnh Long','','','','',''),(41,'P.TCHC','Tô Tuấn','An','331589858','16/11/1988','Nam','Vĩnh Long','','','','',''),(42,'P. CTHSSV','Trần Tuấn','Anh','331103625','5/18/1905','Nam','Nam Định','','','','',''),(43,'P. CTHSSV','Đặng Hải','Đăng','371347007','20/6/1990','Nam','Kiên Giang','','','','',''),(44,'Tự do','Lê Minh','Điền','321431499','15/7/1993','Nam','Bến Tre','','','','',''),(45,'P. CTHSSV','Trần Công','Hải','330728353','05/7/1965','Nam','Vĩnh Long','','','','',''),(46,'P.KT&ĐBCL','Đặng Nguyễn Thảo','Hiền','334555432','15/4/1990','Nữ','Vĩnh Long','','','','',''),(47,'P. CTHSSV','Huỳnh Thị Thuỳ','Linh','321368222','28/11/1989','Nữ','Bến Tre','','','','',''),(48,'TT. ĐTBD','Lê Thị Thuỳ','Linh','331414562','10/02/1983','Nữ','Vĩnh Long','','','','',''),(49,'TT. ĐTBD','Phan Hoàng','Mau','331124099','10/11/1968','Nam','Bến Tre','','','','',''),(50,'TT. ĐTBD','Nguyễn Nghiêm Thái','Minh','331221338','18/7/1978','Nữ','Vĩnh Long','','','','',''),(51,'P. CTHSSV','Nguyễn Thành','Nhân','331437407','29/3/1984','Nam','Vĩnh Long','','','','',''),(52,'Tự do','Nguyễn Thái Thuyền','Quyên','330941297','5/22/1905','Nữ','Vĩnh Long','','','','',''),(53,'P.TCHC','Nguyễn Minh','Sang','331261371','07/12/1978','Nam','Vĩnh Long','','','','',''),(54,'P.CTHSSV','Nguyễn Thị Mộng','Thu','311899061','16/3/1986','Nữ','Tiền Giang','','','','',''),(55,'P. QTTB','Nguyễn Quang','Tuyến','331176959','11/9/1965','Nam','Thanh Hoá','','','','',''),(56,'P.TCHC','Vũ Trung','Kiên','172374454','24/3/1983','Nam','Thanh Hoá','','','','',''),(57,'Khoa CKĐL','Nguyễn Thái','Vân','331345305','08/7/1981','Nam','Vĩnh Long','','','','',''),(172,'14003001','Chiêm Hoàng','An','371738994','09/12/1996','Nam','Kiên Giang','','','','',NULL),(173,'Tự do','Lê Thái','An','331734117','06/9/1992','Nam','Vĩnh Long','','','','',NULL),(174,'16105001','Lê Võ Duy','Anh','331799469','01/10/1997','Nam','Vĩnh Long','','','','',NULL),(175,'14101003','Nguyễn Ngọc','Băng','331811103','24/4/1996','Nam','Vĩnh Long','','','','',NULL),(176,'15126002','Kha Chí','Bảo','331760499','19/3/1996','Nam','Vĩnh Long','','','','',NULL),(177,'16011005','Huỳnh Thị Ngọc','Bích','334980349','05/6/1998','Nữ','Trà Vinh','','','','',NULL),(178,'16101007','Hồ Huy','Bình','331806445','01/12/1998','Nam','Vĩnh Long','','','','',NULL),(179,'16001009','Nguyễn Thới','Bình','092098000674','28/11/1998','Nam','Cần Thơ','','','','',NULL),(180,'16001009','Trần Nhựt','Bình','331747248','16/7/1995','Nam','Vĩnh Long','','','','',NULL),(181,'16101009','Nguyễn Văn Bá','Cẩn','331839139','07/3/1998','Nam','Vĩnh Long','','','','',NULL),(182,'15001010','Phạm Dương','Cảnh','363867439','02/11/1997','Nam','Hậu Giang','','','','',NULL),(183,'15001011','Nguyễn Trung','Chánh','331844940','12/12/1997','Nam','Vĩnh Long','','','','',NULL),(184,'16105004','Trịnh Thị Mỹ','Chi','331805568','20/10/1998','Nữ','Tiền Giang','','','','',NULL),(185,'14101008','Đỗ Nguyễn','Chương','331796380','12/3/1996','Nam','Vĩnh Long','','','','',NULL),(186,'16006028','Trần Văn','Chương','334963715','07/8/1998','Nam','Trà Vinh','','','','',NULL),(187,'Tự do','Trần Chí','Công','331217282','15/7/1977','Nam','Vĩnh Long','','','','',NULL),(188,'16011006','Đoàn Kim','Cương','381904115','12/4/1998','Nữ','Cà Mau','','','','',''),(189,'16101178','Phan Văn','Cương','363936514','17/12/1998','Nam','Hậu Giang','','','','',NULL),(190,'15003013','Trần Minh','Cường','331749215','12/10/1996','Nam','Vĩnh Long','','','','',NULL),(191,'14001015','Nguyễn Châu Nghĩa','Đảm','331749548','28/7/1996','Nam','Vĩnh Long','','','','',NULL),(192,'15001018','Lê Phước','Đăng','366195458','03/01/1997','Nam','Sóc Trăng','','','','',NULL),(193,'15001020','Mạch Công','Danh','341898025','15/12/1997','Nam','Đồng Tháp','','','','',NULL),(194,'15001021','Nguyễn Nhật','Danh','241547677','07/4/1997','Nam','Đắk Lắk','','','','',NULL),(195,'16124002','Trần Công','Danh','312384241','29/11/1998','Nam','Tiền Giang','','','','',NULL),(196,'16007004','Đồng Thị Trúc','Đào','331833139','10/4/1997','Nữ','Vĩnh Long','','','','',NULL),(197,'16103029','Bùi Văn Tiến','Đạt','331774695','04/5/1997','Nam','Vĩnh Long','','','','',NULL),(198,'16101015','Nguyễn Ngọc','Đạt','331806702','12/8/1998','Nam','Vĩnh Long','','','','',NULL),(199,'17013002','Trần Kế','Đô','312453659','17/02/1998','Nam','Đồng Tháp','','','','',NULL),(200,'16105041','Trần Lê','Đông','331803101','20/01/1997','Nam','Vĩnh Long','','','','',NULL),(201,'14101016','Huỳnh Duy','Đức','331785993','17/6/1996','Nam','Vĩnh Long','','','','',NULL),(202,'16001029','Trương Huỳnh','Đức','366188689','11/02/1998','Nam','Sóc Trăng','','','','',NULL),(204,'15001036','Bùi Đức','Dương','241548601','02/7/1997','Nam','Đắk Lắk','','','','',NULL),(205,'14003018','Nguyễn Công','Dương','331782506','20/8/1996','Nam','Vĩnh Long','','','','',NULL),(206,'15001039','Trần Trương','Dương','362493122','17/3/1997','Nam','Cần Thơ','','','','',NULL),(207,'16101026','Dương Nhựt','Duy','385722247','24/02/1998','Nam','Bạc Liêu','','','','',NULL),(208,'15001043','Ngô Thái','Duy','331803014','21/3/1997','Nam','Vĩnh Long','','','','',NULL),(209,'16103003','Nguyễn Đức','Duy','331749702','15/5/1996','Nam','Vĩnh Long','','','','',NULL),(210,'14001014','Phạm Quốc','Duy','312290585','28/02/1996','Nam','Tiền Giang','','','','',NULL),(211,'15001046','Phạm Thanh','Duy','331832480','14/3/1997','Nam','Vĩnh Long','','','','',NULL),(212,'15001047','Tiêu Hoàng','Duy','385698645','15/10/1997','Nam','Bạc Liêu','','','','',NULL),(213,'14101017','Lương Phước','Em','331747271','18/8/1995','Nam','Vĩnh Long','','','','',NULL),(214,'15005123','Phan Thị','Ê-Ríc','341850756','07/02/1997','Nữ','Đồng Tháp','','','','',NULL),(215,'16101028','Lê Minh','Giang','366156636','04/9/1996','Nam','Sóc Trăng','','','','',NULL),(216,'15001049','Nguyễn Thành Trường','Giang','331802169','26/01/1997','Nam','Vĩnh Long','','','','',NULL),(217,'15001050','Lê Thành','Giăng','331809153','04/11/1997','Nam','Vĩnh Long','','','','',NULL),(218,'15001222','Võ Hoàng','Hà','312330580','10/6/1997','Nam','Tiền Giang','','','','',NULL),(219,'16101030','Nguyễn Thanh','Hạ','331806715','20/6/1998','Nam','Vĩnh Long','','','','',NULL),(220,'16001043','Phạm Hữu','Hải','331809308','10/02/1998','Nam','Vĩnh Long','','','','',NULL),(221,'16108039','Bùi Anh','Hào','331866049','19/3/1998','Nam','Vĩnh Long','','','','',NULL),(222,'16101034','Lâm Minh','Hào','331855576','19/11/1998','Nam','Vĩnh Long','','','','',NULL),(223,'17003049','Nguyễn Nhựt','Hào','331887274','19/8/1999','Nam','Vĩnh Long','','','','',NULL),(224,'16001045','Nguyễn Thanh','Hào','215457417','25/4/1998','Nam','Bình Định','','','','',NULL),(225,'16101035','Bùi Thị Tố','Hảo','331806223','02/10/1998','Nữ','Vĩnh Long','','','','',NULL),(226,'16001038','Phạm Phước','Hậu','331806471','30/10/1998','Nam','Vĩnh Long','','','','',NULL),(227,'15001056','Thái Bảo','Hậu','341818891','17/8/1997','Nam','Đồng Tháp','','','','',NULL),(228,'17003054','Phan Thị Thu','Hiền','331838176','01/7/1999','Nữ','Vĩnh Long','','','','',NULL),(229,'16101042','Nguyễn Minh','Hiếu','331800967','25/6/1998','Nam','Vĩnh Long','','','','',NULL),(230,'16101041','Nguyễn Minh','Hiếu','341979947','07/7/1998','Nam','Đồng Tháp','','','','',NULL),(231,'16001054','Phạm Lê Trọng','Hiếu','341928470','18/10/1998','Nam','Đồng Tháp','','','','',NULL),(232,'13106038','Phạm Trung','Hiếu','341714950','18/01/1994','Nam','Đồng Tháp','','','','',NULL),(233,'16001055','Hồ Văn','Hồ','362523681','05/10/1998','Nam','Cần Thơ','','','','',NULL),(234,'14003028','Nguyễn Quang','Hoà','331813914','07/10/1996','Nam','Vĩnh Long','','','','',NULL),(235,'16008022','Nguyễn Tấn','Hoà','341965283','23/02/1998','Nam','Đồng Tháp','','','','',NULL),(236,'14101025','Nguyễn Vũ','Hoàng','331773714','09/01/1996','Nam','Vĩnh Long','','','','',NULL),(237,'15001061','Tống Văn','Hoàng','241794758','05/10/1997','Nam','Đắk Lắk','','','','',NULL),(238,'15001062','Trương Minh','Học','321492793','28/9/1994','Nam','Bến Tre','','','','',NULL),(239,'16101043','Võ Khoa','Học','341823631','21/7/1997','Nam','Đồng Tháp','','','','',NULL),(240,'16005035','Phạm Thúy','Hồng','331806385','21/10/1998','Nữ','Vĩnh Long','','','','',NULL),(241,'17010048','Ngô Hồng','Huế','342020270','20/9/1999','Nữ','Đồng Tháp','','','','',NULL),(242,'16101045','Huỳnh Phúc','Hưng','331868428','25/4/1998','Nam','Vĩnh Long','','','','',NULL),(243,'16001061','La Nguyễn Phước','Hưng','331843059','08/01/1998','Nam','Vĩnh Long','','','','',NULL),(244,'16006029','Nguyễn Vĩnh','Hưng','334917538','19/02/1997','Nam','Trà Vinh','','','','',NULL),(245,'15001067','Mai Khắc','Huy','331811110','18/11/1997','Nam','Vĩnh Long','','','','',NULL),(246,'15006009','Nguyễn Quang','Huy','331776664','01/5/1997','Nam','Vĩnh Long','','','','',NULL),(247,'16008025','Nguyễn Tấn','Huy','341900162','25/9/1998','Nam','Đồng Tháp','','','','',NULL),(248,'16103005','Nguyễn Tấn','Huy','331872926','09/5/1998','Nam','Đồng Tháp','','','','',NULL),(249,'14001113','Nguyễn Thanh','Huy','331749653','07/01/1996','Nam','Vĩnh Long','','','','',NULL),(250,'16008026','Tạ Hoàng','Huy','331868165','30/10/1998','Nam','Vĩnh Long','','','','',NULL),(251,'15001072','Phạm Hoàng','Huynh','363871144','23/9/1997','Nam','Hậu Giang','','','','',NULL),(252,'16001069','Hà Anh','Huỳnh','331819434','04/5/1998','Nam','Vĩnh Long','','','','',NULL),(253,'Tự do','Lê','Huỳnh','331535093','27/9/1988','Nam','Vĩnh Long','','','','',NULL),(254,'16001072','Bùi Văn','Kha','331802471','25/4/1998','Nam','Vĩnh Long','','','','',NULL),(255,'16103007','Huỳnh Quốc','Kha','331868243','18/9/1998','Nam','Vĩnh Long','','','','',NULL),(256,'14004027','Phan Hoàng','Kha','331746229','27/4/1996','Nam','Vĩnh Long','','','','',NULL),(257,'16008029','Nguyễn Quang','Khải','331841178','30/7/1998','Nam','Vĩnh Long','','','','',NULL),(258,'15001077','Lê Võ Minh','Khang','341825376','13/5/1997','Nam','Đồng Tháp','','','','',NULL),(259,'16103008','Nguyễn Minh','Khang','331807530','27/7/1997','Nam','Trà Vinh','','','','',NULL),(260,'16003027','Nguyễn Tuấn','Khang','341971849','05/01/1998','Nam','Đồng Tháp','','','','',NULL),(261,'16001077','Trịnh Hoàng','Khang','385756707','02/3/1998','Nam','Cần Thơ','','','','',NULL),(262,'16101046','Nguyễn Công','Khanh','341900310','22/4/1998','Nam','Đồng Tháp','','','','',NULL),(263,'16101047','Nguyễn Quốc','Khanh','331829426','28/3/1998','Nam','Vĩnh Long','','','','',NULL),(264,'16001082','Đinh Duy','Khánh','334908412','21/6/1998','Nam','Trà Vinh','','','','',NULL),(265,'16124003','Phan Ngọc','Khánh','312384351','01/11/1998','Nam','Tiền Giang','','','','',NULL),(266,'14003035','Trần Duy','Khánh','331768092','25/5/1996','Nam','Vĩnh Long','','','','',NULL),(267,'Tự do','Đỗ Đăng','Khoa','331500200','06/8/1987','Nam','Vĩnh Long','','','','',NULL),(268,'16001084','Lê Tân','Khoa','385773921','17/7/1998','Nam','Bạc Liêu','','','','',NULL),(269,'15003066','Nguyễn Đăng','Khoa','331808114','21/11/1997','Nam','Vĩnh Long','','','','',NULL),(270,'14003036','Phạm Nguyễn Tấn','Khoa','331765351','21/9/1996','Nam','Vĩnh Long','','','','',NULL),(271,'16008100','Trần Thanh','Khoa','331858822','06/6/1998','Nam','Vĩnh Long','','','','',NULL),(272,'15001087','Phan Chương Anh','Khôi','331815057','15/4/1997','Nam','Vĩnh Long','','','','',NULL),(273,'16001085','Trương Đình','Khôi','363903961','09/4/1998','Nam','Cần Thơ','','','','',NULL),(274,'17003088','Lê Trung','Kiên','331833085','11/8/1999','Nam','Vĩnh Long','','','','',NULL),(275,'16101052','Trần Tuấn','Kiệt','331795538','15/9/1997','Nam','Vĩnh Long','','','','',NULL),(276,'16127036','Võ Anh','Kiệt','331813910','25/7/1998','Nam','Vĩnh Long','','','','',NULL),(277,'16101054','Dương Phụng','Kiều','331802158','23/5/1998','Nữ','Vĩnh Long','','','','',NULL),(278,'17003091','Lê Thị Thuý','Kiều','334972998','15/11/1999','Nữ','Trà Vinh','','','','',NULL),(279,'16101055','Trần Phước','Lai','341932367','24/6/1998','Nam','Đồng Tháp','','','','',NULL),(280,'16008036','Nguyễn Đắc','Lam','341876185','03/10/1997','Nam','Đồng Tháp','','','','',NULL),(281,'15003070','Hồ Thanh','Lâm','341900095','15/8/1997','Nam','Đồng Tháp','','','','',NULL),(282,'16001089','Phan Võ','Lâm','352442380','10/3/1998','Nam','An Giang','','','','',NULL),(283,'15001089','Huỳnh Công','Lập','366208061','20/4/1997','Nam','Sóc Trăng','','','','',NULL),(284,'16101056','Huỳnh Nhật','Linh','331806649','21/5/1998','Nam','Trà Vinh','','','','',NULL),(285,'16008039','Nguyễn Khánh','Linh','331858018','12/3/1998','Nam','Vĩnh Long','','','','',NULL),(286,'17003093','Nguyễn Thị Trúc','Linh','331856719','04/01/1999','Nữ','Vĩnh Long','','','','',NULL),(287,'16008037','Trịnh Hoàng','Linh','334908896','29/8/1998','Nam','Trà Vinh','','','','',NULL),(288,'16101059','Hà Thêm','Lộc','366126218','09/9/1996','Nam','Sóc Trăng','','','','',NULL),(289,'16001098','Nguyễn Phát','Lộc','331857345','31/01/1998','Nam','Vĩnh Long','','','','',NULL),(290,'16103010','Nguyễn Tấn','Lộc','331832747','09/10/1998','Nam','Vĩnh Long','','','','',NULL),(291,'14005053','Nguyễn Thành','Lộc','312289001','06/10/1996','Nam','Tiền Giang','','','','',NULL),(292,'16001097','Trần Thành','Lộc','341846911','20/01/1997','Nam','Đồng Tháp','','','','',NULL),(293,'16001101','Lâm An','Lợi','312453022','15/9/1998','Nam','Tiền Giang','','','','',NULL),(294,'15003078','Nguyễn Hửu','Lợi','331767960','13/02/1997','Nam','Vĩnh Long','','','','',NULL),(295,'16103011','Trần Lê','Lợi','331809287','12/8/1998','Nam','Vĩnh Long','','','','',NULL),(296,'16008043','Nguyễn Thành','Long','334883989','06/01/1998','Nam','Trà Vinh','','','','',NULL),(297,'14104014','Tiền Văn','Lượng','363804196','14/12/1995','Nam','Hậu Giang','','','','',NULL),(298,'16105019','Trương Thị Trúc','Ly','331858801','04/8/1998','Nữ','Vĩnh Long','','','','',NULL),(299,'Tự do','Trần Như Huỳnh','Mai','331790045','20/12/1995','Nữ','Vĩnh Long','','','','',NULL),(300,'17003103','Phạm Thế','Mạnh','152165458','09/3/1998','Nam','Thái Bình','','','','',NULL),(301,'16101063','Trần Đức','Mạnh','381865874','11/9/1998','Nam','Cà Mau','','','','',NULL),(302,'16001110','Lương Huy','Mẫu','352436644','30/6/1998','Nam','An Giang','','','','',NULL),(303,'16101064','Nguyễn Ngọc','Mến','331840104','01/01/1998','Nam','An Giang','','','','',NULL),(304,'16001112','Lê Tuấn','Minh','371924292','08/9/1998','Nam','Kiên Giang','','','','',NULL),(305,'14002018','Nguyễn Cao','Minh','331751250','24/12/1994','Nam','Vĩnh Long','','','','',NULL),(306,'16001111','Nguyễn Tôn','Minh','331839152','20/8/1998','Nam','Vĩnh Long','','','','',NULL),(307,'17003109','Lê Hoài','Nam','371967542','28/02/1999','Nam','Vĩnh Phúc','','','','',NULL),(308,'Tự do','Lê Phương','Nam','331330260','09/8/1982','Nam','Vĩnh Long','','','','',NULL),(309,'17003108','Lê Thanh','Nam','352336819','19/6/1998','Nam','An Giang','','','','',NULL),(310,'16001117','Nguyễn Bảo','Nam','381865486','23/10/1997','Nam','Cà Mau','','','','',NULL),(311,'16001114','Nguyễn Hoài','Nam','331858570','25/01/1998','Nam','Vĩnh Long','','','','',NULL),(312,'16001116','Phạm Nguyễn Phương Hoài','Nam','312334734','25/4/1998','Nam','Vũng Tàu','','','','',NULL),(313,'16101067','Sơn Hoàng','Nam','331814666','21/01/1998','Nam','Vĩnh Long','','','','',NULL),(314,'16101068','Nguyễn Văn','Nang','334866584','30/4/1997','Nam','Trà Vinh','','','','',NULL),(315,'16103012','Lâm Văn','Ngà','334624096','24/5/1993','Nam','Trà Vinh','','','','',NULL),(316,'16008047','Nguyễn Châu','Nghĩa','334945521','12/7/1998','Nam','Trà Vinh','','','','',NULL),(317,'14103036','Trần Hữu','Nghĩa','331769166','25/9/1995','Nam','Vĩnh Long','','','','',NULL),(318,'16101070','Trương Trọng','Nghĩa','331806653','20/6/1998','Nam','Vĩnh Long','','','','',NULL),(319,'16006014','Trương Trung','Nghĩa','341903157','16/8/1998','Nam','Đồng Tháp','','','','',NULL),(320,'14101045','Nguyễn Văn','Ngoan','341743039','16/4/1995','Nam','Đồng Tháp','','','','',NULL),(321,'16105043','Lê Hồng','Ngọc','331828607','24/02/1997','Nữ','Vĩnh Long','','','','',NULL),(322,'16011019','Lê Trương Kim','Ngọc','331865718','22/12/1998','Nữ','Vĩnh Long','','','','',NULL),(323,'16001124','Ngô Tài','Nguyên','331806857','31/12/1998','Nam','Vĩnh Long','','','','',NULL),(324,'16127037','Nguyễn Lê Bình','Nguyên','331825376','25/12/1996','Nam','Vĩnh Long','','','','',NULL),(325,'16101075','Nguyễn Nhựt','Nguyên','331775852','20/5/1998','Nam','Vĩnh Long','','','','',NULL),(326,'15001112','Nguyễn Phước','Nguyên','341852485','10/7/1997','Nam','Đồng Tháp','','','','',NULL),(327,'15001113','Trần Trí','Nguyên','352422393','01/11/1997','Nam','An Giang','','','','',NULL),(328,'17003116','Lê Như','Nguyện','341931203','16/3/1999','Nam','Đồng Tháp','','','','',NULL),(329,'15001115','Trần Thanh','Nhã','341924878','22/11/1997','Nam','Đồng Tháp','','','','',NULL),(330,'16001126','Trương Hoài','Nhã','371883265','09/02/1998','Nam','Kiên Giang','','','','',NULL),(331,'16101076','Nguyễn Dương Trọng','Nhân','371848434','22/8/1998','Nam','Kiên Giang','','','','',NULL),(332,'16011020','Lê Thị Ngọc','Nhạn','312297353','21/01/1997','Nữ','Tiền Giang','','','','',NULL),(333,'15001118','Đinh Thị Yến','Nhi','352263849','02/10/1997','Nữ','An Giang','','','','',NULL),(334,'17013017','Võ Minh','Nhí','312453470','30/6/1998','Nam','Tiền Giang','','','','',NULL),(335,'16001131','Đoàn Thành','Nhơn','371924666','13/4/1998','Nam','Kiên Giang','','','','',NULL),(336,'15001119','Phạm Đặng Quỳnh','Như','331843775','12/11/1997','Nữ','Vĩnh Long','','','','',NULL),(337,'16105023','Nguyễn Thị Hoà Cẩm','Nhung','331838413','29/10/1998','Nữ','Vĩnh Long','','','','',NULL),(338,'16001133','Phạm Thị Hồng','Phấn','331865803','09/8/1998','Nữ','Vĩnh Long','','','','',NULL),(339,'15126020','Nguyễn Hoàng','Phận','366120710','25/8/1995','Nam','Sóc Trăng','','','','',NULL),(340,'14001058','Khấu Tấn','Phát','331744867','03/3/1996','Nam','Vĩnh Long','','','','',NULL),(341,'15006017','Nguyễn Tấn','Phát','215480958','30/9/1997','Nam','Bình Định','','','','',NULL),(342,'15001125','Nguyễn Tấn','Phát','341932702','23/10/1997','Nam','Đồng Tháp','','','','',NULL),(343,'16108041','Nguyễn Trường','Phát','331800639','11/01/1998','Nam','Tp.HCM','','','','',NULL),(344,'17003123','Lê Hồng','Phong','331852227','05/10/1999','Nam','Vĩnh Long','','','','',NULL),(345,'16103014','Nguyễn Chí','Phong','331769111','19/01/1996','Nam','Vĩnh Long','','','','',NULL),(346,'15003104','Nguyễn Kỳ','Phong','341827044','21/7/1997','Nam','Đồng Tháp','','','','',NULL),(347,'16101084','Nguyễn Thanh','Phong','331800812','09/10/1998','Nam','Vĩnh Long','','','','',NULL),(348,'15001129','Nguyễn Thanh','Phong','241548622','15/6/1997','Nam','Đắk Lắk','','','','',NULL),(349,'15003106','Võ Hải','Phòng','331765268','19/01/1997','Nam','Vĩnh Long','','','','',NULL),(350,'15003108','Lê Thiên','Phú','371787980','20/7/1997','Nam','Kiên Giang','','','','',NULL),(351,'16124005','Lê Văn','Phú','312370088','22/8/1998','Nam','Tiền Giang','','','','',NULL),(353,'16103015','Lâm Huỳnh','Phúc','321740593','09/9/1998','Nam','Bến Tre','','','','',NULL),(354,'17003130','Nguyễn Tấn','Phúc','341991172','03/10/1999','Nam','Đồng Tháp','','','','',NULL),(355,'15001137','Nguyễn Văn','Phúc','331842002','27/02/1997','Nam','Đồng Tháp','','','','',NULL),(356,'17003132','Lê Hữu','Phước','331818595','18/02/1999','Nam','Vĩnh Long','','','','',NULL),(357,'15120163','Trần Hoàng','Phước','331788909','20/10/1995','Nam','Vĩnh Long','','','','',NULL),(358,'16001146','Nguyễn Hoài','Phương','341951101','27/12/1998','Nam','Đồng Tháp','','','','',NULL),(359,'16008054','Nguyễn Thành','Phương','331834132','12/9/1998','Nam','Tp.HCM','','','','',NULL),(360,'16105024','Nguyễn Thị Trúc','Phương','331835553','21/7/1998','Nữ','Vĩnh Long','','','','',NULL),(361,'16001148','Võ Trung','Quân','341951358','19/5/1998','Nam','Đồng Tháp','','','','',NULL),(362,'16001151','Trần Minh','Quang','341957546','20/10/1998','Nam','Đồng Tháp','','','','',NULL),(363,'17003141','Đỗ Minh','Qui','092099003705','10/02/1999','Nam','Cần Thơ','','','','',NULL),(364,'16001154','Lê Thành Công','Quí','331814788','21/10/1998','Nam','Cần Thơ','','','','',NULL),(365,'15003120','Huỳnh Lê Thiên','Quốc','331795358','01/02/1997','Nam','Vĩnh Long','','','','',NULL),(366,'15003121','Lê Anh','Quốc','301589448','16/6/1997','Nam','Long An','','','','',NULL),(367,'16105026','Võ Thị Trúc','Quyên','331867457','27/9/1998','Nữ','Vĩnh Long','','','','',NULL),(368,'16005200','Hồ Thị Phượng','Quỳnh','331813626','24/10/1997','Nữ','Vĩnh Long','','','','',NULL),(369,'15001146','Nguyễn Bảo','Sang','331800587','17/11/1997','Nam','Vĩnh Long','','','','',NULL),(370,'17003144','Nguyễn Trần Thanh','Sang','321607203','18/5/1999','Nam','Bến Tre','','','','',NULL),(371,'16103017','Trần Minh','Sang','331827096','24/11/1998','Nam','Vĩnh Long','','','','',NULL),(372,'16001157','Cao Hà','Sanh','331801841','20/12/1998','Nam','Vĩnh Long','','','','',NULL),(373,'17013020','Trần Văn','Sỉ','366216097','15/6/1999','Nam','Sóc Trăng','','','','',NULL),(374,'16001158','Lê Phú Tuấn','Sơn','341969344','19/10/1998','Nam','Đồng Tháp','','','','',NULL),(375,'16127039','Lê Văn','Sơn','331843066','26/01/1998','Nam','Hà Tây','','','','',NULL),(376,'14003079','Nguyễn Hoàng','Sơn','312253318','10/11/1995','Nam','Tiền Giang','','','','',NULL),(377,'16103018','Võ Thanh','Sơn','341932216','29/10/1998','Nam','Đồng Tháp','','','','',NULL),(378,'16001160','Lê Tấn','Tài','331866033','01/01/1998','Nam','Vĩnh Long','','','','',NULL),(379,'17003151','Lê Công','Tâm','331857735','19/9/1999','Nam','Vĩnh Long','','','','',NULL),(380,'15001155','Nguyễn Hoài','Tâm','331842948','30/11/1997','Nam','Vĩnh Long','','','','',NULL),(381,'15005127','Nguyễn Thanh','Tâm','331773108','03/5/1997','Nam','Vĩnh Long','','','','',NULL),(382,'17003154','Trần Huy','Tâm','352471269','21/7/1998','Nam','An Giang','','','','',NULL),(383,'17003152','Trần Thanh','Tâm','331888270','19/02/1999','Nam','Vĩnh Long','','','','',NULL),(384,'14104028','Châu Nhựt','Tân','331793628','10/12/1996','Nam','Vĩnh Long','','','','',NULL),(385,'17007039','Mai Phú','Tân','331828063','09/01/1999','Nam','Vĩnh Long','','','','',NULL),(386,'15001159','Nguyễn Hoàng','Tân','334915428','16/11/1997','Nam','Trà Vinh','','','','',NULL),(387,'17003157','Nguyễn Minh','Tân','341828580','24/11/1999','Nam','Đồng Tháp','','','','',NULL),(388,'14003085','Võ Lê Minh','Tân','331780568','12/12/1996','Nữ','Vĩnh Long','','','','',NULL),(389,'15001160','Nguyễn Minh','Tấn','331776785','31/10/1997','Nam','Vĩnh Long','','','','',NULL),(390,'16001166','Lê Nguyễn Quốc','Thái','331855488','19/3/1998','Nam','Vĩnh Long','','','','',NULL),(391,'15001162','Trần Nguyên','Thắng','331815950','13/6/1997','Nam','Vĩnh Long','','','','',NULL),(392,'16101119','Mai Hữu','Thanh','331773559','14/11/1997','Nam','Vĩnh Long','','','','',NULL),(393,'16008086','Nguyễn Văn','Thanh','331866447','06/7/1998','Nam','Vĩnh Long','','','','',NULL),(394,'16001171','Võ Hoàng','Thanh','331815530','22/5/1998','Nam','Vĩnh Long','','','','',NULL),(395,'16001172','Châu Thuận','Thành','331858309','18/5/1998','Nữ','Vĩnh Long','','','','',NULL),(396,'15001164','Nguyễn Bá','Thành','341850504','17/01/1997','Nam','Đồng Tháp','','','','',NULL),(397,'14103054','Nguyễn Quốc','Thành','331826179','25/5/1996','Nam','Vĩnh Long','','','','',NULL),(398,'16001173','Trần Minh','Thành','331809011','25/12/1998','Nam','Vĩnh Long','','','','',NULL),(399,'15001165','Trần Phước','Thành','331821092','04/11/1997','Nam','Vĩnh Long','','','','',NULL),(400,'15001166','Trịnh Trần Công','Thành','331746932','11/8/1997','Nam','Vĩnh Long','','','','',NULL),(401,'16103022','Võ Minh','Thành','331774378','15/02/1997','Nam','Vĩnh Long','','','','',NULL),(402,'16001174','Võ Văn','Thạnh','312351876','16/02/1998','Nam','Tiền Giang','','','','',NULL),(403,'15005135','Nguyễn Thị Thu','Thảo','321593511','22/02/1997','Nữ','Bến Tre','','','','',NULL),(404,'15005136','Nguyễn Thị Huyền','Thi','341833621','21/8/1997','Nữ','Đồng Tháp','','','','',NULL),(405,'16008073','Phan Minh','Thiện','331867111','15/12/1998','Nam','Vĩnh Long','','','','',NULL),(406,'15001171','Phan Văn','Thiện','341883037','21/6/1997','Nam','Đồng Tháp','','','','',NULL),(407,'15001172','Đào Duy','Thịnh','264516737','18/8/1997','Nam','Ninh Thuận','','','','',NULL),(408,'17003166','Nguyễn Hữu','Thịnh','312512639','10/5/1999','Nam','Tiền Giang','','','','',NULL),(409,'16001176','Võ Huỳnh Gia','Thịnh','321730737','20/01/1998','Nam','Bến Tre','','','','',NULL),(410,'14104034','Lê Nhật','Thọ','331728382','03/5/1996','Nam','Vĩnh Long','','','','',NULL),(411,'15001175','Nguyễn Hữu','Thọ','341851082','07/9/1997','Nam','Vĩnh Long','','','','',NULL),(412,'15001178','Cao Trí','Thông','331774717','02/7/1997','Nam','Vĩnh Long','','','','',NULL),(413,'15003150','Huỳnh Dương Bá','Thông','352335585','01/03/1997','Nam','Đồng Tháp','','','','',NULL),(414,'17003169','Nguyễn Minh','Thông','341827190','30/4/1999','Nam','Đồng Tháp','','','','',NULL),(415,'15001179','Nguyễn Minh','Thông','331833508','13/3/1997','Nam','Vĩnh Long','','','','',NULL),(416,'16001179','Phạm Vạn','Thông','352441238','22/01/1998','Nam','An Giang','','','','',NULL),(417,'15001180','Võ Hoàng','Thông','331820066','17/11/1997','Nam','Vĩnh Long','','','','',NULL),(418,'16001182','Huỳnh Thị Cẩm','Thu','331829414','03/10/1998','Nữ','Vĩnh Long','','','','',NULL),(419,'15003151','Tạ Khánh','Thư','331829184','13/11/1997','Nữ','Vĩnh Long','','','','',NULL),(420,'16101124','Nguyễn Bình','Thuận','331805500','30/12/1998','Nam','Vĩnh Long','','','','',NULL),(421,'15001181','Trần Minh','Thuận','331777761','24/7/1997','Nam','Vĩnh Long','','','','',NULL),(422,'16008076','Nguyễn Công','Thức','331809340','26/4/1998','Nam','Vĩnh Long','','','','',NULL),(423,'15001182','Nguyễn Lê Hoài','Thương','331829477','15/11/1997','Nữ','Vĩnh Long','','','','',NULL),(424,'15001184','Hồ Huỳnh','Tiến','371791864','03/7/1995','Nam','Kiên Giang','','','','',NULL),(425,'14008046','Nguyễn Minh','Tiến','331768008','24/7/1996','Nam','Vĩnh Long','','','','',NULL),(426,'14008047','Trần Nhựt','Tiến','331768151','13/11/1996','Nam','Cần Thơ','','','','',NULL),(427,'17003174','Huỳnh Đắc Sơn','Tiền','341950879','08/01/1999','Nam','Đồng Tháp','','','','',NULL),(428,'14003121','Nguyễn Thị Mộng','Tiền','331766011','03/9/1995','Nữ','Vĩnh Long','','','','',NULL),(429,'14001092','Hồ Thanh','Tín','331776938','07/7/1996','Nam','Vĩnh Long','','','','',NULL),(430,'16101133','Nguyễn Hữu','Tín','331838425','01/05/1998','Nam','Vĩnh Long','','','','',NULL),(431,'16001190','Danh Hoàng','Tính','371909037','30/10/1998','Nam','Kiên Giang','','','','',NULL),(432,'16001191','Dương Việt','Toàn','331800860','27/8/1998','Nam','Vĩnh Long','','','','',NULL),(433,'15001190','Nguyễn Nhật','Toàn','331774168','08/3/1997','Nam','Vĩnh Long','','','','',NULL),(434,'14005112','Nguyễn Ngọc','Trâm','331728716','26/01/1996','Nữ','Vĩnh Long','','','','',NULL),(435,'16008016','Nguyễn Thị Ngọc','Trâm','331816525','01/12/1998','Nữ','Vĩnh Long','','','','',NULL),(436,'16105032','Trần Thị Huyền','Trân','331814277','12/12/1997','Nữ','Vĩnh Long','','','','',NULL),(437,'17008227','Nguyễn Thanh','Trạng','334956273','13/8/1999','Nam','Trà Vinh','','','','',NULL),(438,'15008096','Đặng Minh','Trí','341925578','12/3/1997','Nam','Đồng Tháp','','','','',NULL),(439,'16103024','Huỳnh Hữu','Trí','331866131','18/9/1998','Nam','Vĩnh Long','','','','',NULL),(440,'17003183','Trương Hoàng','Trí','331838118','16/6/1999','Nam','Vĩnh Long','','','','',NULL),(441,'14001095','Nguyễn Minh','Trị','331783955','20/5/1996','Nam','Vĩnh Long','','','','',NULL),(442,'15126036','Lương Hải','Triều','331795425','04/02/1996','Nam','Vĩnh Long','','','','',NULL),(443,'15001198','Nguyễn Lê Thịnh','Triệu','312289117','12/7/1997','Nam','Tiền Giang','','','','',NULL),(444,'15001199','Nguyễn Thị Mai','Trinh','331803527','08/12/1997','Nữ','Vĩnh Long','','','','',NULL),(445,'15001200','Trần Quốc','Trọng','331781780','31/01/1997','Nam','Cần Thơ','','','','',NULL),(446,'Tự do','Nguyễn Thanh','Trúc','331253361','10/12/1979','Nam','Vĩnh Long','','','','',NULL),(447,'16008084','Huỳnh Ngọc','Trung','371808012','09/10/1998','Nam','Kiên Giang','','','','',NULL),(448,'15126037','Lê Hoàng Phước','Trung','371786759','28/9/1997','Nam','Kiên Giang','','','','',NULL),(449,'14101070','Phan Văn','Trung','331780829','26/8/1996','Nam','Vĩnh Long','','','','',NULL),(450,'14003105','Trần Văn','Trung','341782582','10/8/1996','Nam','Đồng Tháp','','','','',NULL),(451,'16101142','Võ Hiền','Trung','334959460','01/01/1998','Nam','Trà Vinh','','','','',NULL),(452,'17003187','Đỗ Nhật','Trường','301696206','01/10/1999','Nam','Long An','','','','',NULL),(453,'16101144','Huỳnh Nhựt','Trường','331846369','10/07/1997','Nam','Vĩnh Long','','','','',NULL),(454,'15001202','Lê Nguyễn Nhật','Trường','331815980','05/9/1997','Nam','Vĩnh Long','','','','',NULL),(455,'16003065','Nguyễn Nhật','Trường','321760372','06/7/1998','Nam','Bến Tre','','','','',NULL),(456,'15126041','Trần Nguyễn Nhật','Trường','331784238','08/7/1995','Nam','Vĩnh Long','','','','',NULL),(457,'15006026','Trần Thanh','Trường','331800583','12/9/1997','Nam','Vĩnh Long','','','','',NULL),(458,'16101149','Nguyễn Quốc','Trưởng','331858565','26/6/1998','Nam','Vĩnh Long','','','','',NULL),(459,'16008085','Trịnh Thị Kim','Tú','331841650','10/8/1998','Nữ','Vĩnh Long','','','','',NULL),(460,'16003068','Nguyễn Thanh','Tự','331814895','21/7/1998','Nam','Vĩnh Long','','','','',NULL),(461,'16008086','Bùi Thanh','Tuấn','331806641','06/12/1998','Nam','Vĩnh Long','','','','',NULL),(462,'14003108','Đặng Anh','Tuấn','331799601','27/7/1996','Nam','Vĩnh Long','','','','',NULL),(463,'16103026','Đặng Hữu','Tuấn','331810944','06/6/1997','Nam','Vĩnh Long','','','','',NULL),(464,'14103064','Nguyễn Hoàng','Tuấn','371833745','12/02/1995','Nam','Kiên Giang','','','','',NULL),(465,'15001208','Nguyễn Minh','Tuấn','331842863','02/10/1997','Nam','Vĩnh Long','','','','',NULL),(466,'16101152','Nguyễn Thanh','Tuấn','331800757','22/07/1998','Nam','Vĩnh Long','','','','',NULL),(467,'15001209','Nguyễn Thanh','Tuấn','312407832','26/10/1997','Nam','Tiền Giang','','','','',NULL),(468,'15001210','Phạm Minh','Tuấn','331817680','23/10/1997','Nam','Vĩnh Long','','','','',NULL),(469,'CBGV','Phùng Thế','Tuấn','331330352','24/8/1982','Nam','Vĩnh Long','','','','',NULL),(470,'16103030','Trần Quốc','Tuấn','312316493','25/6/1997','Nam','Tiền Giang','','','','',NULL),(471,'15001213','Võ Kiết','Tường','331846308','21/11/1997','Nam','Vĩnh Long','','','','',NULL),(472,'16005202','Nguyễn Kim','Tuyên','331793401','22/4/1998','Nữ','Vĩnh Long','','','','',NULL),(473,'16105036','Nguyễn Thanh','Tuyền','331773657','23/9/1997','Nữ','Vĩnh Long','','','','',NULL),(474,'16008113','Lê Thị Kim','Tuyết','341951871','02/4/1998','Nữ','Đồng Tháp','','','','',NULL),(475,'17003198','Nguyễn Khánh','Văn','341944226','10/6/1999','Nam','Đồng Tháp','','','','',NULL),(476,'16105038','Đỗ Thị Tường','Vi','331822414','13/01/1998','Nữ','Vĩnh Long','','','','',NULL),(477,'16005160','Trần Phương Phương','Vi','331865463','12/8/1998','Nữ','Vĩnh Long','','','','',NULL),(478,'16103027','Võ Tường','Vi','312341135','26/02/1998','Nam','Tiền Giang','','','','',NULL),(479,'15001216','Đoàn Thanh','Vinh','331821412','24/9/1997','Nam','Vĩnh Long','','','','',NULL),(480,'15003185','Huỳnh Thế','Vinh','341880440','05/7/1997','Nam','Đồng Tháp','','','','',NULL),(481,'14104039','Nguyễn Văn Quốc','Vinh','331766773','19/10/1996','Nam','Vĩnh Long','','','','',NULL),(482,'15126039','Lữ Minh','Vũ','331826026','10/12/1997','Nam','Trà Vinh','','','','',''),(483,'15001017','Nguyễn Tuấn','Vũ','331749484','20/01/1996','Nam','Vĩnh Long','','','','',NULL),(484,'16005162','Huỳnh Đặng Thuý','Vy','331850544','02/7/1998','Nữ','Vĩnh Long','','','','',NULL),(485,'16006027','Huỳnh Nguyễn Phạm Phúc','Xuyên','331781721','07/01/1997','Nam','Cần Thơ','','','','',NULL),(486,'16005198','Nguyễn Thị Kim','Xuyến','331856629','29/5/1998','Nữ','Vĩnh Long','','','','',NULL),(487,'16105047','Trương Thị Kim','Xuyến','331839172','25/9/1998','Nữ','Vĩnh Long','','','','',NULL),(490,'KG16127001','Trần Quốc','Đỉnh','371832925','08/5/1997','Nam','Kiên Giang','','','','',NULL),(491,'14101015','Tăng Hữu','Đông','331728738','10/5/1996','Nam','Vĩnh Long','','','','',NULL),(492,'15127005','Huỳnh Trúc','Duy','331765625','29/7/1997','Nam','Vĩnh Long','','','','',NULL),(493,'15005032','Lê Nhựt','Duy','331807411','20/3/1997','Nam','Vĩnh Long','','','','',NULL),(494,'15001055','Lâm Nhựt','Hào','331807881','28/12/1997','Nam','Vĩnh Long','','','','',NULL),(495,'14104007','Huỳnh Công','Hậu','331784142','13/8/1996','Nam','Vĩnh Long','','','','',NULL),(496,'15127011','Trương Công','Hậu','331805275','30/4/1996','Nam','Vĩnh Long','','','','',''),(497,'KG16127007','Trần Minh','Hiếu','371757126','30/6/1998','Nam','Kiên Giang','','','','',NULL),(498,'14103020','Nguyễn Văn','Hoàng','341741903','28/02/1995','Nam','Đồng Tháp','','','','',NULL),(499,'15001064','Lê Thanh Tấn','Hưng','245360150','08/6/1997','Nam','Đắk Lắk','','','','',NULL),(500,'KG16127009','Nguyễn Hùng','Khải','371919112','16/12/1998','Nam','Kiên Giang','','','','',NULL),(501,'KG16127010','Nguyễn Khắc','Kiệt','371861791','26/3/1998','Nam','Kiên Giang','','','','',NULL),(502,'KG16127011','Lê Minh','Linh','371814671','17/02/1998','Nam','Kiên Giang','','','','',NULL),(506,'15001104','Đổ Thị Diễm','My','331829475','18/3/1997','Nữ','Vĩnh Long','','','','',NULL),(507,'16110018','Nguyễn Hoài','Nam','331801036','09/5/1998','Nam','Vĩnh Long','','','','',NULL),(508,'14103035','Nguyễn Văn Hữu','Nghị','331780469','30/5/1996','Nam','Vĩnh Long','','','','',NULL),(510,'15127012','Nguyễn Thành','Nghiệp','331808795','20/6/1997','Nam','Vĩnh Long','','','','',NULL),(512,'KG16127013','Nguyễn Minh','Nhân','371821418','30/7/1996','Nam','Kiên Giang','','','','',NULL),(513,'16110022','Trần Thanh','Nhân','301596398','29/3/1997','Nam','Long An','','','','',''),(516,'15127018','Võ Hoài','Phúc','331799760','26/4/1997','Nam','Vĩnh Long','','','','',NULL),(517,'14001064','Trần Hải','Quang','331820434','01/7/1996','Nam','Vĩnh Long','','','','',NULL),(518,'14101053','Nguyễn Tuấn','Qui','331769297','1996','Nam','Vĩnh Long','','','','',NULL),(519,'KG16127015','Tạ Đức','Quí','371623676','30/4/1993','Nam','Kiên Giang','','','','',NULL),(520,'14001067','Trần Hoàng','Quy','331778778','30/12/1996','Nam','Vĩnh Long','','','','',NULL),(521,'KG16127016','Đinh Hoàng','Sang','371826738','03/3/1997','Nam','Kiên Giang','','','','',NULL),(522,'15120102','Dương Trần Quốc','Sỉ','331839191','01/9/1997','Nam','Vĩnh Long','','','','',NULL),(524,'15120104','Lê Hữu','Tài','331848370','10/8/1997','Nam','Vĩnh Long','','','','',''),(525,'15127020','Đổ Chí','Tâm','331820283','22/12/1996','Nam','Vĩnh Long','','','','',NULL),(526,'Tự do','Hứa Minh','Tâm','330811860','10/10/1968','Nam','Vĩnh Long','','','','',NULL),(527,'15127021','Trương Minh','Tâm','341857421','13/9/1997','Nam','Đồng Tháp','','','','',NULL),(528,'16003084','Nguyễn Hoàng','Tân','331835465','15/01/1998','Nam','Vĩnh Long','','','','',NULL),(529,'KG16127018','Nguyễn Hoàng','Tân','371654823','06/02/1998','Nam','Kiên Giang','','','','',NULL),(531,'Tự do','Huỳnh Long','Thành','311727602','29/5/1982','Nam','Tiền Giang','','','','',NULL),(533,'16110033','Nguyễn Thị Mai','Thi','331823887','25/10/1996','Nữ','Vĩnh Long','','','','',NULL),(534,'Tự do','Trịnh Thị Kim','Thơ','321303213','25/11/1986','Nữ','Bến Tre','','','','',NULL),(535,'14002027','Tằng Văn Tiến','Thọ','261411067','10/7/1996','Nam','Bình Thuận','','','','',NULL),(536,'15127025','Đoàn Vĩnh','Thuận','334942091','1997','Nam','Trà Vinh','','','','',NULL),(537,'15127027','Phạm Minh','Thy','331777463','20/12/1996','Nam','Vĩnh Long','','','','',NULL),(538,'16110047','Nguyễn Hoàng','Tiên','331807356','16/01/1998','Nam','Vĩnh Long','','','','',NULL),(540,'15001188','Lê Hữu','Tín','331805481','05/6/1997','Nam','Vĩnh Long','','','','',NULL),(542,'14008049','Nguyễn Minh','Triết','312243418','05/7/1995','Nam','Tiền Giang','','','','',NULL),(543,'KG16127020','Danh Hoàng','Trọng','371684812','10/11/1996','Nam','Kiên Giang','','','','',NULL),(544,'Tự do','Võ Minh','Trọng','331155736','12/10/1976','Nam','Vĩnh Long','','','','',NULL),(545,'','Hồ Minh','Trung','330728575','21/8/1967','Nam','Vĩnh Long','','','','',NULL),(548,'15127029','Nguyễn Minh','Trường','331728536','12/4/1996','Nam','Vĩnh Long','','','','',NULL),(549,'16110044','Trần Minh','Truyền','331839101','05/7/1998','Nam','Vĩnh Long','','','','',NULL),(550,'CBVC','Phạm Huy','Tư','331150959','25/9/1971','Nam','Bạc Liêu','','','','',NULL),(552,'','Võ Anh','Tuấn','331103892','06/4/1969','Nam','Vĩnh Long','','','','',NULL),(553,'15127031','Đặng Văn','Tùng','331844942','07/9/1997','Nam','Vĩnh Long','','','','',NULL),(554,'15005177','Nguyễn Ngọc','Tuyền','331807442','15/10/1997','Nữ','Vĩnh Long','','','','',NULL),(555,'Tự do','Nguyễn Trọng','Nhân','331707421','24/01/1995','Nam','Vĩnh Long','','','','',NULL),(624,'17002001','Huỳnh Thái','An','331887257','01/11/1999','Nam','Vĩnh Long','01633630349','29764','26/9/2018','',NULL),(625,'17001004','Lê Hoàng','An','341985700','07/6/1999','Nam','Đồng Tháp','01633833287','27953','11/9/2018','',''),(626,'16008112','Mai Đức','An','331849861','12/01/1998','Nam','Vĩnh Long','01634263666','27931','19/9/2018','',''),(627,'17001003','Ngô Trường','An','341968436','04/7/1999','Nam','Kiên Giang','0167997332','29636','24/9/2018','','Sửa CMND'),(628,'16011001','Nguyễn Thị Huyền','An','334863045','20/6/1998','Nữ','Trà Vinh','0907559382','29701','25/9/2018','','Sửa MSSV'),(629,'16110001','Trần Quốc','Anh','331841216','21/12/1998','Nam','Vĩnh Long','01639156554','29726','26/9//2018','','Sửa Họ tên'),(630,'17001006','Dương Nguyễn Tuấn','Anh','331835638','10/6/1999','Nam','Vĩnh Long','01675651585','27991','17/9/2018','',''),(631,'17003007','Nguyễn Hùng','Anh','331828778','27/12/1999','Nam','Vĩnh Long','','27968','11/9/2018','',''),(632,'Tự do','Nguyễn Nhật','Anh','331821121','11/5/1996','Nam','Vĩnh Long','','27949','26/9/2018','',''),(633,'17011003','Nguyễn Thị Huế','Anh','331839686','08/8/1999','Nữ','Vĩnh Long','01215881372','29602','20/9/2018','',''),(634,'17001008','Nguyễn Thị Loan','Anh','331860907','19/7/1999','Nữ','Vĩnh Long','012154273255','27995','19/9/2018','',''),(635,'15001002','Nguyễn Thị Minh','Anh','331829461','01/8/1999','Nữ','Vĩnh Long','','27975','12/9/2018','',NULL),(636,'17001010','Nguyễn Thị Ngọc','Ánh','331818978','20/01/1999','Nữ','Vĩnh Long','0938753603','27994','17/9/2018','',''),(637,'17003011','Nguyễn Trần Nam','Anh','342003523','04/9/1999','Nam','Đồng Tháp','0939093987','27971','11/9/2018','',''),(638,'16005006','Nguyễn Trúc','Anh','341964185','10/10/1998','Nữ','Đồng Tháp','09654444956','27935','19/9/2018','',''),(639,'17127001','Phạm Hoàng','Anh','312481245','30/8/1999','Nam','Tiền Giang','01665379555','29756','26/9/2018','',''),(640,'17003001','Trần Trương Nhật','An','331827078','02/7/1999','Nam','Vĩnh Long','01214335764','27970','11/9/2018','','Sửa Họ tên'),(641,'17108001','Trần Tuấn','Anh','331845257','05/5/1999','Nam','Vĩnh Long','01628822374','29809','05/10/2018','',''),(642,'17011002','Võ Thị Kiều','Anh','331827563','18/9/1999','Nữ','Vĩnh Long','0869012107','29601','20/9/2018','',''),(643,'16003003','Lê Hà Ngọc','Ân','331856418','04/11/1998','Nam','Vĩnh Long','0869831867','27989','17/9/2018','',''),(644,'17001018','Lê Hoài','Bảo','381959779','19/8/1999','Nam','Cà Mau','','27918','19/9/2018','',''),(645,'17001012','Lê Trung','Bảo','301708801','16/11/1999','Nam','Long An','01645179385','27955','11/9/2018','',''),(646,'17108003','Lương Thái','Bảo','334950197','26/9/1999','Nam','Trà Vinh','0971085671','29803','05/10/2018','',NULL),(647,'17001015','Nguyễn Trần Gia','Bảo','331868864','22/8/1999','Nam','Vĩnh Long','01692482362','29650','25/9/2018','',''),(648,'17001011','Thái Hoài','Bão','334995509','28/11/1999','Nam','Trà Vinh','01697319544','29634','24/9/2018','',''),(649,'17108002','Lê Tuấn','Băng','331838585','25/5/1999','Nam','Vĩnh Long','0704876030','29817','05/10/2018','',''),(650,'17001021','Nguyễn Phú','Bình','341971050','16/7/1999','Nam','Đồng Tháp','01216929278','27954','11/9/2018','',''),(651,'17008012','Trần Thanh','Bình','331889036','09/02/1999','Nam','Vĩnh Long','01642182829','29630','24/9/2018','',''),(652,'17011004','Trương Hoàng','Bửu','331815804','16/10/1997','Nam','Trà Vinh','','27930','19/9/2018','',''),(653,'16008094','Lê Tuấn','Cảnh','331856016','28/12/1998','Nam','Vĩnh Long','01268153927','27904','19/9/2018','',''),(654,'16001010','Vủ Trí','Cần','381843334','15/7/1998','Nam','Cà Mau','01254052053','29728','26/9//2018','',''),(655,'17001026','Hồ Trung','Chánh','331890578','03/3/1999','Nam','Trà Vinh','01288813274','29632','24/9/2018','','Sửa Nơi sinh'),(656,'17011056','Nguyễn Thị Kim','Châu','301672398','15/8/1999','Nữ','Tp.HCM','','27929','19/9/2018','',''),(657,'16011053','Nguyễn Ngọc Minh','Chi','331832325','09/12/1998','Nữ','Vĩnh Long','','29725','26/9//2018','',''),(658,'17011005','Nguyễn Thị Quế','Chi','331808205','25/3/1999','Nữ','Vĩnh Long','0927875452','29603','20/9/2018','',''),(659,'17001028','Lê Minh','Chiến','331806513','23/3/1999','Nam','Vĩnh Long','01206359034','27993','17/9/2018','',''),(660,'17003018','Nguyễn Hữu','Chuyển','321771121','31/10/1999','Nam','Bình Phước','01698616429','27964','11/9/2018','',''),(661,'17108004','Võ Hoàng','Chuyện','331826810','25/8/1999','Nam','Vĩnh Long','01214224073','29824','05/10/2018','',''),(662,'17003019','Lê Thành','Công','341990915','21/3/1999','Nam','Đồng Tháp','0975363471','27958','11/9/2018','',''),(663,'16001014','Nguyễn Chí','Công','331801846','06/11/1998','Nam','Vĩnh Long','01698011414','29774','28/9/2018','',''),(664,'17108005','Phạm Chí','Công','331805903','20/3/1999','Nam','Vĩnh Long','0969007321','29820','05/10/2018','',NULL),(665,'17127002','Lê Ngọc','Cường','331818681','21/3/1999','Nam','Vĩnh Long','0363602628','29752','26/9/2018','',NULL),(666,'16001018','Lê Văn','Cường','334943301','15/6/1998','Nam','Vĩnh Long','01693940978','29729','26/9//2018','',''),(667,'17003022','Nguyễn Văn Quốc','Cường','331888941','03/5/1999','Nam','Vĩnh Long','0937709434','27959','11/9/2018','',''),(668,'17001035','Đỗ Thành','Danh','331880603','26/3/1999','Nam','Vĩnh Long','01626397103','27952','11/9/2018','',''),(669,'16005019','Lê Thị Hồng','Diễm','331818220','25/8/1998','Nữ','Vĩnh Long','0986402301','29714','25/9/2018','',''),(670,'17005032','Nguyễn Thị Kiều','Diễm','321732188','02/4/1999','Nữ','Bến Tre','01665872055','29772','26/9/2018','',''),(671,'17010022','Trần Bá Công Trí','Diển','331814556','19/5/1998','Nam','Vĩnh Long','01288833737','29611','20/9/2018','','Sửa Họ tên'),(672,'17001044','Tạ Hoàng','Dũng','331887540','27/3/1999','Nam','Vĩnh Long','01655523271','27942','21/9/2018','','Sửa Họ tên'),(673,'17008079','Lê Đăng','Huy','331853527','13/3/1999','Nam','Vĩnh Long','01225802005','27914','19/9/2018','','Sửa Họ tên'),(674,'17011007','Nguyễn Khánh','Duy','331866216','25/7/1998','Nam','Vĩnh Long','01219696176','29604','20/9/2018','',''),(675,'17001048','Nguyễn Khánh','Duy','321772256','27/10/1999','Nam','Bến Tre','01202876974','29635','24/9/2018','',''),(676,'16005023','Nguyễn Lâm','Duy','331807549','09/12/1998','Nam','Vĩnh Long','01674353419','27933','19/9/2018','',''),(677,'17001053','Nguyễn Nhựt','Duy','366201464','24/4/1999','Nam','Sóc Trăng','01682721130','27974','12/9/2018','',''),(678,'17003038','Nguyễn Phước','Duy','341968600','12/10/1999','Nam','Đồng Tháp','01202854509','27972','11/9/2018','',''),(679,'17001051','Trần Khánh','Duy','341964931','31/12/1999','Nam','Đồng Tháp','01653537501','29637','24/9/2018','',''),(680,'17003036','Trần Minh','Duy','331835417','10/8/1999','Nam','Vĩnh Long','01682918169','27960','11/9/2018','',NULL),(681,'17127005','Trương Hoàng','Duy','331805457','27/8/1998','Nam','Vĩnh Long','0978582794','29761','26/9/2018','',''),(682,'17003039','Văn Phú','Duy','342004339','29/6/1998','Nam','Đồng Tháp','01676410429','27981','14/9/2018','',''),(683,'17127006','Võ Tấn','Duy','342020505','22/7/1999','Nam','Đồng Tháp','01219675819','29754','26/9/2018','',NULL),(684,'17011010','Lê Trúc','Duyên','331889534','03/8/1999','Nữ','Vĩnh Long','01266829238','29605','20/9/2018','',''),(685,'17011008','Trần Nguyễn Lương','Duyên','331812700','30/3/1999','Nữ','Vĩnh Long','0926431543','27920','19/9/2018','',''),(686,'16003016','Lê Bảo','Dự','371773530','21/4/1998','Nam','Kiên Giang','','27987','17/9/2018','','Sửa Ngày sinh'),(687,'17001046','Lê Trần','Dương','331883069','15/10/1999','Nam','Vĩnh Long','01678410135','29629','24/9/2018','',''),(688,'17108010','Nguyễn Quốc','Dương','331845063','24/11/1999','Nam','Vĩnh Long','0395642535','29821','05/10/2018','',NULL),(689,'16005022','Nguyễn Thị Thuỳ','Dương','341964166','13/02/1998','Nữ','Đồng Tháp','01663400551','27936','19/9/2018','',''),(690,'16003072','Hồ Minh','Đại','331809274','05/11/1998','Nam','Vĩnh Long','01662233807','27998','18/9/2018','',''),(691,'17108007','Phan Phước','Đại','331806711','08/8/1998','Nam','Vĩnh Long','0358024278','29818','05/10/2018','',''),(692,'16101013','Nguyễn Hữu','Đảm','381865076','16/7/1998','Nam','Cà Mau','01236091763','27999','19/9/2018','',''),(693,'17011006','Lê Thị Ánh','Đào','331833527','13/12/1999','Nữ','Vĩnh Long','01224919198','27925','19/9/2018','',''),(694,'17001040','Đặng Phát','Đạt','341958790','01/9/1999','Nam','Đồng Tháp','01675494133','27941','21/9/2018','',''),(695,'16003011','Lê Tiến','Đạt','331842237','09/7/1998','Nam','Vĩnh Long','01659387575','27984','17/9/2018','',''),(696,'17003025','Nguyễn Bùi Phát','Đạt','331827060','10/6/1999','Nam','Vĩnh Long','01699536199','27969','11/9/2018','',''),(697,'16003073','Nguyễn Hoàng Đổ','Đạt','321567066','05/01/1998','Nam','Bến Tre','01665636737','27988','17/9/2018','',''),(698,'17001036','Nguyễn Tấn','Đạt','331808137','24/02/1999','Nam','Vĩnh Long','01632341805','29633','24/9/2018','',''),(699,'17108009','Nguyễn Thành','Đạt','331827061','07/7/1999','Nam','Vĩnh Long','0355654845','29811','05/10/2018','',''),(700,'17001039','Trần Quốc','Đạt','334943641','29/12/1999','Nam','Trà Vinh','0984811037','27917','19/9/2018','',''),(701,'17108008','Trần Hải','Đăng','331855379','25/4/1999','Nam','Sóc Trăng','0775866457','29823','05/10/2018','','Sửa Nơi sinh'),(702,'16005020','Nguyễn Hải','Điền','381884639','29/3/1998','Nam','Cà Mau','01258117114','27934','19/9/2018','',''),(703,'15120025','Lê Trương Minh','Đoàn','334937550','25/5/1997','Nam','Trà Vinh','01677032419','29779','01/10/2018','',''),(704,'17003029','Trần Lưu','Đông','331818693','01/11/1999','Nam','Vĩnh Long','01685390456','27973','12/9/2018','',''),(705,'16001027','Trương Hoàng','Đông','381871009','25/10/1998','Nam','Cà Mau','0946966335','29775','28/9/2018','',''),(706,'16003015','Bùi Thành','Đồng','312421664','10/8/1998','Nam','Tiền Giang','01685938787','27985','17/9/2018','',''),(707,'17003035','Danh Minh','Đức','371829733','11/01/1999','Nam','Kiên Giang','01254602424','27992','17/9/2018','','Sửa Họ tên'),(708,'17003042','Ngô Hùng','Em','331880139','05/11/1998','Nam','Vĩnh Long','01214213681','27956','11/9/2018','',''),(709,'17003043','Phạm Văn','Êm','331839618','16/11/1999','Nam','Vĩnh Long','01699997625','29645','24/9/2018','',''),(710,'16011055','Đoàn Hồng','Gấm','331844348','22/10/1998','Nữ','Vĩnh Long','01269801298','29703','25/9/2018','','Sửa MSSV'),(711,'17011011','Hà Hồng','Gấm','331827019','11/02/1999','Nữ','Vĩnh Long','01267795319','27977','12/9/2018','',''),(712,'16003017','Đặng Trường','Giang','331868280','05/02/1998','Nam','Vĩnh Long','01642556161','27932','19/9/2018','',''),(713,'16008096','Nguyễn Nguyễn Khánh','Hà','331808104','28/11/1998','Nam','Cần Thơ','0969447729','27910','19/9/2018','','Sửa Nơi sinh'),(714,'17003047','Nguyễn Văn','Hải','366242272','02/02/1998','Nam','Sóc Trăng','01696136849','27966','11/9/2018','',''),(715,'17011013','Nhan Ngọc','Hải','331858743','21/5/1999','Nam','Vĩnh Long','0924327790','29606','20/9/2018','',''),(716,'17001058','Nguyễn Bùi Nhựt','Hào','341883188','23/01/1999','Nam','Đồng Tháp','0966184191','29776','28/9/2018','',''),(717,'17108013','Nguyễn Tấn','Hào','331835143','17/10/1999','Nam','Vĩnh Long','0345286806','29819','05/10/2018','',''),(718,'16005029','Trần Ngọc','Hân','331778948','25/3/1997','Nữ','Vĩnh Long','01262688093','29713','25/9/2018','',''),(719,'17011014','Võ Nguyễn Gia','Hân','331835515','11/10/1999','Nữ','Vĩnh Long','01263956845','29607','20/9/2018','',''),(720,'17003052','Nguyễn Phúc','Hậu','331858307','20/9/1999','Nam','Vĩnh Long','01633127683','27963','11/9/2018','',''),(721,'16003075','Nguyễn Văn','Hậu','331828735','11/4/1998','Nam','Vĩnh Long','01634655918','29643','24/9/2018','',''),(722,'17003055','Trần Lê','Hiển','331871942','02/02/1998','Nam','Vĩnh Long','0988561070','27967','11/9/2018','','Sửa Ngày sinh, CMND'),(723,'17104008','Lê Thanh','Hiếu','341981751','15/10/1999','Nữ','Đồng Tháp','01203946210','29641','24/9/2018','',NULL),(724,'17001066','Lê Văn','Hiếu','364096736','21/10/1999','Nam','Cần Thơ','0907769067','27939','20/9/2018','',''),(725,'17001065','Nguyễn Minh','Hiếu','342012269','31/12/1999','Nam','Đồng Tháp','01889613381','29707','25/9/2018','',''),(726,'17003056','Nguyễn Thành','Hiếu','331855476','25/5/1999','Nam','Vĩnh Long','01678974429','27957','11/9/2018','',''),(727,'17001063','Trần Minh','Hiếu','331832880','18/02/1999','Nam','Trà Vinh','01228187030','29628','24/9/2018','',''),(728,'17013007','Nguyễn Văn','Hoà','331890531','24/4/1999','Nam','Vĩnh Long','0981642404','29773','26/9/2018','',''),(729,'17001068','Nguyễn Văn Bình','Hoà','331845173','19/11/1999','Nam','Vĩnh Long','01206803984','29731','26/9/2018','',''),(730,'17011016','Nguyễn Minh','Hoàng','331889056','06/8/1999','Nam','Vĩnh Long','01884974699','29608','20/9/2018','',''),(731,'17001069','Nguyễn Nhựt','Hoàng','341953116','01/11/1999','Nam','Đồng Tháp','0868346166','29710','25/9/2018','',''),(732,'17003061','Kim','Hùng','334938415','26/01/1999','Nam','Trà Vinh','01669898572','27962','11/9/2018','',''),(733,'17008083','Đào Thanh','Huy','341965113','17/6/1999','Nam','Đồng Tháp','0582703933','29745','26/9/2018','',''),(734,'17108016','Nguyễn Thanh','Huy','331841286','12/5/1997','Nam','Vĩnh Long','0398737796','29810','05/10/2018','',''),(735,'17003065','Phạm Quang','Huy','331818674','18/8/1999','Nam','Vĩnh Long','01664246676','27961','11/9/2018','',''),(736,'17108017','Trần Vệ','Huy','331874493','08/7/1999','Nam','Đồng Tháp','0939834895','29825','05/10/2018','',''),(737,'17006021','Võ Hoàng','Huy','331850897','16/8/1999','Nam','Vĩnh Long','01673037108','27940','20/9/2018','',''),(738,'17008084','Trần Thị','Huyền','331835180','28/7/1999','Nữ','Vĩnh Long','','29638','24/9/2018','',''),(739,'17003071','Ngô Hoàng','Huynh','331880243','29/3/1999','Nam','Vĩnh Long','01646369141','27965','11/9/2018','',''),(740,'17003064','Huỳnh Minh','Hưng','331844054','19/8/1999','Nam','Vĩnh Long','01227617900','27980','12/9/2018','',''),(741,'17108006','Nguyễn Huỳnh Phú','Hưng','312475546','12/12/1998','Nam','Tiền Giang','','29802','05/10/2018','',''),(742,'17101077','Phan Bảo','Kha','331861384','08/10/1999','Nam','Vĩnh Long','01206644450','29736','26/9//2018','',''),(743,'16005042','Trần Thị Kim','Kha','331854241','15/5/1998','Nữ','Vĩnh Long','01262951686','27938','20/9/2018','',''),(744,'16008028','Trịnh Minh','Kha','331774789','29/3/1998','Nam','Vĩnh Long','01218162725','27976','12/9/2018','',NULL),(745,'17002011','Hà Quang','Khảm','381853979','30/12/1999','Nam','Cà Mau','0844688486','29770','26/9/2018','',''),(746,'17002012','Bùi Lê Vĩ','Khang','331827029','22/3/1999','Nam','Vĩnh Long','0901034521','29766','26/9/2018','',NULL),(747,'17104012','Huỳnh Hoàng','Khang','331835183','25/8/1999','Nam','Vĩnh Long','01627786115','29642','24/9/2018','',NULL),(748,'17108018','Lại Minh','Khang','331802524','28/3/1998','Nam','Vĩnh Long','0899167092','29816','05/10/2018','',NULL),(749,'17001076','Nguyễn Thanh','Khang','331866782','25/10/1999','Nam','Vĩnh Long','0961426864','29646','24/9/2018','',''),(750,'17003076','Phạm Lê Chí','Khang','341986132','19/12/1999','Nam','Đồng Tháp','01253762799','27913','19/9/2018','',''),(751,'16008099','Phạm Vũ','Khang','331773924','07/5/1998','Nam','Vĩnh Long','0396461010','27906','19/9/2018','',''),(752,'17002013','Huỳnh','Kháng','341949565','07/01/1999','Nam','Đồng Tháp','0931012295','29769','26/9/2018','',''),(753,'17001078','Mai Chí','Khanh','335000597','10/8/1999','Nam','Trà Vinh','01628967468','29709','25/9/2018','',''),(754,'17001077','Nguyễn Thanh','Khanh','331844519','19/10/1999','Nam','Vĩnh Long','','29711','25/9/2018','',''),(755,'17011019','Trịnh Ngọc Mai','Khanh','331856436','29/01/1999','Nữ','Vĩnh Long','0939418062','29609','20/9/2018','',''),(756,'15003065','Võ Minh','Khánh','331829547','04/02/1997','Nam','Vĩnh Long','','29640','24/9/2018','','Sửa Họ tên'),(757,'14003033','Ngô Văn','Khánh','331776588','12/12/1996','Nam','Vĩnh Long','01657794857','27912','19/9/2018','',NULL),(758,'17001082','Trần Thiện','Khiêm','331889324','20/3/1999','Nam','Vĩnh Long','01288883923','29708','25/9/2018','',''),(759,'17001084','Huỳnh Đăng','Khoa','331832862','28/02/1999','Nam','Trà Vinh','01633061331','29627','24/9/2018','',''),(760,'17001083','Nguyễn Đăng','Khoa','331832542','17/10/1999','Nam','Vĩnh Long','01662269413','29626','24/9/2018','',''),(761,'17008013','Trần Đăng','Khoa','385760199','16/9/1999','Nam','Bạc Liêu','0949481343','27982','14/9/2018','',''),(762,'17001086','Trần Vĩnh','Kiên','364036019','29/7/1999','Nam','Cần Thơ','0987972117','27916','19/9/2018','',''),(763,'17001087','Cao Lê Anh','Kiệt','331780274','25/7/1995','Nam','Vĩnh Long','01288822254','27915','19/9/2018','','Sửa Ngày sinh'),(764,'17001088','Nguyễn Anh','Kiệt','331845149','22/7/1999','Nam','Vĩnh Long','','29735','26/9//2018','',''),(765,'17011021','Phan Thị Trúc','Lan','331827183','22/9/1999','Nữ','Vĩnh Long','01669953374','29610','20/9/2018','',''),(766,'17001089','Nguyễn Nhật','Linh','241659895','11/7/1999','Nam','Đắk Lắk','01626708807','27950','10/9/2018','',''),(767,'17001097','Nguyễn Đại','Long','331888961','31/8/1999','Nam','Vĩnh Long','0961536010','29706','25/9/2018','',''),(768,'16003036','Nguyễn Phước','Lộc','331846086','16/02/1998','Nam','Vĩnh Long','01206844736','27990','17/9/2018','',''),(769,'17001094','Phạm Tấn','Lộc','331856183','23/12/1999','Nam','Vĩnh Long','0938781322','29705','25/9/2018','',NULL),(770,'17108020','Đặng Trung','Lượng','312458204','28/7/1999','Nam','Tiền Giang','01289555285','29804','05/10/2018','',''),(771,'17001102','Võ Kha','Ly','341924911','04/4/1998','Nam','Đồng Tháp','0965803531','29715','26/9/2018','',''),(772,'17011024','Nguyễn Thị Thanh','Mai','331818831','01/01/1999','Nữ','Vĩnh Long','01226511027','29612','20/9/2018','',''),(773,'17011025','Võ Minh','Mẫn','331818452','15/3/1999','Nam','Vĩnh Long','0869032827','27978','12/9/2018','',''),(774,'17001108','Lê Hoàng','Minh','331855504','25/01/1999','Nam','Vĩnh Long','0964834027','28000','20/9/2018','',''),(775,'17001106','Lê Thành Nhật','Minh','331817513','28/3/1999','Nam','Vĩnh Long','','29716','26/9/2018','',''),(776,'Tự do','Mai Lê','Minh','331764680','25/5/1996','Nam','Vĩnh Long','0387766059','27949','24/9/2018','',''),(777,'17011026','Ngô Chí','Minh','331832439','30/01/1999','Nam','Vĩnh Long','01265569341','29613','20/9/2018','',''),(778,'17108021','Nguyễn Tuấn','Minh','331857005','07/4/1998','Nam','Vĩnh Long','','29808','05/10/2018','',''),(779,'17001109','Phạm Hoài','Nam','312356182','05/05/1998','Nam','Tiền Giang','0928556860','27948','26/9/2018','','Sửa Ngày sinh'),(780,'17108022','Trần Nhựt','Nam','331805700','13/12/1998','Nam','Vĩnh Long','039973311','29806','05/10/2018','',''),(781,'17011029','Huỳnh Thị Thuỳ','Ngân','331842511','25/7/1999','Nữ','Vĩnh Long','01214324496','27922','19/9/2018','',''),(782,'17001114','Nguyễn Hữu','Ngân','364092558','16/6/1999','Nam','Cần Thơ','01249160699','29717','26/9/2018','','Sửa Họ tên, CMND'),(783,'17001115','Đặng Vủ','Nghi','334945474','27/7/1998','Nam','Trà Vinh','','27937','20/9/2018','',''),(784,'17011031','Nguyễn Bảo','Ngọc','321750836','05/5/1999','Nam','Bến Tre','01673270268','27979','12/9/2018','',''),(785,'16005068','Trịnh Trần Lan','Ngọc','334947683','24/8/1998','Nữ','Trà Vinh','01258092293','27983','17/9/2018','',''),(786,'17001119','Vưu Khánh','Nguyên','331818621','15/7/1999','Nam','Vĩnh Long','01262985289','29720','26/9/2018','',''),(787,'17002022','Nguyễn Thanh','Nhàn','331827030','06/5/1999','Nam','Vĩnh Long','01629488345','29765','26/9/2018','',''),(788,'15003096','Trương Hữu','Nhân','331748954','13/4/1996','Nam','Bến Tre','0907514653','29639','24/9/2018','',''),(789,'17011034','Nguyễn Thị Yến','Nhi','331855410','10/4/1999','Nữ','Vĩnh Long','0898487823','29614','20/9/2018','',''),(790,'16011027','Nguyễn Thị Cẩm','Nhung','331819022','17/4/1997','Nữ','Vĩnh Long','0776564168','29742','26/9//2018','',''),(791,'16011025','Huỳnh Tuyết','Như','331856858','29/01/1998','Nữ','Vĩnh Long','0925971977','29741','26/9//2018','',''),(792,'16011023','Nguyễn Thị Cẩm','Như','331806829','25/5/1998','Nữ','Vĩnh Long','','29724','26/9//2018','',''),(793,'17011035','Trần Thị Ngọc','Như','331883761','31/12/1999','Nữ','Vĩnh Long','0969490532','27923','19/9/2018','',''),(794,'17003121','Lê Xuân','Phát','331880062','13/5/1999','Nam','Vĩnh Long','01646744407','27908','19/9/2018','',NULL),(795,'16008095','Lương Tuấn','Đạt','334923490','03/6/1998','Nam','Trà Vinh','01697442828','27911','19/9/2018','','Sửa Họ tên'),(796,'17011036','Nguyễn Đình','Phúc','331805669','05/5/1999','Nam','Vĩnh Long','01206643060','29615','20/9/2018','','Sửa Giới tính'),(797,'16001141','Phạm Minh','Phúc','301632361','21/12/1998','Nam','Long An','01232211298','27996','19/9/2018','',''),(798,'16008102','Nguyễn Minh','Phước','331840252','14/02/1998','Nam','Vĩnh Long','01268153927','27905','19/9/2018','',''),(799,'16105025','Nguyễn Thanh','Quân','331805791','28/01/1998','Nam','Vĩnh Long','0926301390','29718','26/9/2018','',NULL),(800,'17008182','Ôn Phú','Quí','331817123','10/7/1999','Nam','Vĩnh Long','01207564519','29732','26/9//2018','',''),(801,'17108027','Huỳnh Anh','Quốc','341993767','25/10/1999','Nam','Đồng Tháp','0795480936','29807','05/10/2018','',''),(802,'17127007','Võ Việt','Quốc','331872998','19/5/1999','Nam','Vĩnh Long','01289700116','29778','28/9/2018','',''),(803,'15005125','Nguyễn Minh','Sang','331776233','04/8/1997','Nam','Vĩnh Long','01222098729','27947','21/9/2019','',''),(804,'17127008','Nguyễn Văn','Sang','331837401','16/7/1998','Nam','Vĩnh Long','','29762','26/9/2018','',''),(805,'17108029','Trần Phú','Sĩ','342057726','05/11/1999','Nam','Bến Tre','0333772202','29822','05/10/2018','',''),(806,'17008190','Nguyễn Minh','Tài','331805289','04/3/1999','Nam','Vĩnh Long','01635364224','29734','26/9//2018','',''),(807,'17127009','Nguyễn Trí','Tài','331874798','23/10/1999','Nam','Vĩnh Long','01208581269','29760','26/9/2018','',''),(808,'17011037','Phạm Văn','Tài','341970050','11/01/1999','Nam','Đồng Tháp','','29617','20/9/2018','',''),(809,'17002029','Phan Tấn','Tài','331832543','03/12/1999','Nam','Vĩnh Long','01697979737','29768','26/9/2018','','Sửa CMND'),(810,'17127010','Lý Thanh','Tâm','331872093','27/11/1999','Nam','Vĩnh Long','0939114605','29751','26/9/2018','',''),(811,'17108031','Huỳnh Nhật','Thái','334908091','02/02/1999','Nam','Trà Vinh','0976712740','29801','05/10/2018','',''),(812,'16003056','Nguyễn Chí','Thanh','331830868','15/5/1998','Nam','Vĩnh Long','0961890049','27986','17/9/2018','',''),(813,'17011039','Ngô Quan Thanh','Thảo','331851563','20/02/1999','Nữ','Vĩnh Long','0985842514','27926','19/9/2018','',''),(814,'Tự do','Nguyễn Huỳnh Phương','Thảo','331776530','29/9/1997','Nữ','Vĩnh Long','0782879829','29780','01/10/2018','',''),(815,'17002033','Võ Thanh','Thảo','312422394','10/11/1999','Nam','Tiền Giang','01664926603','29767','26/9/2018','',''),(816,'17127022','Nguyễn Thanh','Thắng','331795958','01/01/1997','Nam','Vĩnh Long','0946869509','29753','26/9/2018','',''),(817,'17011040','Nguyễn Đình','Thi','331880887','27/12/1999','Nam','Vĩnh Long','','29618','20/9/2018','',''),(818,'17127011','Lê Hoàng','Thiên','385773400','24/02/1999','Nam','Bạc Liêu','01278610242','29750','26/9/2018','',''),(819,'17108032','Bùi Hữu','Thịnh','312397029','26/7/1999','Nam','Tiền Giang','0705160424','29814','05/10/2018','',''),(820,'16110034','Lê Phúc','Thịnh','364034601','20/9/1998','Nam','Hậu Giang','','29727','26/9//2018','',''),(821,'17108033','Võ Duy','Thịnh','341979169','20/4/1998','Nam','Đồng Tháp','01634792118','29812','05/10/2018','',''),(822,'15005138','Nguyễn Thị Kim','Thoa','215391959','05/5/1997','Nữ','Bình Định','0969822130','29747','26/9/2018','',''),(823,'16111037','Nguyễn Thị Kim','Thoa','331858810','16/11/1998','Nữ','Vĩnh Long','01868906757','29702','25/9/2018','',''),(824,'15005140','Phạm Thị Kim','Thoa','371733260','10/7/1997','Nữ','Kiên Giang','0842349395','29647','25/9/2018','',''),(825,'17127012','Huỳnh Phúc','Thoại','334943452','10/5/1999','Nam','Trà Vinh','01628240876','29758','26/9/2018','',''),(826,'15006024','Phạm Nguyễn Tuấn','Thông','341853649','13/10/1997','Nam','Đồng Tháp','012226254000','27951','11/9/2018','',NULL),(827,'15005141','Lê Thị','Thơm','331775751','08/8/1997','Nữ','Vĩnh Long','01638486057','27943','26/9/2018','',''),(828,'17011041','Nguyễn Thị Ngọc','Thơm','331838606','25/02/1999','Nữ','Vĩnh Long','01692363643','27924','19/9/2018','',NULL),(829,'15005149','Vương Trung','Thuận','334920838','08/02/1997','Nam','Trà Vinh','01237658848','29712','25/9/2018','',''),(830,'15005153','Dương Huỳnh Bích','Thuỳ','331818272','04/3/1997','Nữ','Vĩnh Long','0983047498','27945','21/9/2018','',''),(831,'15005156','Nguyễn Thị Ánh','Thuỳ','331823335','29/11/1997','Nữ','Quảng Ngãi','','29746','26/9/2018','',''),(832,'16110035','Lê Thị Anh','Thư','331865645','02/8/1998','Nữ','Vĩnh Long','01882777745','29722','26/9/2018','',''),(833,'17011042','Nguyễn Minh','Thư','331835421','20/10/1999','Nữ','Vĩnh Long','01202894239','29616','20/9/2018','',''),(834,'16110050','Nguyễn Minh','Thư','331832867','07/12/1998','Nam','Vĩnh Long','01625789900','29730','26/9//2018','',''),(835,'17011043','Nguyễn Trần Cẩm','Tiên','331880065','30/8/1999','Nữ','Vĩnh Long','01635054011','29619','20/9/2018','',NULL),(836,'15005159','Võ Khánh','Tiên','331805778','18/3/1997','Nữ','Vĩnh Long','0938926394','27946','21/9/2019','',''),(837,'17108035','Nguyễn Minh','Tiến','312415256','31/8/1999','Nam','Tiền Giang','0845788628','29813','05/10/2018','','Sửa CMND'),(838,'17127013','Phan Trọng','Tín','364020214','28/9/1999','Nam','Hậu Giang','01263343032','29759','26/9/2018','',NULL),(839,'18001202','Trần Văn','Tình','371886425','04/12/2000','Nam','Kiên Giang','01635052559','29771','26/9/2018','','Sửa Nơi sinh'),(840,'18007041','Phạm Minh','Toàn','331853017','30/3/2000','Nam','Vĩnh Long','0869637077','29737','26/9/2018','',''),(841,'14005117','Lê Thuỳ','Trang','331808699','13/8/1996','Nữ','Vĩnh Long','0363615882','29648','25/9/2018','',''),(842,'16011056','Nguyễn Thị Bảo','Trâm','334968870','24/3/1998','Nữ','Trà Vinh','01269801298','29704','25/9/2018','','Sửa MSSV'),(843,'16003036','Phạm Nguyễn Hoài','Trân','331867245','20/01/1998','Nam','Vĩnh Long','01648067166','27990','17/9/2018','',''),(844,'17001204','Phan Lê Thành','Trí','331882420','11/10/1999','Nam','Cần Thơ','','29624','24/9/2018','','Sửa Nơi sinh'),(845,'17127015','Lương Khải','Triết','341972897','05/11/1999','Nam','Đồng Tháp','01265686716','29757','26/9/2018','',NULL),(846,'17011046','Bùi Thị Thuý','Trinh','331828219','21/3/1998','Nữ','Vĩnh Long','01637014633','29621','20/9/2018','',''),(847,'16005143','Phạm Hoài','Trinh','331821337','12/7/1998','Nữ','Vĩnh Long','01215978697','27919','19/9/2018','',''),(848,'17008237','Đoàn Quốc','Trọng','331889037','01/3/1999','Nam','Vĩnh Long','01867612650','29631','24/9/2018','',''),(849,'15005170','Trần Đức','Trọng','341825040','20/8/1997','Nam','Đồng Tháp','0563926001','29744','26/9/2018','',''),(850,'15005173','Nguyễn Thị Thanh','Trúc','341833924','08/11/1997','Nữ','Đồng Tháp','01206970019','29644','24/9/2018','',''),(851,'16110041','Đinh Hửu','Trung','331805026','18/5/1996','Nam','Vĩnh Long','0775193860','29721','26/9/2018','','Sửa Họ tên'),(852,'16008110','Nguyễn Hoàng Vũ','Trung','341902882','15/9/1998','Nam','Đồng Tháp','01672541248','27903','19/9/2018','',''),(853,'17108043','Phan Minh','Trung','371850144','03/7/1997','Nam','Kiên Giang','0907400623','29815','05/10/2018','',''),(854,'17007051','Trần Quốc','Trung','331835220','01/01/1999','Nam','Vĩnh Long','0926955464','29748','26/9/2018','',''),(855,'16008107','Huỳnh Văn Nhật','Trường','331835727','01/01/1998','Nam','Vĩnh Long','01625514499','27902','19/9/2018','',''),(856,'16105034','Thái Thị Cẩm','Tú','331773928','01/4/1998','Nữ','Vĩnh Long','01869005493','29719','26/9/2018','',NULL),(857,'17127017','Nguyễn Minh','Tuấn','331883790','24/10/1999','Nam','Vĩnh Long','0926842889','29738','26/9/2018','',NULL),(858,'17011049','Lương Thị Ngọc','Tuyền','331865400','16/12/1999','Nữ','Vĩnh Long','01266941659','27928','19/9/2018','',''),(859,'17011048','Nguyễn Thị Thanh','Tuyền','331835422','24/10/1999','Nữ','Vĩnh Long','0899076306','27927','19/9/2018','',''),(860,'17011047','Nguyễn Lan','Tường','331817932','17/9/1999','Nữ','Vĩnh Long','01214992579','29620','20/9/2018','',''),(861,'17011050','Phạm Phương','Uyên','331821616','04/02/1999','Nữ','Vĩnh Long','0977266224','29622','24/9/2018','','Sửa Ngày sinh'),(862,'15005182','Trần Thuý','Vi','331774546','26/4/1997','Nữ','Vĩnh Long','01247191912','29743','26/9/2018','',''),(863,'16008089','Nguyễn Phú','Vinh','331854807','16/10/1998','Nam','Vĩnh Long','01659419204','27909','19/9/2018','',''),(864,'17001233','Nguyễn Trần','Vinh','341973124','01/9/1999','Nam','Đồng Tháp','','29623','24/9/2018','',''),(865,'17001228','Nguyễn Vĩ','Vinh','331821453','20/01/1999','Nam','Vĩnh Long','','29625','24/9/2018','',''),(866,'16003070','Hà Thanh','Vũ','331773551','05/6/1998','Nam','Vĩnh Long','0325897878','29765','26/9/2018','',''),(867,'17108041','Lê Trường','Vũ','331838883','09/3/1999','Nam','Vĩnh Long','01283764921','29805','05/10/2018','',''),(868,'14003118','Trương Thanh','Vũ','331805705','19/9/1996','Nam','Vĩnh Long','0969802082','29777','28/9/2018','',''),(869,'16008092','Nguyễn Quốc','Vương','341932303','09/01/1998','Nam','Đồng Tháp','','27907','19/9/2018','',''),(870,'16008091','Tống Hải','Vương','331809027','05/4/1998','Nam','Vĩnh Long','0937073454','27901','19/9/2018','','Sửa Họ tên'),(871,'17127020','Võ Minh','Vương','331806701','30/9/1998','Nam','Vĩnh Long','0907112801','29755','26/9/2018','',''),(872,'17011052','Nguyễn Hoàng Khánh','Vy','331842484','12/12/1999','Nữ','Vĩnh Long','0868204340','27921','19/9/2018','',''),(873,'15005188','Võ Thị Ngọc','Ý','331776598','27/3/1997','Nữ','Vĩnh Long','0971820998','27944','21/9/2018','',''),(874,'Tự do','Nguyễn Thị Kim','Yến','312427235','18/7/2000','Nữ','Vĩnh Long','0836275737','29781','01/10/2018','',''),(875,'17007059','Phạm Lê Ngọc','Yến','331817970','18/10/1999','Nữ','Vĩnh Long','0705353536','29749','26/9/2018','',''),(876,'16110048','Võ Nguyễn Thu','Yến','331773492','04/01/1998','Nữ','Vĩnh Long','01206381556','29723','26/9/2018','',''),(877,'17101007','Lê Trường','An','342003026','05/12/1999','Nam','Đồng Tháp','','','','',NULL),(878,'16003001','Nguyễn Bình','An','321601416','23/10/1997','Nam','Vĩnh Long','','','','',NULL),(879,'17101008','Nguyễn Ngọc','Ân','331866577','07/10/1998','Nam','Vĩnh Long','','','','',NULL),(880,'17003004','Võ Bảo','Ân','312459119','04/10/1999','Nam','Tiền Giang','','','','',NULL),(881,'17003006','Nguyễn Thuỳ Phương','Anh','331818983','20/4/1999','Nữ','Trà Vinh','','','','',NULL),(882,'16101002','Tô Hoàng','Anh','334935426','31/10/1998','Nam','Vĩnh Long','','','','',NULL),(883,'17101010','Trần Quốc','Anh','366236625','27/12/1999','Nam','Sóc Trăng','','','','',NULL),(884,'17014002','Phạm Ngọc Khánh','Băng','331883198','25/6/1999','Nữ','Vĩnh Long','','','','',NULL),(885,'16101006','Đào Vũ Quốc','Bình','331835362','30/10/1998','Nam','Vĩnh Long','','','','',NULL),(886,'17101015','Nguyễn Xuân','Bình','341929758','16/8/1999','Nam','Đồng Tháp','','','','',NULL),(887,'17014004','Nguyễn Mộng','Cầm','371986321','16/11/1999','Nữ','Kiên Giang','','','','',NULL),(888,'16101011','Nguyễn Quang Tuấn','Công','331827339','20/3/1998','Nam','Vĩnh Long','','','','',NULL),(889,'16003007','Vũ Chí','Công','331855270','28/8/1998','Nam','Vĩnh Long','','','','',NULL),(890,'17101019','Châu Quốc','Cường','331826244','10/6/1999','Nam','Vĩnh Long','','','','',NULL),(891,'17101021','Lê Chí','Cường','385790045','12/12/1999','Nam','Bạc Liêu','','','','',NULL),(892,'17101020','Nguyễn Chí','Cường','331837357','16/7/1999','Nam','Vĩnh Long','','','','',NULL),(893,'17101018','Nguyễn Phúc','Cường','364092592','25/10/1999','Nam','Cần Thơ','','','','',NULL),(894,'15127004','Phạm Thế','Cường','331774252','08/9/1997','Nam','Vĩnh Long','','','','',NULL),(895,'17101022','Mai Phát','Đại','331818755','01/10/1999','Nam','Vĩnh Long','','','','',NULL),(896,'Tự do','Nguyễn Công','Dân','331242730','08/7/1979','Nam','Vĩnh Long','','','','',NULL),(897,'17014006','Nguyễn Ngọc Phương','Đan','331888528','11/10/1999','Nữ','Vĩnh Long','','','','',NULL),(898,'17101026','Dương Hoàng','Danh','385746981','18/02/1998','Nam','Bạc Liêu','','','','',NULL),(899,'17101027','Dương Thạch Thành','Đạt','366244341','12/3/1998','Nam','Sóc Trăng','','','','',NULL),(900,'16101016','Huỳnh Tuấn','Đạt','334963187','30/9/1998','Nam','Vĩnh Long','','','','',NULL),(901,'17101030','Nguyễn Lê Thành','Đạt','331798985','05/02/1997','Nam','Vĩnh Long','','','','',NULL),(902,'16101018','Nguyễn Tấn','Đạt','334923405','05/9/1997','Nam','Trà Vinh','','','','',''),(903,'17101033','Nguyễn Thành','Đạt','341973588','24/12/1999','Nam','Đồng Tháp','','','','',NULL),(904,'17014043','Nguyễn Tuấn','Đạt','341883237','17/5/1999','Nam','Đồng Tháp','','','','',NULL),(905,'16003009','Phạm Quân','Đạt','331821202','19/4/1998','Nam','Vĩnh Long','','','','',NULL),(906,'17101032','Phạm Thành','Đạt','331837323','06/7/1999','Nam','Vĩnh Long','','','','',NULL),(907,'17101029','Trần Nguyễn','Đạt','331767829','18/3/1997','Nam','Vĩnh Long','','','','',NULL),(908,'16110046','Hồ Long','Điền','331800827','30/8/1998','Nam','Vĩnh Long','','','','',NULL),(909,'16003014','Nguyễn Vĩ','Đông','331850140','18/3/1998','Nam','Vĩnh Long','','','','',NULL),(910,'17101036','Nguyễn Trung','Du','331888703','20/7/1999','Nam','Vĩnh Long','','','','',NULL),(911,'17101037','Huỳnh Quốc','Dư','331881644','29/10/1999','Nam','Vĩnh Long','','','','',NULL),(912,'Tự do','Nguyễn Thanh Thuỳ','Dung','334917234','08/12/1997','Nữ','Trà Vinh','','','','',NULL),(913,'Tự do','Nguyễn Thị Kim','Dung','331868691','11/9/1998','Nữ','Vĩnh Long','','','','',NULL),(914,'Tự do','Trần Ngọc','Dung','331852158','22/12/1998','Nữ','Vĩnh Long','','','','',NULL),(915,'17101043','Võ Văn','Dủng','334979945','15/5/1999','Nam','Trà Vinh','','','','',NULL),(916,'15126007','Thạch','Dưng','334807523','01/01/1995','Nam','Trà Vinh','','','','',NULL),(919,'17101048','Kiều Anh','Duy','331863086','22/7/1999','Nam','Vĩnh Long','','','','',NULL),(920,'16005176','Lê Thị Bích','Duy','331871178','23/02/1998','Nữ','Vĩnh Long','','','','',NULL),(921,'Tự do','Ngô Khánh','Duy','331809711','19/7/1997','Nam','Vĩnh Long','','','','',NULL),(922,'17101050','Phạm Thanh','Duy','341965203','28/06/1999','Nam','Đồng Tháp','','','','',NULL),(923,'17101049','Phạm Thế','Duy','331890460','19/10/1999','Nam','Vĩnh Long','','','','',NULL),(924,'16006177','Nguyễn Trí','Hải','341950980','29/5/1998','Nam','Đồng Tháp','','','','',NULL),(925,'16101032','Nguyễn Hoàng','Hân','331818045','10/10/1998','Nam','Vĩnh Long','','','','',''),(926,'17014008','Nguyễn Khả','Hân','331884215','19/8/1999','Nữ','Vĩnh Long','','','','',NULL),(927,'16005032','Nguyễn Thị Mỹ','Hằng','331806280','29/12/1998','Nữ','Vĩnh Long','','','','',NULL),(928,'16005034','Nguyễn Thị Mỹ','Hạnh','331835518','25/7/1998','Nữ','Vĩnh Long','','','','',NULL),(930,'16008019','Võ Quang','Hiếu','341828504','18/8/1998','Nam','Đồng Tháp','','','','',NULL),(931,'17101060','Nguyễn Văn','Hiệu','334868154','11/12/1995','Nam','Trà Vinh','','','','',NULL),(932,'17014010','Thị','Hoa','371902940','08/01/1999','Nữ','Kiên Giang','','','','',NULL),(933,'17101062','Nguyễn Thanh','Hoà','312498696','04/10/1999','Nam','Đồng Tháp','','','','',NULL),(934,'16003021','Đoàn Văn','Hoài','381803261','02/3/1998','Nam','Cà Mau','','','','',NULL),(935,'17003063','Trần Vĩnh','Hưng','312409187','20/10/1999','Nam','Tp.HCM','','','','',NULL),(936,'17101067','Võ Điền Minh','Hưng','072099000980','01/12/1999','Nam','Tây Ninh','','','','',NULL),(937,'17101070','Đặng Quang','Huy','312422008','04/12/1999','Nam','Tiền Giang','','','','',NULL),(938,'17101075','Nguyễn Quốc','Huy','341853996','19/9/1999','Nam','Đồng Tháp','','','','',NULL),(939,'16003023','Trang Quang','Huy','341903875','17/01/1998','Nam','Đồng Tháp','','','','',''),(940,'16005041','Huỳnh Thị Ngọc','Huyền','341932022','02/7/1998','Nữ','Đồng Tháp','','','','',NULL),(941,'16003024','Nguyễn Thị Mỹ','Huyền','312361849','21/6/1998','Nữ','Tiền Giang','','','','',NULL),(942,'16005039','Thái Ngọc','Huyền','331834769','11/12/1998','Nữ','Vĩnh Long','','','','',NULL),(943,'17101089','Đặng Vĩ','Khang','371961571','17/11/1999','Nam','Kiên Giang','','','','',NULL),(944,'17101080','Huỳnh An','Khang','312384058','15/4/1999','Nam','Tiền Giang','','','','',NULL),(945,'15002012','Nguyễn Văn','Khang','331808516','30/10/1997','Nam','Vĩnh Long','','','','',NULL),(946,'17101082','Phan Lê','Khang','331816409','16/8/1999','Nam','Vĩnh Long','','','','',NULL),(947,'17101088','Quách Vĩ','Khang','341973787','13/8/1999','Nam','Đồng Tháp','','','','',NULL),(948,'17101092','Hồ Quốc','Khánh','331889417','19/10/1999','Nam','Vĩnh Long','','','','',NULL),(949,'17101094','Lê Văn','Khánh','341970892','22/9/1999','Nam','Đồng Tháp','','','','',NULL),(950,'17003080','Nguyễn Quốc','Khánh','331818878','15/01/1999','Nam','Vĩnh Long','','','','',NULL),(951,'17101096','Lê Đăng','Khoa','312497118','20/5/1999','Nam','Tiền Giang','','','','',NULL),(952,'17014011','Nguyễn Duy','Khoa','331874390','28/9/1999','Nam','Vĩnh Long','','','','',NULL),(953,'16003032','Phạm Thành','Khởi','331856861','20/7/1998','Nam','Vĩnh Long','','','','',NULL),(954,'17101102','Đặng Trung','Kiên','331870229','15/3/1999','Nam','Vĩnh Long','','','','',NULL),(955,'17101103','Nguyễn Trung','Kiên','331874288','15/11/1999','Nam','Vĩnh Long','','','','',NULL),(956,'16003033','Nguyễn Ngọc','Kiện','331820501','28/6/1997','Nam','Vĩnh Long','','','','',NULL),(957,'15005060','Bùi Thị Tuyết Hồng','Lan','321586028','02/5/1996','Nữ','Bến Tre','','','','',NULL),(958,'16003035','Lê Nhựt','Linh','331808122','13/01/1998','Nam','Cần Thơ','','','','',''),(959,'17014014','Lê Thị Cẩm','Linh','331827200','16/01/1999','Nữ','Vĩnh Long','','','','',NULL),(960,'15004051','Trần Thị Cẩm','Linh','331776265','28/01/1997','Nữ','Vĩnh Long','','','','',NULL),(961,'17101113','Trương Văn','Linh','331888018','10/10/1999','Nam','Vĩnh Long','','','','',NULL),(962,'17101118','Phạm Ngọc','Long','331856433','27/11/1999','Nam','Vĩnh Long','','','','',NULL),(964,'17014016','Nguyễn Ngọc Minh','Mẫn','331843374','02/10/1999','Nữ','Vĩnh Long','','','','',NULL),(965,'17101123','Phan Nhật','Minh','312497492','30/7/1999','Nam','Vĩnh Long','','','','',NULL),(966,'15105057','Đặng Thị Hồng','Muội','331828891','11/02/1997','Nữ','Vĩnh Long','','','','',''),(967,'16110017','Đặng Nhựt','Nam','331849858','16/5/1998','Nam','Vĩnh Long','','','','',NULL),(968,'17101128','Phạm Phương','Nam','331845256','08/12/1999','Nam','Vĩnh Long','','','','',NULL),(969,'17101126','Võ Quốc','Nam','312497307','11/9/1999','Nam','Tiền Giang','','','','',NULL),(970,'16005063','Huỳnh Thị','Ngà','331818989','02/01/1998','Nữ','Vĩnh Long','','','','',NULL),(971,'17014017','Phan Thị Bích','Ngân','341970962','27/10/1999','Nữ','Đồng Tháp','','','','',NULL),(973,'Tự do','Lương Trọng','Nghĩa','331752964','01/6/1976','Nam','Thái Bình','','','','',NULL),(974,'17101135','Lê Hữu','Ngoan','331837419','23/12/1999','Nam','Vĩnh Long','','','','',NULL),(975,'17014018','Hồ Thuý','Ngọc','331832714','04/12/1999','Nữ','Trà Vinh','','','','',NULL),(976,'17101137','Thái Hoàng Lê','Ngọc','341852140','07/02/1998','Nam','Đồng Tháp','','','','',NULL),(977,'16110020','Nguyễn Dư','Nguyên','331839710','13/11/1998','Nam','Vĩnh Long','','','','',NULL),(978,'17014019','Tống Thị Phương','Nguyên','331806323','19/12/1997','Nữ','Vĩnh Long','','','','',NULL),(979,'16110021','Mai Thanh','Nhả','331806105','24/01/1998','Nam','Vĩnh Long','','','','',NULL),(980,'17014021','Bùi Thu','Nhân','385805922','02/5/1999','Nữ','Bạc Liêu','','','','',NULL),(981,'16003042','Phạm Khắc Trung','Nhân','312356322','15/7/1998','Nam','Tiền Giang','','','','',NULL),(982,'17014020','Tạ Phước','Nhân','331883747','26/7/1999','Nam','Vĩnh Long','','','','',NULL),(984,'17101147','Trần Văn','Nhành','331880514','20/12/1999','Nam','Vĩnh Long','','','','',NULL),(985,'17014023','Đặng Thị Ngọc','Nhi','342003614','20/4/1999','Nữ','Đồng Tháp','','','','',NULL),(986,'17005134','Nguyễn Thị Uyển','Nhi','331818915','19/12/1999','Nữ','Vĩnh Long','','','','',NULL),(987,'17014022','Phạm Thị Tuyết','Nhi','331817649','26/6/1999','Nữ','Vĩnh Long','','','','',NULL),(988,'16005074','Phan Thị Tuyết','Nhi','331850523','12/7/1998','Nữ','Vĩnh Long','','','','',NULL),(989,'Tự do','Nguyễn Thị Kim','Nhung','312275689','01/5/1996','Nữ','Tiền Giang','','','','',NULL),(990,'15005193','Quách Thị Cẩm','Nhung','331829532','30/10/1997','Nữ','Vĩnh Long','','','','',NULL),(991,'17001133','Trương Thị Hồng','Nhung','331857212','30/7/1999','Nữ','Vĩnh Long','','','','',NULL),(992,'15127014','Nguyễn Hoàng','Nhựt','331768338','30/10/1996','Nam','Vĩnh Long','','','','',NULL),(993,'17005150','Nguyễn Thị Kiều','Oanh','331870194','24/6/1999','Nữ','Vĩnh Long','','','','',NULL),(994,'15005107','Trần Hoàng','Oanh','331829534','01/02/1997','Nữ','Vĩnh Long','','','','',NULL),(995,'16005085','Nguyễn Chánh','Phần','331814471','19/8/1998','Nam','Vĩnh Long','','','','',NULL),(996,'17101153','Nguyễn Quốc','Pháp','341969762','13/10/1999','Nam','Đồng Tháp','','','','',NULL),(997,'17014027','Nguyễn Hữu','Phát','342021495','07/4/1999','Nam','Đồng Tháp','','','','',NULL),(998,'15127015','Nguyễn Thanh','Phát','331774264','27/3/1997','Nam','Vĩnh Long','','','','',NULL),(999,'16003047','Nguyễn Mạnh','Phi','331858968','15/02/1998','Nam','Vĩnh Long','','','','',NULL),(1000,'14003060','Lương Tấn','Phong','331745662','01/7/1995','Nam','Vĩnh Long','','','','',NULL),(1001,'17101157','Nguyễn Hoài','Phong','334980175','16/12/1999','Nam','Trà Vinh','','','','',NULL),(1002,'17008168','Phạm Thanh','Phong','341976980','16/10/1999','Nam','Đồng Tháp','','','','',NULL),(1003,'15127017','Huỳnh Văn','Phúc','321546996','22/9/1996','Nam','Bến Tre','','','','',''),(1004,'17101162','Nguyễn Hoàng','Phúc','331887515','28/10/1999','Nam','Vĩnh Long','','','','',NULL),(1005,'17001146','Đặng Thị Mỹ','Phụng','331884014','05/8/1999','Nữ','Vĩnh Long','','','','',NULL),(1006,'16005087','Phan Ánh','Phụng','331818226','11/6/1998','Nữ','Vĩnh Long','','','','',NULL),(1007,'17101166','Trần Thanh','Phước','334807236','30/01/1995','Nam','Trà Vinh','','','','',NULL),(1008,'17014028','Huỳnh Trung','Phương','331829258','17/5/1998','Nam','Vĩnh Long','','','','',NULL),(1009,'17101167','Lâm Thị Kiều','Phương','331824300','09/5/1997','Nữ','Vĩnh Long','','','','',NULL),(1010,'17014029','Lê Thị Mỹ','Phương','331837304','09/8/1999','Nữ','Vĩnh Long','','','','',NULL),(1011,'17101168','Nguyễn Hoài','Phương','312458618','01/11/1999','Nam','Tiền Giang','','','','',NULL),(1012,'17101170','Đoàn Ngọc','Qui','371825801','06/5/1998','Nam','Kiên Giang','','','','',NULL),(1013,'17101171','Huỳnh Minh','Quí','381932486','04/01/1999','Nam','Cà Mau','','','','',NULL),(1014,'16005096','Nguyễn Thị Phượng','Quyên','331850844','20/10/1998','Nữ','Vĩnh Long','','','','',NULL),(1015,'17005170','Phạm Thảo','Quyên','331838333','15/4/1999','Nữ','Vĩnh Long','','','','',NULL),(1016,'16005097','Phạm Thị Hoàng','Quyên','341903104','06/7/1998','Nữ','Đồng Tháp','','','','',NULL),(1017,'16005098','Trần Thị Kim','Quyên','331775555','03/11/1997','Nữ','Vĩnh Long','','','','',NULL),(1018,'17014030','Hồ Bạch Phương','Quỳnh','331886067','23/7/1999','Nữ','Vĩnh Long','','','','',NULL),(1019,'16003053','Lê Hải Hoàng','Sơn','331855912','18/8/1998','Nam','Cần Thơ','','','','',NULL),(1020,'16003052','Võ Trường','Sơn','331805775','19/5/1997','Nam','Vĩnh Long','','','','',NULL),(1022,'17101176','Nguyễn Chí','Tài','321743592','18/5/1998','Nam','Bến Tre','','','','',NULL),(1023,'17101178','Phạm Văn','Tài','366292757','01/6/1998','Nam','Sóc Trăng','','','','',NULL),(1024,'14001073','Vỏ Tấn','Tài','331807460','19/7/1996','Nam','Vĩnh Long','','','','',NULL),(1025,'16110031','Lê Chí','Tâm','331806812','24/7/1998','Nam','Vĩnh Long','','','','',NULL),(1026,'17101181','Nguyễn Chí','Tâm','341967512','06/8/1999','Nam','Đồng Tháp','','','','',NULL),(1027,'17101180','Nguyễn Huỳnh Thanh','Tâm','331845498','01/12/1999','Nam','Vĩnh Long','','','','',NULL),(1029,'16003055','Nguyễn Hữu','Tân','331820451','24/3/1998','Nam','Vĩnh Long','','','','',NULL),(1030,'17101187','Nguyễn Nhựt','Tân','331888507','08/8/1999','Nam','Vĩnh Long','','','','',NULL),(1031,'17101186','Trương Phạm Nhật','Tân','331882478','18/6/1999','Nam','Vĩnh Long','','','','',NULL),(1032,'17014033','Hồng Quốc','Thái','331842849','21/01/1999','Nam','Vĩnh Long','','','','',NULL),(1033,'17101189','Nguyễn Huỳnh','Thái','331827028','07/10/1999','Nam','Vĩnh Long','','','','',NULL),(1034,'17101191','Lâm Ngọc','Thắm','341970508','13/11/1999','Nữ','Đồng Tháp','','','','',NULL),(1035,'16005104','Nguyễn Thị Ngọc','Thắm','331806378','11/4/1998','Nữ','Vĩnh Long','','','','',NULL),(1036,'16110032','Nguyễn Công','Thắng','331806824','06/9/1998','Nam','Vĩnh Long','','','','',NULL),(1037,'17101194','Trương Quốc','Thắng','331888749','06/5/1999','Nam','Vĩnh Long','','','','',NULL),(1038,'17014034','Văn Nguyễn Thanh','Thanh','331888035','11/5/1999','Nữ','Vĩnh Long','','','','',NULL),(1039,'17101198','Nguyễn Tấn','Thành','331838275','21/10/1999','Nam','Vĩnh Long','','','','',NULL),(1040,'','Nguyễn Tấn','Thành','352310976','05/8/1996','Nam','An Giang','','','','',NULL),(1041,'17101199','Trần Minh','Thành','331852386','15/12/1999','Nam','Vĩnh Long','','','','',NULL),(1042,'17005186','Nguyễn Thị Phương','Thảo','331844143','15/11/1999','Nữ','Vĩnh Long','','','','',NULL),(1043,'16005112','Trần Thị Thanh','Thảo','331817718','27/12/1998','Nữ','Vĩnh Long','','','','',NULL),(1044,'16005116','Trần Trường','Thi','331809546','07/7/1998','Nam','Cần Thơ','','','','',NULL),(1045,'16003082','Nguyễn Ngọc','Thiện','312362053','27/9/1998','Nam','Tiền Giang','','','','',NULL),(1046,'17101203','Nguyễn Tấn Anh','Thịnh','331835046','23/12/1999','Nam','Tiền Giang','','','','',NULL),(1047,'17101207','Đoàn Minh','Thông','312395254','31/7/1999','Nam','Tiền Giang','','','','',NULL),(1048,'17101208','Nguyễn Võ Huy','Thông','341903795','31/12/1998','Nam','Đồng Tháp','','','','',NULL),(1049,'17101209','Đoàn Văn','Thứ','331838777','11/8/1999','Nam','Vĩnh Long','','','','',NULL),(1050,'17101210','Nguyễn Trịnh Minh','Thuận','321714199','29/10/1999','Nam','Bến Tre','','','','',NULL),(1051,'16003059','Trần Ngọc','Thuận','331805613','26/4/1998','Nam','Vĩnh Long','','','','',NULL),(1052,'16110036','Lê Văn','Thương','331809139','20/8/1998','Nam','Vĩnh Long','','','','',NULL),(1053,'','Nguyễn Thị Cẩm','Tiên','331775738','16/01/1998','Nữ','Vĩnh Long','','','','',NULL),(1054,'17101213','Bùi Thị Mỹ','Tiến','331826221','23/8/1999','Nữ','Trà Vinh','','','','',NULL),(1055,'17101214','Nguyễn Hữu','Tiến','331835083','26/5/1999','Nam','Vĩnh Long','','','','',NULL),(1056,'17101212','Nguyễn Lê Xuân','Tiến','312391151','08/3/1999','Nam','Vĩnh Long','','','','',NULL),(1057,'17014037','Võ Minh','Tiền','331841614','13/02/1999','Nam','Vĩnh Long','','','','',NULL),(1058,'17003175','Cao Thanh','Tín','331765615','30/3/1997','Nam','Vĩnh Long','','','','',NULL),(1059,'17101221','Đỗ Văn','Toàn','366290581','29/9/1999','Nam','Sóc Trăng','','','','',NULL),(1060,'15001193','Phạm Văn','Toàn','301599151','25/5/1997','Nam','Long An','','','','',NULL),(1061,'17101217','Phan Chí','Toàn','331849788','10/10/1999','Nam','Vĩnh Long','','','','',NULL),(1062,'17101219','Trương Khánh','Toàn','331867746','02/08/1999','Nam','Vĩnh Long','','','','',NULL),(1063,'17014038','Đặng Thị Ngọc','Trân','331817924','19/9/1999','Nữ','Vĩnh Long','','','','',NULL),(1064,'16003062','Nguyễn Thị Huyền','Trân','331865050','11/09/1998','Nữ','Vĩnh Long','','','','',NULL),(1065,'16005140','Phan Ngọc Huyền','Trang','331857195','15/5/1998','Nữ','Vĩnh Long','','','','',NULL),(1066,'17101256','Lê Bành','Tráng','301684859','20/10/1999','Nam','Đồng Tháp','','','','',NULL),(1067,'17003180','Nguyễn Thành','Trạng','364022057','09/9/1999','Nam','Hậu Giang','','','','',NULL),(1068,'16003081','Nguyễn Duy','Trí','341929889','09/8/1998','Nam','Đồng Tháp','','','','',NULL),(1069,'17101225','Nguyễn Minh','Triết','331865654','13/9/1999','Nam','Vĩnh Long','','','','',NULL),(1070,'17003184','Nguyễn Phúc','Triều','331866649','19/8/1999','Nam','Vĩnh Long','','','','',NULL),(1071,'Tự do','Nguyễn Văn','Trọng','334974237','20/9/1998','Nam','Trà Vinh','','','','',NULL),(1072,'14002030','Phạm Minh','Trọng','331761799','26/4/1996','Nam','Vĩnh Long','','','','',''),(1073,'16005145','Nguyễn Thị','Trúc','321760716','20/9/1998','Nữ','Bến Tre','','','','',NULL),(1074,'15127028','Lê Anh','Trung','331815021','28/02/1997','Nam','Vĩnh Long','','','','',NULL),(1075,'16110042','Phạm Võ Anh','Trung','331806673','10/5/1998','Nam','Vĩnh Long','','','','',NULL),(1076,'16003064','Trần Chí','Trung','331865833','25/10/1998','Nam','Vĩnh Long','','','','',NULL),(1077,'17101232','Nguyễn Hoàng','Trương','331834252','09/6/1999','Nam','Vĩnh Long','','','','',NULL),(1078,'16003066','Huỳnh An','Trường','331797410','20/8/1998','Nam','Vĩnh Long','','','','',NULL),(1079,'16110043','Lê Văn Quốc','Trường','331806267','04/10/1998','Nam','Vĩnh Long','','','','',NULL),(1080,'17101233','Nguyễn Minh','Trường','331835088','24/10/1999','Nam','Vĩnh Long','','','','',NULL),(1082,'15001205','Đặng Thị Cẩm','Tú','341932402','21/11/1997','Nữ','Đồng Tháp','','','','',NULL),(1083,'16003067','Nguyễn Văn Tuấn','Tú','341950982','18/8/1998','Nam','Đồng Tháp','','','','',NULL),(1084,'16005152','Trần Thị Cẩm','Tú','331867338','07/8/1998','Nữ','Vĩnh Long','','','','',NULL),(1085,'Tự do','Nguyễn Hoàng','Tuấn','331883966','25/7/1999','Nam','Vĩnh Long','','','','',NULL),(1087,'15005176','Lê Phạm Phượng','Tuyền','321546952','20/01/1996','Nữ','An Giang','','','','',NULL),(1088,'17014041','Thiều Lý Thuý','Uyên','341970963','06/10/1999','Nữ','Đồng Tháp','','','','',NULL),(1089,'17014042','Nguyễn Thuý','Vi','312453673','27/12/1999','Nữ','Tiền Giang','','','','',NULL),(1090,'17101248','Lâm Bá','Vinh','331832591','04/10/1999','Nam','Vĩnh Long','','','','',NULL),(1091,'17001227','Nguyễn Văn','Vinh','331818601','20/10/1999','Nam','Vĩnh Long','','','','',NULL),(1093,'17101255','Phan Tuấn','Vũ','341877823','04/01/1999','Nam','Đồng Tháp','','','','',NULL),(1094,'15001221','Nguyễn Thị Ngọc','Yến','331826555','11/7/1997','Nữ','Vĩnh Long','','','','',NULL),(1969,'','HUỲNH CÔNG VĨNH','AN',NULL,'01/01/1995','Nam','Đồng Nai','','','','',NULL),(1970,'','TRƯƠNG NGÂN','ANH',NULL,'04/7/1995','','Tiền Giang','','','','',NULL),(1971,'','LÊ CÔNG','BẰNG',NULL,'08/12/1996','Nam','Vĩnh Long','','','','',NULL),(1972,'','NGUYỄN THỊ KIM','BÌNH',NULL,'12/3/1997','Nữ','Vĩnh Long','','','','',NULL),(1973,'','NGUYỄN CÔNG','DANH',NULL,'31/7/1997','Nam','Vĩnh Long','','','','',NULL),(1974,'','HỒ TẤN','ĐẠT',NULL,'28/4/1995','Nam','Vĩnh Long','','','','',NULL),(1975,'','NGUYỄN HỮU','ĐẠT',NULL,'28/6/1995','Nam','Vĩnh Long','','','','',NULL),(1976,'','DƯƠNG KHẮC','ĐIỀN',NULL,'06/02/1995','','Đồng Tháp','','','','',NULL),(1977,'','NGUYỄN PHƯỚC','DƯƠNG',NULL,'15/11/1995','','Vĩnh Long','','','','',NULL),(1978,'','TRẦN ĐỨC','DUY',NULL,'22/3/1997','','Cần Thơ','','','','',NULL),(1979,'','NGUYỄN CÔNG','HẬU',NULL,'17/5/1997','','Vĩnh Long','','','','',NULL),(1980,'','NGUYỄN THẾ','HIỂN',NULL,'25/8/1995','','Vĩnh Long','','','','',NULL),(1981,'','NGUYỄN TRUNG','HIẾU',NULL,'05/8/1995','','Vĩnh Long','','','','',NULL),(1982,'','NGUYỄN HUỲNH HUY','HIẾU',NULL,'25/5/1994','','Vĩnh Long','','','','',NULL),(1983,'','VÕ TRỌNG','HỮU',NULL,'05/5/1997','','Tiền Giang','','','','',NULL),(1984,'','LÊ QUANG','KHẮC',NULL,'26/01/1995','','Vĩnh Long','','','','',NULL),(1985,'','ĐẶNG VĂN','LẬP',NULL,'07/8/1994','','Vĩnh Long','','','','',NULL),(1986,'','HỒ THỊ DIỄM','LINH',NULL,'06/8/1995','','Vĩnh Long','','','','',NULL),(1987,'','TRẦN DUY','LINH',NULL,'21/8/1997','','Vĩnh Long','','','','',NULL),(1988,'','TRẦN THỊ TRÚC','LINH',NULL,'26/10/1996','','Vĩnh Long','','','','',NULL),(1989,'','ĐẶNG DUY','LINH',NULL,'17/8/1997','','Vĩnh Long','','','','',NULL),(1990,'','PHẠM THỊ HỒNG','MAI',NULL,'09/7/1996','','Vĩnh Long','','','','',NULL),(1991,'','NGUYỄN KHÁNH','NGUYÊN',NULL,'02/6/1995','','Vĩnh Long','','','','',NULL),(1992,'','ĐẶNG HOÀI','NHÂN',NULL,'12/12/1997','','Vĩnh Long','','','','',NULL),(1993,'','NGUYỄN THÀNH','NHÂN',NULL,'11/12/1997','','Cần Thơ','','','','',NULL),(1994,'','LÊ HỒNG','NHUNG',NULL,'11/11/1994','','Vĩnh Long','','','','',NULL),(1995,'','VÕ THANH','PHONG',NULL,'24/01/1997','','Đồng Tháp','','','','',NULL),(1996,'','PHẠM HỒNG','PHÚC',NULL,'22/11/1997','','Vĩnh Long','','','','',NULL),(1997,'','PHẠM HOÀNG','PHÚC',NULL,'08/5/1997','','Vĩnh Long','','','','',NULL),(1998,'','TRƯƠNG THANH','PHƯƠNG',NULL,'26/01/1995','','Vĩnh Long','','','','',NULL),(1999,'','DƯƠNG NGỌC','QUÝ',NULL,'17/8/1997','','Vĩnh Long','','','','',NULL),(2000,'','BẠCH KIM','SA',NULL,'19/8/1995','','Vĩnh Long','','','','',NULL),(2001,'','NGUYỄN THANH','SANG',NULL,'08/12/1997','','Vĩnh Long','','','','',NULL),(2002,'','TRẦN TIẾN','SĨ',NULL,'14/3/1996','','Tiền Giang','','','','',NULL),(2003,'','QUAN MINH','TÂM',NULL,'26/6/1996','','Vĩnh Long','','','','',NULL),(2004,'','TRẦN BÁ NHẬT','TÂM',NULL,'20/11/1997','','Vĩnh Long','','','','',NULL),(2005,'','PHẠM MINH','TÂM',NULL,'26/10/1995','','Vĩnh Long','','','','',NULL),(2006,'','LÊ MINH','TÂN',NULL,'14/9/1997','','Đồng Tháp','','','','',NULL),(2007,'','NGUYỄN LÊ NGỌC','THÁI',NULL,'04/9/1997','','Vĩnh Long','','','','',NULL),(2008,'','NGUYỄN QUỐC','THÁI',NULL,'06/4/1997','','Đồng Tháp','','','','',NULL),(2009,'','HỒ QUỐC','THÁI',NULL,'22/10/1994','','Vĩnh Long','','','','',NULL),(2010,'','ĐỖ TRUNG','THÀNH',NULL,'12/8/1996','','Vĩnh Long','','','','',NULL),(2011,'','NGUYỄN TẤN','THÀNH',NULL,'08/02/1997','','Vĩnh Long','','','','',NULL),(2012,'','NGUYỄN CHÍ','THÀNH',NULL,'29/9/1997','','Trà Vinh','','','','',NULL),(2013,'','NGUYỄN THỊ THU','THẢO',NULL,'24/9/1996','','Vĩnh Long','','','','',NULL),(2014,'','ĐẶNG THUẬN','THẢO',NULL,'24/6/1997','','Tiền Giang','','','','',NULL),(2015,'','BÙI QUAN','THÊM',NULL,'04/10/1996','','Kiên Giang','','','','',NULL),(2016,'','NGUYỄN YẾN','THIÊN',NULL,'01/01/1997','','Vĩnh Long','','','','',NULL),(2017,'','ĐINH HOÀNG','TIÊM',NULL,'16/11/1994','','Cà Mau','','','','',NULL),(2018,'','ĐẶNG THỊ Á','TIÊN',NULL,'26/10/1997','','Đồng Tháp','','','','',NULL),(2019,'','LẠI MINH','TIẾN',NULL,'06/11/1997','','Vĩnh Long','','','','',NULL),(2020,'','NGUYỄN HỮU','TIẾN',NULL,'19/01/1995','','Vĩnh Long','','','','',NULL),(2021,'','NGUYỄN THÁI','TIỀN',NULL,'18/8/1997','','Vĩnh Long','','','','',NULL),(2022,'','NGUYỄN VĂN TRUNG','TÍN',NULL,'16/11/1997','','Tiền Giang','','','','',NULL),(2023,'','PHẠM CHÍ','TÍN',NULL,'03/7/1994','','Vĩnh Long','','','','',NULL),(2024,'','Nguyễn Chí','Trẻ',NULL,'01/01/1997','Nam','Trà Vinh','','','','',NULL),(2025,'','PHẠM QUỐC','TRIỆU',NULL,'23/4/1997','Nam','Trà Vinh','','','','',NULL),(2026,'','TRẦN MINH','TRIỆU',NULL,'10/11/1997','Nam','Vĩnh Long','','','','',NULL),(2027,'','NGUYỄN NGỌC DIỄM','TRINH',NULL,'25/11/1995','Nữ','Vĩnh Long','','','','',NULL),(2028,'','LÊ HỒNG MỸ','TRINH',NULL,'22/11/1994','Nữ','Tiền Giang','','','','',NULL),(2029,'','TRẦN THANH','TRÚC',NULL,'13/10/1997','','Vĩnh Long','','','','',NULL),(2030,'','VÕ HOÀNG','TRƯƠNG',NULL,'26/8/1997','','Vĩnh Long','','','','',NULL),(2031,'','TRẦN THỊ HỒNG','UYÊN',NULL,'18/11/1995','','Vĩnh Long','','','','',NULL),(2032,'','MAI THỊ TƯỜNG','VI',NULL,'09/10/1995','','Vĩnh Long','','','','',NULL),(2033,'','TRẦN LÂM THÚY','VI',NULL,'27/3/1997','','Vĩnh Long','','','','',NULL),(2034,'','NGUYỄN TRẦN TRIỀU','VĨ',NULL,'31/5/1997','','Đồng Tháp','','','','',NULL),(2035,'','NGUYỄN THANH','VY',NULL,'01/01/1997','','Vĩnh Long','','','','',NULL),(2036,'','Lê Văn','Chí',NULL,'15/3/1979','Nam','Vĩnh Long','','','','',NULL),(2037,'','NGUYỄN HOÀNG ANH','KIỆT',NULL,'11/8/1995','','Tiền Giang','','','','',NULL),(2096,'','Nguyễn Lâm','Anh',NULL,'25/3/1998','','Vĩnh Long','','','','',NULL),(2097,'','Nguyễn Quốc','Bảo',NULL,'28/01/1998','Nam','Vĩnh Long','','','','',NULL),(2098,'','Nguyễn Quý Bảo','Bảo',NULL,'19/6/1996','Nam','Vĩnh Long','','','','',NULL),(2099,'','Nguyễn Dương Thanh','Bình',NULL,'15/6/1995','','Vĩnh Long','','','','',NULL),(2100,'','Trương Thị Trang','Đài',NULL,'25/01/1998','','Vĩnh Long','','','','',NULL),(2101,'','Lê Đinh Thành','Đạt',NULL,'09/02/1998','','Vĩnh Long','','','','',NULL),(2102,'','Nguyễn Minh','Đạt',NULL,'10/7/1997','','Vĩnh Long','','','','',NULL),(2103,'','Lê Khánh','Duy',NULL,'17/9/1998','','Vĩnh Long','','','','',NULL),(2104,'','Nguyễn Trường','Duy',NULL,'24/12/1994','','Vĩnh Long','','','','',NULL),(2105,'','Lê Thị Huỳnh','Giao',NULL,'05/4/1998','','Vĩnh Long','','','','',NULL),(2106,'','Nguyễn Thị Ngọc','Hân',NULL,'24/5/1998','','Vĩnh Long','','','','',NULL),(2107,'','Ngô Nhật','Hào',NULL,'13/9/1997','','Tây Ninh','','','','',NULL),(2108,'','Hồ Văn','Hậu',NULL,'10/3/1995','','Vĩnh Long','','','','',NULL),(2109,'','Nguyễn Thị Thu','Hiền',NULL,'21/6/1998','','Vĩnh Long','','','','',NULL),(2110,'','La Minh','Hiếu',NULL,'30/9/1994','','Vĩnh Long','','','','',NULL),(2111,'','Nguyễn Minh','Hiếu',NULL,'30/5/1998','','Vĩnh Long','','','','',NULL),(2112,'','Lê Quang','Huy',NULL,'22/8/1998','','Bến Tre','','','','',NULL),(2113,'','Phạm Hoàng','Khang',NULL,'03/3/1998','','Vĩnh Long','','','','',NULL),(2114,'','Huỳnh Công','Khanh',NULL,'24/7/1998','','Vĩnh Long','','','','',NULL),(2115,'','Mai Quốc','Khánh',NULL,'19/12/1998','','Vĩnh Long','','','','',NULL),(2116,'','Lê Nguyễn Đăng','Khoa',NULL,'25/11/1997','','Tiền Giang','','','','',NULL),(2117,'','Nguyễn Văn','Khoa',NULL,'11/4/1998','','Đồng Tháp','','','','',NULL),(2118,'','Trần Ngọc','Kiều',NULL,'03/12/1995','','Vĩnh Long','','','','',NULL),(2119,'','Đinh Thị Ngọc','Liên',NULL,'24/6/1997','','Vĩnh Long','','','','',NULL),(2120,'','Nguyễn Hoài','Linh',NULL,'13/8/1998','','Đồng Tháp','','','','',NULL),(2121,'','Nguyễn Thành','Linh',NULL,'21/02/1998','','Vĩnh Long','','','','',NULL),(2122,'','Cao Hữu','Lộc',NULL,'20/11/1995','','Bến Tre','','','','',NULL),(2123,'','Nguyễn Thị Cẩm','Mi',NULL,'11/8/1998','','Vĩnh Long','','','','',NULL),(2124,'','Lê Thị Huế','Minh',NULL,'03/8/1996','','Vĩnh Long','','','','',NULL),(2125,'','Nguyễn Thị Tú','Ngân',NULL,'30/8/1998','','Vĩnh Long','','','','',NULL),(2126,'','Phạm Âu Ngọc','Ngân',NULL,'13/01/1998','','Vĩnh Long','','','','',NULL),(2127,'','Nguyễn Hùng Trung','Nghĩa',NULL,'28/12/1998','','Đồng Tháp','','','','',NULL),(2128,'','Hồ Thị Cẩm','Ngọc',NULL,'16/5/1998','','Vĩnh Long','','','','',NULL),(2129,'','Nguyễn Mỹ','Ngọc',NULL,'27/10/1998','','Vĩnh Long','','','','',NULL),(2130,'','Nguyễn Minh','Nhân',NULL,'10/02/1998','','Bến Tre','','','','',NULL),(2131,'','Nguyễn Ngọc','Nhân',NULL,'01/12/1996','','Vĩnh Long','','','','',NULL),(2132,'','Nguyễn Thị Bé','Nhi',NULL,'28/4/1998','','Tiền Giang','','','','',NULL),(2133,'','Trần Phạm Tuyết','Nhi',NULL,'26/10/1998','','Vĩnh Long','','','','',NULL),(2134,'','Nguyễn Đức','Nhuận',NULL,'04/12/1998','','An Giang','','','','',NULL),(2135,'','Nguyễn Thị Tuyết','Nhung',NULL,'01/01/1998','','Vĩnh Long','','','','',NULL),(2136,'','Nguyễn Thị Kiều','Oanh',NULL,'27/01/1998','','Vĩnh Long','','','','',NULL),(2137,'','Nguyễn Hoài','Phong',NULL,'06/10/1995','','Vĩnh Long','','','','',NULL),(2138,'','Nguyễn Trần Vĩnh','Phúc',NULL,'18/01/1995','','Vĩnh Long','','','','',NULL),(2139,'','Huỳnh Đặng','Phước',NULL,'27/02/1995','','Vĩnh Long','','','','',NULL),(2140,'','Ung Nguyễn Chí','Phương',NULL,'26/7/1998','','Vĩnh Long','','','','',NULL),(2141,'','Đặng Thị Thu','Quyên',NULL,'26/9/1997','','Vĩnh Long','','','','',NULL),(2142,'','Huỳnh Hồng','Thắm',NULL,'12/11/1998','','Bến Tre','','','','',NULL),(2143,'','Phan Hoàng','Thanh',NULL,'22/10/1995','','Vĩnh Long','','','','',NULL),(2144,'','Trần Thanh','Tiến',NULL,'12/7/1998','','Long An','','','','',NULL),(2145,'','Võ Ngọc Thanh','Tín',NULL,'06/02/1996','','Kiên Giang','','','','',NULL),(2146,'','Phạm Thị Thanh','Trúc',NULL,'29/8/1998','','Vĩnh Long','','','','',NULL),(2147,'','Đỗ Vĩnh','Tuấn',NULL,'29/6/1998','','Tp Hồ Chí Minh','','','','',NULL),(2148,'','Hồ Ngọc Bích','Tuyền',NULL,'06/6/1998','','Vĩnh Long','','','','',NULL),(2149,'','Huỳnh Tuấn','Việt',NULL,'12/9/1996','','Vĩnh Long','','','','',NULL),(2150,'','Thái Hữu','Vinh',NULL,'26/4/1996','','Vĩnh Long','','','','',NULL),(2151,'','Nguyễn Dương','Vũ',NULL,'16/3/1998','','Vĩnh Long','','','','',NULL),(2152,'','Trần Tuấn','Vủ',NULL,'30/4/1996','','Vĩnh Long','','','','',NULL),(2153,'','Trương Thị Hoàng','Yến',NULL,'20/6/1997','','Vĩnh Long','','','','',NULL),(2154,'','Hồ Thị Ngọc','Ái',NULL,'20/01/1997','Nữ','Vĩnh Long','','','','',NULL),(2155,'','Đinh Quốc','An',NULL,'20/12/1998','Nam','Đồng Tháp','','','','',NULL),(2156,'','Hồ Lê Trúc','An',NULL,'15/10/1997','','Vĩnh Long','','','','',NULL),(2157,'','Kiều Võ Bình','An',NULL,'08/12/1997','','Vĩnh Long','','','','',NULL),(2158,'','Lê Tuấn','Anh',NULL,'21/11/1998','','Vĩnh Long','','','','',NULL),(2159,'','Phạm Quốc','Anh',NULL,'19/6/1997','','Vĩnh Long','','','','',NULL),(2160,'','Nguyễn Thị Ngọc','Ánh',NULL,'10/11/1997','Nữ','Vĩnh Long','','','','',NULL),(2161,'','Phan Thị Ngọc','Ánh',NULL,'09/5/1996','Nữ','Vĩnh Long','','','','',NULL),(2162,'','Nguyễn Chí','Bảo',NULL,'29/11/1996','Nam','Trà Vinh','','','','',NULL),(2163,'','Nguyễn Tuấn','Cảnh',NULL,'05/4/1996','Nam','Vĩnh Long','','','','',NULL),(2164,'','Lê Thị Bích','Chăm',NULL,'31/7/1998','Nữ','Vĩnh Long','','','','',NULL),(2165,'','Lê Kim','Chi',NULL,'14/8/1997','Nữ','Đồng Tháp','','','','',NULL),(2166,'','Nguyễn Thị Mỹ','Chi',NULL,'04/8/1997','Nữ','Vĩnh Long','','','','',NULL),(2167,'','Lê Minh','Chiến',NULL,'09/5/1997','','Vĩnh Long','','','','',NULL),(2168,'','Phan Đại','Chuẩn',NULL,'01/01/1997','','Vĩnh Long','','','','',NULL),(2169,'','Nguyễn Nguyên','Chương',NULL,'08/9/1997','','Vĩnh Long','','','','',NULL),(2170,'','Võ Hồng','Cơ',NULL,'15/7/1997','','Cần Thơ','','','','',NULL),(2171,'','Nguyễn Trọng','Cương',NULL,'10/7/1995','','Vĩnh Long','','','','',NULL),(2172,'','Lê Quốc','Cường',NULL,'22/10/1995','','Vĩnh Long','','','','',NULL),(2173,'','Lê Trí','Cường',NULL,'09/9/1997','','Tiền Giang','','','','',NULL),(2174,'','Nguyễn Huỳnh','Đăng',NULL,'02/3/1997','','Long An','','','','',NULL),(2175,'','Nguyễn Minh','Đạt',NULL,'10/3/1997','','Bến Tre','','','','',NULL),(2176,'','Nguyễn Tiếng','Đạt',NULL,'15/02/1995','','Vĩnh Long','','','','',NULL),(2177,'','Nguyễn Văn','Đạt',NULL,'05/10/1998','','Vĩnh Long','','','','',NULL),(2178,'','Nguyễn Phương','Di',NULL,'31/8/1996','','Vĩnh Long','','','','',NULL),(2179,'','Cao Thị Ngọc','Diễm',NULL,'26/4/1995','','Vĩnh Long','','','','',NULL),(2180,'','Trần Thị Ngọc','Diễm',NULL,'17/7/1997','','Vĩnh Long','','','','',NULL),(2181,'','Trương Công','Định',NULL,'14/8/1996','','Đồng Tháp','','','','',NULL),(2182,'','Nguyễn Huỳnh','Dương',NULL,'22/9/1997','','Bến Tre','','','','',NULL),(2183,'','Võ Hoàng','Dương',NULL,'09/5/1997','','Bến Tre','','','','',NULL),(2184,'','Đổ Minh','Duy',NULL,'20/10/1996','','An Giang','','','','',NULL),(2185,'','Ngô Khánh','Duy',NULL,'24/10/1995','','Cần Thơ','','','','',NULL),(2186,'','Nguyễn Ánh','Duy',NULL,'21/9/1997','','Vĩnh Long','','','','',NULL),(2187,'','Nguyễn Bảo','Duy',NULL,'29/10/1995','','Vĩnh Long','','','','',NULL),(2188,'','Nguyễn Nhật','Duy',NULL,'03/01/1998','','Tiền Giang','','','','',NULL),(2189,'','Phạm Thế','Duy',NULL,'25/02/1996','','Đồng Tháp','','','','',NULL),(2190,'','Đoàn Minh Lộc','Em',NULL,'28/01/1998','','Vĩnh Long','','','','',NULL),(2191,'','Lê Thị Cẩm','Giang',NULL,'09/9/1996','','Vĩnh Long','','','','',NULL),(2192,'','Nguyễn Trường','Giang',NULL,'06/01/1995','','Đồng Tháp','','','','',NULL),(2193,'','Phạm Trường','Giang',NULL,'11/9/1997','','Vĩnh Long','','','','',NULL),(2194,'','Nguyễn Chí','Hải',NULL,'09/7/1997','','Đồng Tháp','','','','',NULL),(2195,'','Huỳnh Thị','Hạnh',NULL,'21/8/1998','','Vĩnh Long','','','','',NULL),(2196,'','Lê Thị Diệu','Hạnh',NULL,'12/02/1994','','Đắk Lắk','','','','',NULL),(2197,'','Nguyễn Trọng','Hiền',NULL,'17/11/1996','','Thanh Hóa','','','','',NULL),(2198,'','Lê Trung','Hiếu',NULL,'09/9/1997','','An Giang','','','','',NULL),(2199,'','Nguyễn Khắc','Hiếu',NULL,'16/11/1996','','Thanh Hóa','','','','',NULL),(2200,'','Nguyễn Trung','Hiếu',NULL,'20/02/1997','','Vĩnh Long','','','','',NULL),(2201,'','Nguyễn Đông','Hồ',NULL,'18/9/1998','','Đồng Tháp','','','','',NULL),(2202,'','Nguyễn Khoa','Huân',NULL,'22/10/1997','Nam','Vĩnh Long','','','','',NULL),(2203,'','Trần Thị','Hương',NULL,'20/01/1998','','Vĩnh Long','','','','',NULL),(2204,'','Trần Thị Mỹ','Huyền',NULL,'07/9/1997','','Phú Yên','','','','',NULL),(2205,'','Huỳnh Duy','Khanh',NULL,'08/4/1997','','Vĩnh Long','','','','',NULL),(2206,'','Lê Nhật','Khánh',NULL,'16/01/1996','','Sóc Trăng','','','','',NULL),(2207,'','Nguyễn Đăng','Khoa',NULL,'24/9/1998','','Vĩnh Long','','','','',NULL),(2208,'','Nguyễn Anh','Khôi',NULL,'14/8/1996','','Vĩnh Long','','','','',NULL),(2209,'','Thi Trọng','Khôi',NULL,'20/12/1996','','Vĩnh Long','','','','',NULL),(2210,'','Đỗ Phi','Lam',NULL,'01/01/1998','','Tiền Giang','','','','',NULL),(2211,'','Nguyễn Trúc','Lan',NULL,'16/9/1997','','Vĩnh Long','','','','',NULL),(2212,'','Dương Thị Ngọc','Liên',NULL,'09/9/1997','','Vĩnh Long','','','','',NULL),(2213,'','Hồ Thị Diệu','Linh',NULL,'05/11/1998','','Sóc Trăng','','','','',NULL),(2214,'','Phạm Chí','Linh',NULL,'14/9/1998','','Vĩnh Long','','','','',NULL),(2215,'','Võ Thị Ngọc','Loan',NULL,'20/11/1997','','Vĩnh Long','','','','',NULL),(2216,'','Huỳnh Phước','Lộc',NULL,'21/5/1997','','An Giang','','','','',NULL),(2217,'','Nguyễn Vũ','Luân',NULL,'19/3/1998','','Vĩnh Long','','','','',NULL),(2218,'','Trần Thành','Luân',NULL,'03/4/1997','','Bến Tre','','','','',NULL),(2219,'','Nguyễn Văn','Mến',NULL,'21/10/1998','','Trà Vinh','','','','',NULL),(2220,'','Đặng Hoàng','Minh',NULL,'24/01/1993','','Trà Vinh','','','','',NULL),(2221,'','Lê Tuấn','Minh',NULL,'10/6/1998','','Đồng Tháp','','','','',NULL),(2222,'','Nguyễn Văn','Minh',NULL,'26/7/1996','','Đồng Tháp','','','','',NULL),(2223,'','Lê Thị Diễm','My',NULL,'26/8/1997','','Vĩnh Long','','','','',NULL),(2224,'','Lê Đỗ Ái','Mỹ',NULL,'18/7/1997','','Vĩnh Long','','','','',NULL),(2225,'','Lê Hoàng','Nam',NULL,'13/3/1998','','Tiền Giang','','','','',NULL),(2226,'','Lê Văn Minh','Nam',NULL,'29/4/1998','','Vĩnh Long','','','','',NULL),(2227,'','Nguyễn Hoài','Nam',NULL,'23/8/1998','','Vĩnh Long','','','','',NULL),(2228,'','Nguyễn Khoa','Nam',NULL,'30/11/1998','','Vĩnh Long','','','','',NULL),(2229,'','Nguyễn Cát','Năng',NULL,'12/5/1998','','Vĩnh Long','','','','',NULL),(2230,'','Đặng Thị Cẩm','Ngân',NULL,'03/8/1997','','Vĩnh Long','','','','',NULL),(2231,'','Nguyễn Hoàng Kim','Ngân',NULL,'30/11/1997','','Vĩnh Long','','','','',NULL),(2232,'','Nguyễn Thị Kim','Ngân',NULL,'09/9/1996','','Vĩnh Long','','','','',NULL),(2233,'','Võ Kim','Ngân',NULL,'29/3/1995','','Đồng Tháp','','','','',NULL),(2234,'','Thái Ngọc','Nghĩa',NULL,'04/5/1996','','Đồng Tháp','','','','',NULL),(2235,'','Lê Thị Bích','Ngọc',NULL,'13/01/1997','','Bến Tre','','','','',NULL),(2236,'','Nguyễn Kim','Ngọc',NULL,'16/11/1997','','Vĩnh Long','','','','',NULL),(2237,'','Trần Thị Kim','Ngọc',NULL,'16/01/1997','','Vĩnh Long','','','','',NULL),(2238,'','Võ Thị Bội','Ngọc',NULL,'01/10/1997','','Vĩnh Long','','','','',NULL),(2239,'','Nguyễn Thanh Thảo','Nguyên',NULL,'19/4/1997','','Vĩnh Long','','','','',NULL),(2240,'','Trần Thị Bé','Nguyên',NULL,'08/10/1997','','Vĩnh Long','','','','',NULL),(2241,'','Nguyễn Thành','Nguyện',NULL,'02/01/1997','','Bến Tre','','','','',NULL),(2242,'','Dương Thanh','Nhã',NULL,'26/6/1997','','Vĩnh Long','','','','',NULL),(2243,'','Nguyễn Thanh','Nhàn',NULL,'17/02/1995','','Vĩnh Long','','','','',NULL),(2244,'','Nguyễn Trương Trọng','Nhân',NULL,'26/02/1996','','Trà Vinh','','','','',NULL),(2245,'','Hồ Minh Lại Tuyết','Nhi',NULL,'15/12/1998','','Cần Thơ','','','','',NULL),(2246,'','Nguyễn Thị Xuân','Nhi',NULL,'06/01/1997','','Vĩnh Long','','','','',NULL),(2247,'','Nguyễn Yến','Nhi',NULL,'20/11/1996','','Vĩnh Long','','','','',NULL),(2248,'','Nguyễn Huỳnh','Như',NULL,'21/02/1997','','Cà Mau','','','','',NULL),(2249,'','Nguyễn Thị Thảo','Như',NULL,'01/01/1998','','Vĩnh Long','','','','',NULL),(2250,'','Ngô Thị Cẩm','Nhung',NULL,'02/7/1998','','Vĩnh Long','','','','',NULL),(2251,'','Lê Thanh','Nhựt',NULL,'07/6/1994','','Vĩnh Long','','','','',NULL),(2252,'','Ngô Minh','Nhựt',NULL,'16/7/1996','','Vĩnh Long','','','','',NULL),(2253,'','Phạm Ngọc','Phát',NULL,'13/5/1997','','Vĩnh Long','','','','',NULL),(2254,'','Lê Thanh','Phú',NULL,'26/7/1996','','Vĩnh Long','','','','',NULL),(2255,'','Nguyễn Đắc','Phú',NULL,'09/01/1997','','Vĩnh Long','','','','',NULL),(2256,'','Nguyễn Dương','Phụng',NULL,'07/12/1998','','Bến Tre','','','','',NULL),(2257,'','Dương Minh','Phước',NULL,'28/02/1997','','Vĩnh Long','','','','',NULL),(2258,'','Nguyễn Hoài','Phương',NULL,'27/11/1998','','Vĩnh Long','','','','',NULL),(2259,'','Nguyễn Minh','Quân',NULL,'21/10/1996','','Đồng Tháp','','','','',NULL),(2260,'','Trương Minh','Quý',NULL,'12/5/1997','','Kiên Giang','','','','',NULL),(2261,'','Trần Ngọc','Sang',NULL,'05/8/1995','','Vĩnh Long','','','','',NULL),(2262,'','Trần Thanh','Sang',NULL,'07/4/1995','','Kiên Giang','','','','',NULL),(2263,'','Nguyễn Bảo','Sơn',NULL,'14/12/1998','','Vĩnh Long','','','','',NULL),(2264,'','Vũ Huy','Sơn',NULL,'03/12/1996','','Bình Định','','','','',NULL),(2265,'','Đoàn Phát','Tài',NULL,'25/7/1998','','Vĩnh Long','','','','',NULL),(2266,'','Nguyễn Hiếu','Tâm',NULL,'02/7/1996','','Vĩnh Long','','','','',NULL),(2267,'','Trần Thanh','Tâm',NULL,'15/10/1995','','Trà Vinh','','','','',NULL),(2268,'','Nguyễn Đức','Tân',NULL,'29/02/1996','','Đồng Tháp','','','','',NULL),(2269,'','Nguyễn Duy','Tân',NULL,'15/8/1998','','Vĩnh Long','','','','',NULL),(2270,'','Trương Nhựt','Tân',NULL,'18/3/1998','','Tiền Giang','','','','',NULL),(2271,'','Trần Hoàng Xuân','Thắng',NULL,'26/10/1997','','Trà Vinh','','','','',NULL),(2272,'','Trần Việt','Thắng',NULL,'04/9/1997','','Bến Tre','','','','',NULL),(2273,'','Nguyễn Hồng','Thanh',NULL,'14/10/1997','','Đắk Lắk','','','','',NULL),(2274,'','Hồ Phước','Thành',NULL,'07/12/1996','','Vĩnh Long','','','','',NULL),(2275,'','Trần Phước','Thạnh',NULL,'02/5/1997','','Đồng Tháp','','','','',NULL),(2276,'','Bùi Thị Hoài','Thảo',NULL,'01/8/1996','','Bình Thuận','','','','',NULL),(2277,'','Nguyễn Minh','Thế',NULL,'13/11/1996','','Trà Vinh','','','','',NULL),(2278,'','Nguyễn Tấn','Thêm',NULL,'12/5/1997','','Cần Thơ','','','','',NULL),(2279,'','Nguyễn Chí','Thiện',NULL,'20/4/1998','','Tiền Giang','','','','',NULL),(2280,'','Nguyễn Minh','Thiện',NULL,'02/6/1996','','Vĩnh Long','','','','',NULL),(2281,'','Nguyễn Phước','Thiện',NULL,'30/4/1997','','Đồng Tháp','','','','',NULL),(2282,'','Trần Hoàng','Thiện',NULL,'17/10/1996','','Tiền Giang','','','','',NULL),(2283,'','Hồ Đắc','Thịnh',NULL,'06/9/1997','','Vĩnh Long','','','','',NULL),(2284,'','Huỳnh Bá','Thịnh',NULL,'19/10/1998','','Vĩnh Long','','','','',NULL),(2285,'','Nguyễn Thị Cẩm','Thơ',NULL,'22/4/1998','','Bến Tre','','','','',NULL),(2286,'','Hồ Phước','Thoại',NULL,'12/6/1997','','Vĩnh Long','','','','',NULL),(2287,'','Huỳnh Phúc','Thoại',NULL,'15/6/1996','','Trà Vinh','','','','',NULL),(2288,'','Hồ Hoàng','Thuận',NULL,'12/1/1997','','Cà Mau','','','','',NULL),(2289,'','Trần Chí','Thuật',NULL,'02/6/1998','','Tiền Giang','','','','',NULL),(2290,'','Bạch Hoài','Thương',NULL,'26/11/1996','','Hậu Giang','','','','',NULL),(2291,'','Nguyễn Thị Kiều','Tiên',NULL,'13/02/1998','','Vĩnh Long','','','','',NULL),(2292,'','Nguyễn Hửu','Tiến',NULL,'11/12/1996','','Kiên Giang','','','','',NULL),(2293,'','Nguyễn Minh','Tiến',NULL,'01/4/1998','','Vĩnh Long','','','','',NULL),(2294,'','Nguyễn Quang','Tiến',NULL,'19/8/1997','','Vĩnh Long','','','','',NULL),(2295,'','Nguyễn Thành','Tiến',NULL,'01/5/1996','','Vĩnh Long','','','','',NULL),(2296,'','Võ Trọng','Tín',NULL,'19/11/1998','','Vĩnh Long','','','','',NULL),(2297,'','Nguyễn Thái','Toàn',NULL,'21/02/1997','','Vĩnh Long','','','','',NULL),(2298,'','Giáp Phạm Ngọc','Trâm',NULL,'20/8/1997','','Đồng Tháp','','','','',NULL),(2299,'','Dương Minh','Trí',NULL,'12/4/1996','Nam','Sóc Trăng','','','','',NULL),(2300,'','Nguyễn Minh','Trí',NULL,'06/3/1996','Nam','Sóc Trăng','','','','',NULL),(2301,'','Trương Minh','Trí',NULL,'20/12/1997','Nam','Vĩnh Long','','','','',NULL),(2302,'','Nguyễn Thị Tuyết','Trinh',NULL,'26/6/1998','Nữ','Vĩnh Long','','','','',NULL),(2303,'','Nguyễn Tiến','Trình',NULL,'09/12/1992','Nam','Trà Vinh','','','','',NULL),(2304,'','Huỳnh Công','Tú',NULL,'11/6/1997','','Đắk Lắk','','','','',NULL),(2305,'','Võ Văn','Tú',NULL,'19/9/1995','Nam','An Giang','','','','',NULL),(2306,'','Lâm Quốc','Tuấn',NULL,'30/11/1998','Nam','Vĩnh Long','','','','',NULL),(2307,'','Nguyễn Anh','Tuấn',NULL,'16/8/1998','Nam','Quảng Ngãi','','','','',NULL),(2308,'','Phạm Võ Anh','Tuấn',NULL,'21/8/1995','','Vĩnh Long','','','','',NULL),(2309,'','Tô Ngọc','Tuấn',NULL,'08/02/1996','','Sóc Trăng','','','','',NULL),(2310,'','Nguyễn Thị Hồng','Vân',NULL,'15/3/1998','','Đồng Tháp','','','','',NULL),(2311,'','Đặng Hoàng','Vang',NULL,'01/01/1997','','Đồng Tháp','','','','',NULL),(2312,'','Võ Quốc','Việt',NULL,'11/9/1997','','Tiền Giang','','','','',NULL),(2313,'','Nguyễn Đức Trà','Vinh',NULL,'23/6/1997','','Khánh Hoà','','','','',NULL),(2314,'','Trần Thanh','Vũ',NULL,'01/02/1998','','Cần Thơ','','','','',NULL),(2315,'','Lê Thị Hồng','Yến',NULL,'19/6/1996','','Vĩnh Long','','','','',NULL),(2316,'','Nguyễn Văn','Bảy',NULL,'15/4/1985','Nam','Vĩnh Long','','','','',NULL),(2317,'','Nguyễn Thanh','Bình',NULL,'10/10/1976','','Vĩnh Long','','','','',NULL),(2318,'','Nguyễn Văn','Bình',NULL,'1976','','Cửu Long','','','','',NULL),(2319,'','Trần Quốc','Ca',NULL,'12/5/1978','','Vĩnh Long','','','','',NULL),(2320,'','Nguyễn Văn','Chanh',NULL,'1968','Nam','Vĩnh Long','','','','',NULL),(2321,'','Dương Văn','Châu',NULL,'08/11/1981','Nam','Vĩnh Long','','','','',NULL),(2322,'','Phạm Văn','Chính',NULL,'1978','','Đồng Tháp','','','','',NULL),(2323,'','Lê Quốc','Cường',NULL,'03/9/1978','','Vĩnh Long','','','','',NULL),(2324,'','Nguyễn Trung','Dũng',NULL,'20/12/1977','','Vĩnh Long','','','','',NULL),(2325,'','Lê Xuân','Dưỡng',NULL,'18/01/1979','','Trà Vinh','','','','',NULL),(2326,'','Cù Quốc','Duy',NULL,'04/02/1983','','Vĩnh Long','','','','',NULL),(2327,'','Nguyễn','Fiđel',NULL,'22/11/1985','','Vĩnh Long','','','','',NULL),(2328,'','Đặng Đức','Hải',NULL,'19/01/1991','','Vĩnh Long','','','','',NULL),(2329,'','Nguyễn Thị Như','Hằng',NULL,'23/12/1976','','Vĩnh Long','','','','',NULL),(2330,'','Huỳnh Minh','Hiền',NULL,'16/3/1969','','Vĩnh Long','','','','',NULL),(2331,'','Hồ Văn','Hiệp',NULL,'16/6/1968','','Trà Vinh','','','','',NULL),(2332,'','Nguyễn Phước','Hoàng',NULL,'29/9/1966','','Vĩnh Long','','','','',NULL),(2333,'','Trần Thị Ánh','Hồng',NULL,'27/10/1977','Nữ','Vĩnh Long','','','','',NULL),(2334,'','Dương Văn Tuyết','Hùng',NULL,'01/7/1965','','Vĩnh Long','','','','',NULL),(2335,'','Lê Chí','Hùng',NULL,'07/11/1978','','Vĩnh Long','','','','',NULL),(2336,'','Nguyễn Thanh','Hùng',NULL,'17/9/1975','','Cần Thơ','','','','',NULL),(2337,'','Trần Văn','Khiển',NULL,'1981','','Vĩnh Long','','','','',NULL),(2338,'','Nguyễn Tấn','Lạc',NULL,'26/6/1983','','Vĩnh Long','','','','',NULL),(2339,'','Nguyễn Thanh','Loan',NULL,'27/12/1978','','Trà Vinh','','','','',NULL),(2340,'','Huỳnh Trường','Lộc',NULL,'24/6/1987','','Vĩnh Long','','','','',NULL),(2341,'','Nguyễn Văn','Long',NULL,'18/9/1982','','Vĩnh Long','','','','',NULL),(2342,'','Phạm Hoàng','Minh',NULL,'15/10/1981','','Vĩnh Long','','','','',NULL),(2343,'','Nguyễn Trung','Nam',NULL,'21/12/1969','','Hà Nam','','','','',NULL),(2344,'','Võ Văn','Ngoan',NULL,'08/4/1978','','Vĩnh Long','','','','',NULL),(2345,'','Lâm Thị Ánh','Ngọc',NULL,'21/01/1982','','Vĩnh Long','','','','',NULL),(2346,'','Nguyễn Thị Kim','Ngọc',NULL,'18/9/1980','','Vĩnh Long','','','','',NULL),(2347,'','Nguyễn Thị Kim','Nguyệt',NULL,'20/4/1970','','Vĩnh Long','','','','',NULL),(2348,'','Trương Mỹ','Nhân',NULL,'16/4/1981','','Vĩnh Long','','','','',NULL),(2349,'','Phạm Minh','Nhật',NULL,'12/6/1983','','Vĩnh Long','','','','',NULL),(2350,'','Nguyễn Thị Hằng','Nhi',NULL,'20/12/1985','','Vĩnh Long','','','','',NULL),(2351,'','Nguyễn Hoàng','Nhiên',NULL,'08/9/1972','','Vĩnh Long','','','','',NULL),(2352,'','Nguyễn Văn','Nhiên',NULL,'25/12/1967','','Vĩnh Long','','','','',NULL),(2353,'','Nguyễn Thị Đông','Sang',NULL,'15/4/1977','','Vĩnh Long','','','','',NULL),(2354,'','Lê Minh','Sơn',NULL,'07/12/1970','','Vĩnh Long','','','','',NULL),(2355,'','Nguyễn Chí','Tâm',NULL,'08/8/1969','','Trà Vinh','','','','',NULL),(2356,'','Phước Văn','Thắng',NULL,'08/3/1986','','Vĩnh Long','','','','',NULL),(2357,'','Lê Thị Kim','Thảo',NULL,'19/8/1979','','Vĩnh Long','','','','',NULL),(2358,'','Trần Thị Hoa','Thơ',NULL,'31/01/1982','','Vĩnh Long','','','','',NULL),(2359,'','Nguyễn Công','Thức',NULL,'19/5/1978','','Vĩnh Long','','','','',NULL),(2360,'','Cao Minh','Tiến',NULL,'15/3/1984','','Đồng Tháp','','','','',NULL),(2361,'','Nguyễn Minh','Tiến',NULL,'12/10/1991','','Tiền Giang','','','','',NULL),(2362,'','Nguyễn Hữu','Toàn',NULL,'12/01/1986','','Vĩnh Long','','','','',NULL),(2363,'','Nguyễn Minh','Toàn',NULL,'16/6/1984','','Vĩnh Long','','','','',NULL),(2364,'','Nguyễn Trang Bích','Trâm',NULL,'06/6/1988','','Vĩnh Long','','','','',NULL),(2365,'','Nguyễn Thanh','Trang',NULL,'08/7/1973','Nữ','Vĩnh Long','','','','',NULL),(2366,'','Nguyễn Thị Yến','Trang',NULL,'26/9/1974','Nữ','Tiền Giang','','','','',NULL),(2367,'','Trương Thị Kim','Trang',NULL,'11/7/1990','Nữ','Vĩnh Long','','','','',NULL),(2368,'','Nguyễn Minh','Trí',NULL,'26/4/1988','Nam','Vĩnh Long','','','','',NULL),(2369,'','Nguyễn Thành','Trung',NULL,'15/5/1977','','Vĩnh Long','','','','',NULL),(2370,'','Tăng Điền','Trung',NULL,'08/6/1978','','Vĩnh Long','','','','',NULL),(2371,'','Châu','Tuấn',NULL,'26/8/1986','','Vĩnh Long','','','','',NULL),(2372,'','Hồ Thanh','Tùng',NULL,'15/01/1975','','Vĩnh Long','','','','',NULL),(2373,'','Lê Thanh','Tùng',NULL,'12/9/1968','','Vĩnh Long','','','','',NULL),(2374,'','Nguyễn Văn','Tưởng',NULL,'25/10/1966','','Vĩnh Long','','','','',NULL),(2375,'','Trần Thanh','Tuyền',NULL,'16/4/1977','','Vĩnh Long','','','','',NULL),(2376,'','Trần Nguyễn Nhật','Uyên',NULL,'15/5/1990','','Cửu Long','','','','',NULL),(2377,'','Lương Thế','Vinh',NULL,'14/02/1989','','Vĩnh Long','','','','',NULL),(2378,'','Nguyễn Thành','Yên',NULL,'08/02/1979','','Vĩnh Long','','','','',NULL),(2379,'','Lê Hoàng','Anh',NULL,'16/7/1996','Nam','Vĩnh Long','','','','',NULL),(2380,'','Phạm Bảo','Anh',NULL,'09/6/1996','','Trà Vinh','','','','',NULL),(2381,'','Phạm Thị Nhan','Anh',NULL,'30/12/1998','','Vĩnh Long','','','','',NULL),(2382,'','Hồ Thanh','Bảo',NULL,'17/3/1997','Nam','Vĩnh Long','','','','',NULL),(2383,'','Trần Quốc','Bảo',NULL,'25/5/1996','Nam','Đồng Tháp','','','','',NULL),(2384,'','Ngô Thanh','Bình',NULL,'10/5/1998','','Vĩnh Long','','','','',NULL),(2385,'','Nguyễn Cao Hồng','Cẩm',NULL,'31/3/1998','','Vĩnh Long','','','','',NULL),(2386,'','Hồ Minh','Cảnh',NULL,'14/01/1998','Nam','Vĩnh Long','','','','',NULL),(2387,'','Đặng Ngọc','Chăm',NULL,'28/8/1998','','Vĩnh Long','','','','',NULL),(2388,'','Huỳnh Trương Trọng','Chinh',NULL,'21/10/1996','','Vĩnh Long','','','','',NULL),(2389,'','Nguyễn Thị Hồng','Cơ',NULL,'21/8/1998','','Bến Tre','','','','',NULL),(2390,'','Phan Công','Đại',NULL,'10/02/1996','','Vĩnh Long','','','','',NULL),(2391,'','Vũ Minh','Đang',NULL,'10/12/1998','','Vĩnh Long','','','','',NULL),(2392,'','Ngô Thành','Đạt',NULL,'21/4/1997','','Vĩnh Long','','','','',NULL),(2393,'','Nguyễn Chí','Đạt',NULL,'17/12/1997','','Vĩnh Long','','','','',NULL),(2394,'','Nguyễn Gia','Đạt',NULL,'06/8/1997','','Vĩnh Long','','','','',NULL),(2395,'','Nguyễn Hửu','Đạt',NULL,'06/5/1997','','Vĩnh Long','','','','',NULL),(2396,'','Thái Thành','Đạt',NULL,'21/8/1997','','Vĩnh Long','','','','',NULL),(2397,'','Phạm Ngọc','Diễm',NULL,'18/5/1998','','Vĩnh Long','','','','',NULL),(2398,'','Trần Văn','Đông',NULL,'25/5/1998','Nam','Vĩnh Long','','','','',NULL),(2399,'','Nguyễn Hữu','Đức',NULL,'01/9/1997','Nam','Vĩnh Long','','','','',NULL),(2400,'','Trần Hạnh','Dung',NULL,'05/7/1995','','Vĩnh Long','','','','',NULL),(2401,'','Nguyễn Văn','Dương',NULL,'02/10/1996','','Tiền Giang','','','','',NULL),(2402,'','Lê Khắc','Duy',NULL,'17/01/1996','','Đồng Tháp','','','','',NULL),(2403,'','Nguyễn Thị Thúy','Duy',NULL,'20/7/1998','','Vĩnh Long','','','','',NULL),(2404,'','Nguyễn Thị Cẩm','Giang',NULL,'06/01/1998','','Cà Mau','','','','',NULL),(2405,'','Nguyễn Vân Trường','Giang',NULL,'07/8/1997','','Vĩnh Long','','','','',NULL),(2406,'','Lý Ngọc','Hân',NULL,'18/3/1998','','Vĩnh Long','','','','',NULL),(2407,'','Nguyễn Thị Ngọc','Hân',NULL,'17/5/1998','','Vĩnh Long','','','','',NULL),(2408,'','Phạm Thị Kim','Hằng',NULL,'08/6/1997','','Vĩnh Long','','','','',NULL),(2409,'','Nguyễn Thanh','Hiền',NULL,'26/12/1995','','An Giang','','','','',NULL),(2410,'','Hà Minh','Hiếu',NULL,'01/01/1997','','Đồng Tháp','','','','',NULL),(2411,'','Trần Đức','Hiếu',NULL,'02/4/1998','','Kiên Giang','','','','',NULL),(2412,'','Trần Thái','Hòa',NULL,'05/6/1998','','Tiền Giang','','','','',NULL),(2413,'','Dương Minh','Huấn',NULL,'04/10/1997','Nam','Trà Vinh','','','','',NULL),(2414,'','Nguyễn Thanh','Hưởng',NULL,'02/12/1997','','Vĩnh Long','','','','',NULL),(2415,'','Trần Nhựt','Hữu',NULL,'29/12/1996','','Vĩnh Long','','','','',NULL),(2416,'','Châu Quang','Huy',NULL,'06/5/1997','','Trà Vinh','','','','',NULL),(2417,'','Mai Hoàng','Huy',NULL,'15/02/1997','','Vĩnh Long','','','','',NULL),(2418,'','Nguyễn Khắc','Huy',NULL,'12/5/1997','','Vĩnh Long','','','','',NULL),(2419,'','Nguyễn Thụy Gia','Huỳnh',NULL,'13/9/1997','','Vĩnh Long','','','','',NULL),(2420,'','Nguyễn Thành','Kha',NULL,'16/3/1996','','Vĩnh Long','','','','',NULL),(2421,'','Hồ Văn','Khan',NULL,'10/6/1996','','Bến Tre','','','','',NULL),(2422,'','Đỗ An','Khang',NULL,'29/9/1997','','Kiên Giang','','','','',NULL),(2423,'','Phạm Lưu Minh','Khang',NULL,'09/9/1998','','Vĩnh Long','','','','',NULL),(2424,'','Đặng Võ Yến','Khoa',NULL,'04/8/1998','','Vĩnh Long','','','','',NULL),(2425,'','Phạm Mạnh','Khôi',NULL,'15/7/1998','','Vĩnh Long','','','','',NULL),(2426,'','Trần Văn','Kiên',NULL,'18/3/1997','','Bến Tre','','','','',NULL),(2427,'','Huỳnh Võ Chí','Kiêng',NULL,'17/12/1996','','Vĩnh Long','','','','',NULL),(2428,'','Trần Nguyễn Trường','Kiệt',NULL,'26/3/1996','','Cần Thơ','','','','',NULL),(2429,'','Nguyễn Thị Ngọc','Lan',NULL,'17/7/1998','','Vĩnh Long','','','','',NULL),(2430,'','Đỗ Thành','Lập',NULL,'01/11/1998','','Vĩnh Long','','','','',NULL),(2431,'','Phạm Chí','Linh',NULL,'13/10/1996','','Vĩnh Long','','','','',NULL),(2432,'','Võ Diễm','Linh',NULL,'10/8/1998','','Cà Mau','','','','',NULL),(2433,'','Phạm Tấn','Lộc',NULL,'28/8/1998','','Vĩnh Long','','','','',NULL),(2434,'','Lê Minh','Long',NULL,'03/10/1998','','Tiền Giang','','','','',NULL),(2435,'','Nguyễn Minh','Luân',NULL,'12/3/1998','','Vĩnh Long','','','','',NULL),(2436,'','Phan Tấn','Lượng',NULL,'25/7/1998','','Tiền Giang','','','','',NULL),(2437,'','Nguyễn Thị Kim','Luyến',NULL,'12/10/1998','','Vĩnh Long','','','','',NULL),(2438,'','Trần Thị Thảo','Ly',NULL,'02/10/1998','','Vĩnh Long','','','','',NULL),(2439,'','Lê Ngọc','Mai',NULL,'01/01/1998','','Vĩnh Long','','','','',NULL),(2440,'','Trịnh Minh','Mãi',NULL,'26/9/1995','','Bạc Liêu','','','','',NULL),(2441,'','Hà Phúc Nhựt','Minh',NULL,'19/8/1996','','Tiền Giang','','','','',NULL),(2442,'','Nguyễn Thị Kiều','My',NULL,'29/3/1998','','Vĩnh Long','','','','',NULL),(2443,'','Bùi Thị Tuyết','Ngân',NULL,'25/11/1997','','Vĩnh Long','','','','',NULL),(2444,'','Đoàn Lê Kim','Ngân',NULL,'14/6/1998','','Tiền Giang','','','','',NULL),(2445,'','Lê Phan Ngọc','Ngân',NULL,'09/11/1997','','Vĩnh Long','','','','',NULL),(2446,'','Ngô Thị Trúc','Ngân',NULL,'14/4/1998','','Vĩnh Long','','','','',NULL),(2447,'','Nguyễn Phạm Hoàng','Ngân',NULL,'05/3/1997','','Vĩnh Long','','','','',NULL),(2448,'','Nguyễn Văn','Ngân',NULL,'29/9/1997','','Đồng Tháp','','','','',NULL),(2449,'','Tô Huỳnh Kim','Ngân',NULL,'24/5/1997','','Vĩnh Long','','','','',NULL),(2450,'','Tạ Hữu','Nghĩa',NULL,'07/5/1996','','Đồng Tháp','','','','',NULL),(2451,'','Trịnh Ngọc','Ngoan',NULL,'01/01/1997','','Kiên Giang','','','','',NULL),(2452,'','Huỳnh Thị Như','Ngọc',NULL,'13/8/1996','','Vĩnh Long','','','','',NULL),(2453,'','Lương Kim','Nguyên',NULL,'21/7/1995','','Bến Tre','','','','',NULL),(2454,'','Nguyễn Thanh','Nhàn',NULL,'18/7/1995','','Vĩnh Long','','','','',NULL),(2455,'','Hà Huỳnh','Nhân',NULL,'15/8/1997','','Đồng Tháp','','','','',NULL),(2456,'','Ngô Thị Yến','Nhi',NULL,'13/02/1998','','Đồng Tháp','','','','',NULL),(2457,'','Trần Hữu','Như',NULL,'17/01/1998','','Tiền Giang','','','','',NULL),(2458,'','Lê Minh','Nhựt',NULL,'04/9/1995','','Tiền Giang','','','','',NULL),(2459,'','Mai Trần Tấn','Phát',NULL,'22/3/1997','','Vĩnh Long','','','','',NULL),(2460,'','Trần Công','Phát',NULL,'21/8/1996','','Đồng Tháp','','','','',NULL),(2461,'','Phan Ngọc','Phu',NULL,'17/11/1996','','Vĩnh Long','','','','',NULL),(2462,'','Lê Minh','Phú',NULL,'15/02/1997','','Vĩnh Long','','','','',NULL),(2463,'','Ngô Thanh Ngọc','Phú',NULL,'14/02/1998','','Vĩnh Long','','','','',NULL),(2464,'','Dương Hữu','Phước',NULL,'20/6/1997','','Vĩnh Long','','','','',NULL),(2465,'','Huỳnh Anh','Phương',NULL,'09/11/1996','','Sóc Trăng','','','','',NULL),(2466,'','Võ Nguyễn Thảo','Phương',NULL,'24/4/1998','','Vĩnh Long','','','','',NULL),(2467,'','Đặng Minh','Quân',NULL,'01/01/1997','','Vĩnh Long','','','','',NULL),(2468,'','Nguyễn Thành Minh','Quân',NULL,'28/8/1997','','Vĩnh Long','','','','',NULL),(2469,'','Võ Đức','Quân',NULL,'24/7/1996','','Đồng Tháp','','','','',NULL),(2470,'','Nguyễn Hoàng','Quốc',NULL,'08/6/1998','','Vĩnh Long','','','','',NULL),(2471,'','Nguyễn Minh','Quốc',NULL,'12/6/1996','','Vĩnh Long','','','','',NULL),(2472,'','Huỳnh Hiếu','Sang',NULL,'23/11/1997','','Vĩnh Long','','','','',NULL),(2473,'','Mai Đông','Sơ',NULL,'01/5/1996','','Vĩnh Long','','','','',NULL),(2474,'','Hồ Vĩnh','Thái',NULL,'09/9/1996','','Vĩnh Long','','','','',NULL),(2475,'','Dương Quốc','Thắng',NULL,'07/11/1998','','Vĩnh Long','','','','',NULL),(2476,'','Tô Bửu','Thắng',NULL,'20/5/1998','','Vĩnh Long','','','','',NULL),(2477,'','Tống Hữu','Thành',NULL,'10/12/1996','','Vĩnh Long','','','','',NULL),(2478,'','Lê Thanh','Thảo',NULL,'13/11/1998','','Vĩnh Long','','','','',NULL),(2479,'','Nguyễn Thị Thanh','Thảo',NULL,'11/7/1998','','Vĩnh Long','','','','',NULL),(2480,'','Võ Hạ','Thi',NULL,'19/6/1998','','Đồng Tháp','','','','',NULL),(2481,'','Nguyễn Thuỷ Hoàng','Thiên',NULL,'24/01/1998','','Vĩnh Long','','','','',NULL),(2482,'','Võ Thị Kim','Thoa',NULL,'03/11/1998','','Vĩnh Long','','','','',NULL),(2483,'','Huỳnh Minh','Thoại',NULL,'13/5/1997','','Vĩnh Long','','','','',NULL),(2484,'','Liêu Nhựt','Thông',NULL,'08/10/1994','','TP. HCM','','','','',NULL),(2485,'','Lê Thị Anh','Thư',NULL,'02/11/1998','','Cần Thơ','','','','',NULL),(2486,'','Nguyễn Ngọc Minh','Thư',NULL,'16/8/1997','','Vĩnh Long','','','','',NULL),(2487,'','Trần Thị Bảo','Thư',NULL,'01/01/1998','','Đồng Tháp','','','','',NULL),(2488,'','Phạm Văn','Thuận',NULL,'10/9/1998','','Trà Vinh','','','','',NULL),(2489,'','Phan Thùy Anh','Thúy',NULL,'01/02/1998','','Vĩnh Long','','','','',NULL),(2490,'','Trần Thị Như','Thủy',NULL,'30/10/1998','','Vĩnh Long','','','','',NULL),(2491,'','Huỳnh Thị Thủy','Tiên',NULL,'29/9/1998','','Trà Vinh','','','','',NULL),(2492,'','Nguyễn Trọng','Tín',NULL,'03/12/1996','','Vĩnh Long','','','','',NULL),(2493,'','Trương Chí','Toàn',NULL,'21/4/1998','','Vĩnh Long','','','','',NULL),(2494,'','Nguyễn Thanh','Trúc',NULL,'28/5/1997','','Đồng Tháp','','','','',NULL),(2495,'','Nguyễn Thị Thanh','Trúc',NULL,'16/02/1998','','Đồng Tháp','','','','',NULL),(2496,'','Đoàn Minh','Trường',NULL,'02/9/1998','','Vĩnh Long','','','','',NULL),(2497,'','Nguyễn An','Trường',NULL,'03/8/1998','','Vĩnh Long','','','','',NULL),(2498,'','Nguyễn Thị Cẩm','Tú',NULL,'04/12/1997','','Quảng Ngãi','','','','',NULL),(2499,'','Hoàng Đắc','Tuấn',NULL,'23/5/1998','','Vĩnh Long','','','','',NULL),(2500,'','Võ Châu','Tuấn',NULL,'18/7/1997','','Vĩnh Long','','','','',NULL),(2501,'','Lê Trân','Vi',NULL,'20/11/1998','','Cần Thơ','','','','',NULL),(2502,'','Nguyễn Hoàng','Vinh',NULL,'17/01/1996','','Vĩnh Long','','','','',NULL),(2503,'','Nguyễn Hoàng','Vinh',NULL,'07/01/1997','','Đồng Tháp','','','','',NULL),(2504,'','Phạm Thuý','Vy',NULL,'11/12/1998','','Bến Tre','','','','',NULL),(2505,'','Nguyễn Thị Kim','Xoa',NULL,'19/5/1998','','Vĩnh Long','','','','',NULL),(2506,'','Võ Thị Mỹ','Xuyên',NULL,'25/4/1998','','Vĩnh Long','','','','',NULL),(2507,'','Đặng Ngọc','Ý',NULL,'09/7/1998','','Vĩnh Long','','','','',NULL),(2508,'','Bùi Thị Kim','Yến',NULL,'08/01/1998','','Đồng Tháp','','','','',NULL),(2509,'','Lê Thị Nhựt','Yến',NULL,'12/01/1998','','Vĩnh Long','','','','',NULL),(2510,'','Trần Tiểu','Yến',NULL,'12/6/1998','','Vĩnh Long','','','','',NULL),(2779,'','Nguyễn Gia','Bảo',NULL,'17/12/1998','Nam','Vĩnh Long','','','','',NULL),(2780,'','Lâm Dương Như','Kiều',NULL,'13/01/1998','','Vĩnh Long','','','','',NULL),(2781,'','Nguyễn Huyền','Linh',NULL,'01/02/1996','','Vĩnh Long','','','','',NULL),(2782,'','Nguyễn Phương','Linh',NULL,'01/02/1996','','Vĩnh Long','','','','',NULL),(2783,'','Nguyễn Thị Như','Quỳnh',NULL,'13/3/1998','','Vĩnh Long','','','','',NULL),(2784,'','Lê Trọng Minh','Thiện',NULL,'26/8/1992','','Vĩnh Long','','','','',NULL),(2785,'','Lê Thị Ngọc','Trang',NULL,'15/6/1998','Nữ','Vĩnh Long','','','','',NULL),(2786,'','Lê Phú','Cường',NULL,'01/12/1986','','Vĩnh Long','','','','',NULL),(2787,'','Nguyễn Thị Thuỳ','Dương',NULL,'04/12/1978','','Vĩnh Long','','','','',NULL),(2788,'','Đoàn Hải','Duy',NULL,'16/11/1990','','Vĩnh Long','','','','',NULL),(2789,'','Nguyễn Huỳnh','Giao',NULL,'22/10/1976','','Vĩnh Long','','','','',NULL),(2790,'','Lê Vũ Hải','Hà',NULL,'17/7/1980','','Vĩnh Long','','','','',NULL),(2791,'','Nguyễn Văn','Nghiệp',NULL,'05/8/1979','','Cửu Long','','','','',NULL),(2792,'','Nguyễn Văn','Nhựt',NULL,'21/9/1988','','Vĩnh Long','','','','',NULL),(2793,'','Cao Minh','Quang',NULL,'17/12/1980','','Vĩnh Long','','','','',NULL),(2794,'','Đặng Thanh','Sơn',NULL,'30/6/1967','','Vĩnh Long','','','','',NULL),(2795,'','Trần Vĩnh','Tân',NULL,'26/02/1987','','Vĩnh Long','','','','',NULL),(2796,'','Nguyễn Thành','Thưởng',NULL,'10/4/1984','','Trà Vinh','','','','',NULL),(2797,'','Trần Thị Thuỷ','Tiên',NULL,'25/12/1995','','Vĩnh Long','','','','',NULL),(2798,'','Nguyễn Minh','Tùng',NULL,'23/11/1994','','Cần Thơ','','','','',NULL),(2799,'','Nguyễn Thanh','Tùng',NULL,'1974','','Vĩnh Long','','','','',NULL),(2800,'','Hồ Quyết','Tiến',NULL,'22/6/1975','','Bến Tre','','','','',NULL),(2801,'14001003','Nguyễn Hồng','Anh',NULL,'20/4/1995','','Trà Vinh','','','','',NULL),(2802,'14001008','Nguyễn Thanh','Bình',NULL,'01/12/1996','','Gia Lai','','','','',NULL),(2803,'14001010','Nguyễn Vũ Trường','Cứu',NULL,'15/11/1996','','Bình Định','','','','',NULL),(2804,'14001018','Trần Văn','Đoàn',NULL,'04/3/1996','','Trà Vinh','','','','',NULL),(2805,'14001019','Lê Xuân','Đông',NULL,'07/4/1995','','Cần Thơ','','','','',NULL),(2806,'14001030','Dương Bá','Hoàn',NULL,'12/01/1996','','Kiên Giang','','','','',NULL),(2807,'14001042','Lê Nguyễn Duy','Luân',NULL,'23/8/1996','','Vĩnh Long','','','','',NULL),(2808,'14001043','Tô Ngọc','Luật',NULL,'15/8/1996','','Kiên Giang','','','','',NULL),(2809,'14001045','Trần Minh','Mẩn',NULL,'29/01/1996','','Vĩnh Long','','','','',NULL),(2810,'14001048','Huỳnh Tăng','Nam',NULL,'17/10/1995','','Vĩnh Long','','','','',NULL),(2811,'14001093','Huỳnh Như','Toại',NULL,'06/4/1996','','Bình Định','','','','',NULL),(2812,'14001102','Thái Văn','Tuấn',NULL,'05/01/1995','','Sóc Trăng','','','','',NULL),(2813,'14001110','Nguyễn Trường','Đời',NULL,'12/02/1996','','Trà Vinh','','','','',NULL),(2814,'14003034','Phạm Tuấn','Khanh',NULL,'21/11/1996','','Đồng Tháp','','','','',NULL),(2815,'14003052','Trần Trung','Nguyên',NULL,'12/10/1996','','Vĩnh Long','','','','',NULL),(2816,'14003078','Nguyễn Hà','Sơn',NULL,'16/5/1996','Nam','Vĩnh Long','','','','',NULL),(2817,'14003112','Lê Trường','Văn',NULL,'01/3/1996','Nam','Vĩnh Long','','','','',NULL),(2818,'14008023','Trương Thanh','Long',NULL,'1995','Nam','Đồng Tháp','','','','',NULL),(2819,'14101001','Lê Phước','An',NULL,'24/12/1995','Nam','Vĩnh Long','','','','',NULL),(2820,'14101013','Đặng Thanh','Đạt',NULL,'27/8/1996','','Vĩnh Long','','','','',NULL),(2821,'14101034','Phùng Kiến','Lộc',NULL,'22/4/1996','','Vĩnh Long','','','','',NULL),(2822,'14101049','Nguyễn Hoàng','Phi',NULL,'19/12/1995','','Vĩnh Long','','','','',NULL),(2823,'14101060','Ngô Minh','Thành',NULL,'11/11/1996','','Trà Vinh','','','','',NULL),(2824,'14103045','Thạch Trung','Quân',NULL,'19/8/1995','','Vĩnh Long','','','','',NULL),(2825,'14103058','Nguyễn Phước','Tiến',NULL,'23/4/1996','','Đồng Tháp','','','','',NULL),(2826,'14105002','Nhan Quốc','Dũng',NULL,'14/11/1996','','Vĩnh Long','','','','',NULL),(2827,'14105004','Lê Hoàng Khắc','Duy',NULL,'07/5/1996','','Vĩnh Long','','','','',NULL),(2828,'14105023','Võ Huỳnh','Tú',NULL,'18/10/1996','','Đồng Tháp','','','','',NULL),(2829,'14105027','Biện Nhã Yến','Vy',NULL,'26/7/1996','','Vĩnh Long','','','','',NULL),(2830,'15005012','Huỳnh Ngọc','Châu',NULL,'25/12/1997','','Vĩnh Long','','','','',NULL),(2831,'15005023','Lưu Tấn','Đạt',NULL,'01/01/1997','','Vĩnh Long','','','','',NULL),(2832,'15005028','Lại Thị Mỹ','Dung',NULL,'02/4/1997','','Vĩnh Long','','','','',NULL),(2833,'15005036','Nguyễn Thị Mỹ','Duyên',NULL,'10/5/1997','','Vĩnh Long','','','','',NULL),(2834,'15005039','Thái Nhựt','Hải',NULL,'20/02/1997','','Vĩnh Long','','','','',NULL),(2835,'15005041','Nguyễn Ngọc','Hân',NULL,'29/4/1997','','Bến Tre','','','','',NULL),(2836,'15005045','Phan Văn','Hào',NULL,'23/02/1997','','Tiền Giang','','','','',NULL),(2837,'15005048','Nguyễn Thị Mỹ','Hiền',NULL,'21/3/1996','','Vĩnh Long','','','','',NULL),(2838,'15005054','Lê Thị Ngọc','Huyền',NULL,'20/9/1997','','Vĩnh Long','','','','',NULL),(2839,'15005065','Nguyễn Thị Thùy','Linh',NULL,'10/6/1996','','Đồng Tháp','','','','',NULL),(2840,'15005067','Đỗ Minh','Luân',NULL,'25/12/1997','','Vĩnh Long','','','','',NULL),(2841,'15005090','Phan Minh','Nhẩn',NULL,'11/8/1997','','Đồng Tháp','','','','',NULL),(2842,'15005093','Nguyễn Thị Yến','Nhi',NULL,'12/7/1997','','Bến Tre','','','','',NULL),(2843,'15005098','Nguyễn Huỳnh','Nhớ',NULL,'05/01/1997','','Cà Mau','','','','',NULL),(2844,'15005099','Nguyễn Huỳnh','Như',NULL,'06/3/1997','','Vĩnh Long','','','','',NULL),(2845,'15005101','Nguyễn Thị Huỳnh','Như',NULL,'18/8/1997','','Bến Tre','','','','',NULL),(2846,'15005103','Đặng Nguyễn Cẩm','Nhung',NULL,'01/3/1997','','Vĩnh Long','','','','',NULL),(2847,'15005108','Lê Thị','Pha',NULL,'04/12/1997','','Vĩnh Long','','','','',NULL),(2848,'15005110','Nguyễn Thanh','Phong',NULL,'20/02/1996','','Trà Vinh','','','','',NULL),(2849,'15005111','Đặng Thảo','Phương',NULL,'16/6/1997','','Vĩnh Long','','','','',NULL),(2850,'15005113','Nguyễn Ngọc Mai','Phương',NULL,'05/01/1997','','Vĩnh Long','','','','',NULL),(2851,'15005117','Nguyễn Thị Hồng','Phượng',NULL,'1997','','Đồng Tháp','','','','',NULL),(2852,'15005121','Sơn Thị Phương','Quyên',NULL,'06/3/1997','','Vĩnh Long','','','','',NULL),(2853,'15005126','Nguyễn Ngọc','Tâm',NULL,'19/4/1997','','Vĩnh Long','','','','',NULL),(2854,'15005139','Nguyễn Thị Kim','Thoa',NULL,'26/12/1997','','Vĩnh Long','','','','',NULL),(2855,'15005143','Huỳnh Thị Minh','Thư',NULL,'12/9/1997','','Vĩnh Long','','','','',NULL),(2856,'15005146','Nguyễn Thị Anh','Thư',NULL,'12/3/1997','','Đồng Tháp','','','','',NULL),(2857,'15005150','Huỳnh Hoài','Thương',NULL,'14/12/1997','','Vĩnh Long','','','','',NULL),(2858,'15005157','Dương Ánh','Tiên',NULL,'06/8/1997','','Vĩnh Long','','','','',NULL),(2859,'15005158','Nguyễn Thị Mỹ','Tiên',NULL,'11/8/1997','','Vĩnh Long','','','','',NULL),(2860,'15005163','Hà Minh Nguyễn Phước','Tịnh',NULL,'20/3/1997','','Gia Lai','','','','',NULL),(2861,'15005165','Nguyễn Trúc Phương','Trâm',NULL,'23/8/1997','','Vĩnh Long','','','','',NULL),(2862,'15005166','Lê Thị Thu','Trăm',NULL,'21/10/1997','','Vĩnh Long','','','','',NULL),(2863,'15005168','Nguyễn Thị Huỳnh','Trang',NULL,'30/6/1997','Nữ','Vĩnh Long','','','','',NULL),(2864,'15005169','Cao Thanh','Trọng',NULL,'20/5/1997','','Vĩnh Long','','','','',NULL),(2865,'15005171','Diệp Trần Hồng','Trúc',NULL,'26/10/1997','','Vĩnh Long','','','','',NULL),(2866,'15005172','Nguyễn Kim','Trúc',NULL,'05/5/1997','','Đồng Tháp','','','','',NULL),(2867,'15005178','Nguyễn Thị Băng','Tuyền',NULL,'1997','','Vĩnh Long','','','','',NULL),(2868,'15005179','Nguyễn Thị Bội','Tuyền',NULL,'11/7/1997','','Vĩnh Long','','','','',NULL),(2869,'15005180','Nguyễn Thị Diễm','Uyên',NULL,'06/12/1997','','Bến Tre','','','','',NULL),(2870,'15005184','Đinh Thúy','Vy',NULL,'18/4/1997','','Tiền Giang','','','','',NULL),(2871,'15005186','Trương Phan Tường','Vy',NULL,'08/6/1997','','Vĩnh Long','','','','',NULL),(2872,'15005187','Nguyễn Thị Mỹ','Xuân',NULL,'11/01/1997','','Vĩnh Long','','','','',NULL),(2873,'15005189','Trần Phi','Yến',NULL,'27/11/1997','','Vĩnh Long','','','','',NULL),(2874,'15005195','Nguyễn Hồng','Tuyến',NULL,'19/11/1997','','Đồng Tháp','','','','',NULL),(2875,'15005196','Lê Thị Ngọc','Quyền',NULL,'13/4/1997','','Vĩnh Long','','','','',NULL),(2876,'15008040','Cù Thanh','Khôn',NULL,'21/7/1997','','Vĩnh Long','','','','',NULL),(2877,'15008049','Huỳnh Minh','Nghĩa',NULL,'22/4/1997','','Vĩnh Long','','','','',NULL),(2878,'15008057','Nguyễn Thành','Phát',NULL,'05/7/1997','','Đồng Tháp','','','','',NULL),(2879,'15008074','Huỳnh Thanh','Tam',NULL,'25/02/1997','','Vĩnh Long','','','','',NULL),(2880,'15008080','Mai Văn','Thành',NULL,'07/11/1997','','Vĩnh Long','','','','',NULL),(2881,'16001067','Nguyễn Đức','Huy',NULL,'13/4/1998','','Vĩnh Long','','','','',NULL),(2882,'16005076','Trần Trúc','Nhi',NULL,'16/3/1998','','Vĩnh Long','','','','',NULL),(2883,'16005154','Nguyễn Ngọc Cẩm','Tươi',NULL,'18/10/1998','','Vĩnh Long','','','','',NULL),(2884,'16006017','Phạm Minh','Phương',NULL,'09/9/1998','','An Giang','','','','',NULL),(2885,'16006018','Trần Vĩnh','Quý',NULL,'10/01/1998','','Vĩnh Long','','','','',NULL),(2886,'16006023','Đào Minh','Trí',NULL,'02/11/1998','Nam','Vĩnh Long','','','','',NULL),(2887,'16006024','Nguyễn Văn','Trọng',NULL,'09/7/1997','','Long An','','','','',NULL),(2888,'16006025','Hứa Phạm Hữu','Văn',NULL,'12/02/1997','','Trà Vinh','','','','',NULL),(2889,'16006032','Tiêu Tấn','Khải',NULL,'30/6/1998','','Trà Vinh','','','','',NULL),(2890,'16007030','Châu Trung','Tín',NULL,'25/5/1998','','Vĩnh Long','','','','',NULL),(2891,'16008008','Phạm Quốc','Đạt',NULL,'26/5/1998','','Cà Mau','','','','',NULL),(2892,'16008009','Lê Tấn','Đạt',NULL,'28/5/1998','','Đồng Tháp','','','','',NULL),(2893,'16008020','Nguyễn Trọng','Hiếu',NULL,'15/8/1998','','Bạc Liêu','','','','',NULL),(2894,'16008024','Lê Minh','Hùng',NULL,'09/4/1998','','Tiền Giang','','','','',NULL),(2895,'16008030','Phạm Dương','Khang',NULL,'08/01/1998','','Vĩnh Long','','','','',NULL),(2896,'16008033','Nguyễn Tuấn','Kiệt',NULL,'10/3/1998','','An Giang','','','','',NULL),(2897,'16008040','Nguyễn Tấn','Lộc',NULL,'26/01/1998','','Vĩnh Long','','','','',NULL),(2898,'16008049','Lê Thanh','Nhã',NULL,'20/02/1998','','Vĩnh Long','','','','',NULL),(2899,'16008050','Lê Phạm Hải','Nhân',NULL,'30/10/1998','','Bến Tre','','','','',NULL),(2900,'16008052','Lê Ngọc Thanh','Phong',NULL,'25/5/1998','','Vĩnh Long','','','','',NULL),(2901,'16008055','Nguyễn Hoàng','Phương',NULL,'14/02/1998','','Bến Tre','','','','',NULL),(2902,'16008057','Trương Phú','Quí',NULL,'01/9/1998','','Vĩnh Long','','','','',NULL),(2903,'16008058','Bùi Ngọc','Quý',NULL,'02/9/1998','','Đồng Tháp','','','','',NULL),(2904,'16008062','Đào Kim','Sơn',NULL,'04/9/1998','','Kiên Giang','','','','',NULL),(2905,'16008066','Nguyễn Quốc','Thái',NULL,'25/3/1998','','An Giang','','','','',NULL),(2906,'16008067','La','Thăng',NULL,'17/3/1998','','Trà Vinh','','','','',NULL),(2907,'16008069','Nguyễn Ngọc','Thành',NULL,'17/12/1998','','Vĩnh Long','','','','',NULL),(2908,'16008071','Lê Thị Cẩm','Thi',NULL,'04/12/1996','','Đồng Tháp','','','','',NULL),(2909,'16008072','Đặng Quốc','Thiện',NULL,'31/01/1998','','Tiền Giang','','','','',NULL),(2910,'16008079','Nguyễn Thanh','Toàn',NULL,'23/8/1998','','Vĩnh Long','','','','',NULL),(2911,'16008081','Huỳnh Hữu','Trí',NULL,'20/11/1996','Nam','Vĩnh Long','','','','',NULL),(2912,'16008103','Hồ Minh','Tài',NULL,'05/11/1998','','Vĩnh Long','','','','',NULL),(2913,'16008108','Bùi Quốc','Bảo',NULL,'05/8/1998','Nam','Vĩnh Long','','','','',NULL),(2914,'16010083','Nguyễn Hữu','Nhiệm',NULL,'25/6/1998','','Vĩnh Long','','','','',NULL),(2915,'16010087','Nguyễn Thị Kim','Như',NULL,'21/6/1998','','Tiền Giang','','','','',NULL),(2916,'16010089','Nguyễn Thị Hồng','Nhung',NULL,'20/4/1998','','Vĩnh Long','','','','',NULL),(2917,'16010098','Lê Diễm','Sương',NULL,'04/5/1998','','Vĩnh Long','','','','',NULL),(2918,'16010107','Nguyễn Thị Thu','Thảo',NULL,'18/8/1993','','Tây Ninh','','','','',NULL),(2919,'16010108','Bùi Hữu','Thiện',NULL,'19/9/1998','','Cần Thơ','','','','',NULL),(2920,'16010126','Lê Thị Cẩm','Tú',NULL,'02/3/1998','','Bến Tre','','','','',NULL),(2921,'16010130','Trần Thanh','Tươi',NULL,'04/4/1998','','Vĩnh Long','','','','',NULL),(2922,'16010135','Nguyễn Thị Tường','Vi',NULL,'16/02/1998','','Vĩnh Long','','','','',NULL),(2923,'16010145','Bùi Minh','Cảnh',NULL,'09/01/1998','Nam','Bến Tre','','','','',NULL),(2924,'16010150','Nguyễn Thị Kim','Huệ',NULL,'26/10/1998','Nữ','Vĩnh Long','','','','',NULL),(2925,'16010154','Nguyễn Ái','Nhân',NULL,'17/9/1998','','Vĩnh Long','','','','',NULL),(2926,'16011014','Đặng Thành','Luân',NULL,'17/12/1998','','Vĩnh Long','','','','',NULL),(2927,'16011021','Võ Thị Khả','Nhi',NULL,'14/11/1998','','Vĩnh Long','','','','',NULL),(2928,'16011044','Châu Ngọc','Tuyền',NULL,'06/9/1998','','Vĩnh Long','','','','',NULL),(2929,'16011058','Phan Minh','Tiến',NULL,'05/6/1998','','Vĩnh Long','','','','',NULL),(2930,'16101004','Võ Minh','Bảo',NULL,'15/7/1998','Nam','Vĩnh Long','','','','',NULL),(2931,'16101012','Nguyễn Mạnh','Cường',NULL,'28/02/1997','','Vĩnh Long','','','','',NULL),(2932,'16101025','Võ Văn','Duy',NULL,'01/3/1998','','Kiên Giang','','','','',NULL),(2933,'16101127','Lê Minh','Tiến',NULL,'13/5/1998','','Vĩnh Long','','','','',NULL),(2934,'16101031','Phạm Chí','Hải',NULL,'20/10/1998','','Trà Vinh','','','','',NULL),(2935,'16101033','Trang Hoài','Hân',NULL,'09/3/1995','','Sóc Trăng','','','','',NULL),(2936,'16101069','Lê Trọng','Nghĩa',NULL,'05/02/1998','','Vĩnh Long','','','','',NULL),(2937,'16101077','Nguyễn Cao','Nhân',NULL,'07/12/1997','','Vĩnh Long','','','','',NULL),(2938,'16101108','Lê Đức','Tài',NULL,'08/10/1998','','Trà Vinh','','','','',NULL),(2939,'16101112','Thái Minh','Tâm',NULL,'16/9/1998','','Vĩnh Long','','','','',NULL),(2940,'16101113','Nguyễn Phạm Thành','Tâm',NULL,'04/5/1997','','Vĩnh Long','','','','',NULL),(2941,'16101114','Phan Linh','Tâm',NULL,'24/02/1997','','Bạc Liêu','','','','',NULL),(2942,'16101116','Võ Hoàng','Tân',NULL,'15/5/1998','','Vĩnh Long','','','','',NULL),(2943,'16101117','Nguyễn Văn','Tân',NULL,'24/3/1998','','Vĩnh Long','','','','',NULL),(2944,'16101120','Nguyễn Nhựt','Thanh',NULL,'10/10/1998','','Vĩnh Long','','','','',NULL),(2945,'16101123','Nguyễn Minh','Thuận',NULL,'27/10/1997','','Vĩnh Long','','','','',NULL),(2946,'16101126','Lê Công','Thưởng',NULL,'01/12/1997','','Vĩnh Long','','','','',NULL),(2947,'16101128','Trần Minh','Tiến',NULL,'04/6/1998','','Vĩnh Long','','','','',NULL),(2948,'16101130','Trần Văn','Tiến',NULL,'10/4/1997','','Vĩnh Long','','','','',NULL),(2949,'16101131','Nguyễn Thanh','Tiệp',NULL,'13/12/1998','','Vĩnh Long','','','','',NULL),(2950,'16101134','Lê Đức','Tín',NULL,'24/02/1998','','Đồng Tháp','','','','',NULL),(2951,'16101135','Trần Trung','Tín',NULL,'02/10/1997','','Vĩnh Long','','','','',NULL),(2952,'16101136','Lê Hoàng Minh','Toàn',NULL,'12/01/1998','','Vĩnh Long','','','','',NULL),(2953,'16101138','Nguyễn Thị Hoàng','Trang',NULL,'24/4/1995','Nữ','Vĩnh Long','','','','',NULL),(2954,'16101140','Trần Tấn','Trọng',NULL,'17/9/1998','','Long An','','','','',NULL),(2955,'16101141','Lê Thanh','Trung',NULL,'20/7/1998','','Vĩnh Long','','','','',NULL),(2956,'16101145','Lê Quang','Trường',NULL,'31/3/1997','','Đồng Tháp','','','','',NULL),(2957,'16101150','Thiều Hoàng','Tú',NULL,'26/7/1998','','Vĩnh Long','','','','',NULL),(2958,'16101156','Nguyễn Văn','Tưng',NULL,'19/02/1997','','Kiên Giang','','','','',NULL),(2959,'16101158','Ngyễn Tuấn','Vẹn',NULL,'20/5/1998','','Bạc Liêu','','','','',NULL),(2960,'16101165','Nguyễn Nhựt','Duy',NULL,'18/5/1998','','Trà Vinh','','','','',NULL),(2961,'16101169','Lê Tấn','Phát',NULL,'17/4/1998','','Đồng Tháp','','','','',NULL),(2962,'16101185','Mai Vũ','Phương',NULL,'24/10/1997','','Vĩnh Long','','','','',NULL),(2963,'16104005','Nguyễn Thanh','Hậu',NULL,'24/3/1998','','Vĩnh Long','','','','',NULL),(2964,'16104008','Phan Quốc','Huy',NULL,'13/4/1998','','Vĩnh Long','','','','',NULL),(2965,'16104012','Nguyễn Ngọc','Khanh',NULL,'30/6/1998','','Vĩnh Long','','','','',NULL),(2966,'16104015','Hà Tuấn','Kiệt',NULL,'02/3/1998','','Tiền Giang','','','','',NULL),(2967,'16104025','Lê Vũ','Quỳnh',NULL,'02/12/1998','','Vĩnh Long','','','','',NULL),(2968,'16104028','Hồ Mai Thanh','Tài',NULL,'09/10/1996','','Vĩnh Long','','','','',NULL),(2969,'16104029','Bạch Thái','Tài',NULL,'30/12/1998','','Vĩnh Long','','','','',NULL),(2970,'16104033','Lưu Đức','Thuận',NULL,'21/10/1998','','Vĩnh Long','','','','',NULL),(2971,'16104035','Lê Thị Cẩm','Tiên',NULL,'01/02/1998','','Vĩnh Long','','','','',NULL),(2972,'16104036','Tống Minh','Tiến',NULL,'28/7/1998','','Đồng Tháp','','','','',NULL),(2973,'16104040','Phạm Hoàng','Vinh',NULL,'23/02/1998','','Vĩnh Long','','','','',NULL),(2974,'16104044','Lê Phượng Hồng','Phúc',NULL,'01/6/1998','','Vĩnh Long','','','','',NULL),(2975,'16104048','Nguyễn Hoài','Nam',NULL,'15/7/1996','','Vĩnh Long','','','','',NULL),(2976,'16127001','Hồ Hoàng','Bảo',NULL,'14/9/1998','Nam','Vĩnh Long','','','','',NULL),(2977,'16127006','Lê Thành','Đạt',NULL,'25/01/1998','','Vĩnh Long','','','','',NULL),(2978,'16127008','Lê Huỳnh','Đức',NULL,'15/01/1998','Nam','Vĩnh Long','','','','',NULL),(2979,'16127009','Nguyễn Thanh','Duy',NULL,'30/01/1998','','Vĩnh Long','','','','',NULL),(2980,'16127010','Cao Ngọc','Hải',NULL,'15/02/1998','','Bến Tre','','','','',NULL),(2981,'16127011','Lê Minh','Hiếu',NULL,'09/7/1998','','Kiên Giang','','','','',NULL),(2982,'16127012','Lê Thanh','Hoài',NULL,'26/5/1998','','Vĩnh Long','','','','',NULL),(2983,'16127015','Đặng Thanh','Lượng',NULL,'22/9/1998','','Trà Vinh','','','','',NULL),(2984,'16127017','Mai Hữu','Nghĩa',NULL,'04/7/1997','','Vĩnh Long','','','','',NULL),(2985,'16127020','Nguyễn Tấn','Phát',NULL,'11/10/1998','','Vĩnh Long','','','','',NULL),(2986,'16127023','Nguyễn Tấn','Quí',NULL,'29/11/1998','','Bến Tre','','','','',NULL),(2987,'16127028','Lê Thành','Tính',NULL,'12/2/1998','','Đồng Tháp','','','','',NULL),(2988,'16127034','Đoàn Minh','Đương',NULL,'14/8/1996','','Bạc Liêu','','','','',NULL),(2989,'16127040','Trịnh Xuân','Linh',NULL,'22/10/1998','','Hưng Yên','','','','',NULL),(2990,'17003012','Thái Kỳ','Anh',NULL,'26/8/1998','','Bạc Liêu','','','','',NULL),(2991,'17010001','Nguyễn Thị Thúy','Ái',NULL,'30/9/1999','Nữ','Vĩnh Long','','','','',NULL),(2992,'17010002','Lê Hoàng','An',NULL,'11/9/1999','Nam','Vĩnh Long','','','','',NULL),(2993,'17010003','Huỳnh Ngọc','Ân',NULL,'30/10/1999','','Vĩnh Long','','','','',NULL),(2994,'17010009','Nguyễn Hoàng','Anh',NULL,'30/10/1999','','Đồng Tháp','','','','',NULL),(2995,'17010011','Hồ Quốc','Bảo',NULL,'07/6/1998','Nam','Bến Tre','','','','',NULL),(2996,'17010014','Lê Cẩm Phương','Bình',NULL,'20/5/1999','','Vĩnh Long','','','','',NULL),(2997,'17010015','Nguyễn Chí','Cảm',NULL,'16/8/1999','','Vĩnh Long','','','','',NULL),(2998,'17010016','Nguyễn Chí','Cao',NULL,'01/11/1999','Nam','Vĩnh Long','','','','',NULL),(2999,'17010017','Chiêm Bích','Chi',NULL,'26/6/1999','Nữ','Kiên Giang','','','','',NULL),(3000,'17010018','Phạm Thành','Công',NULL,'11/7/1998','','Kiên Giang','','','','',NULL),(3001,'17010024','Lê Hồng','Đức',NULL,'23/3/1999','Nam','Vĩnh Long','','','','',NULL),(3002,'17010026','Võ Hoàng','Duy',NULL,'08/6/1999','','Vĩnh Long','','','','',NULL),(3003,'17010027','Đặng Nhựt','Duy',NULL,'23/3/1999','','Vĩnh Long','','','','',NULL),(3004,'17010028','Nguyễn Khắc','Duy',NULL,'18/4/1999','','Vĩnh Long','','','','',NULL),(3005,'17010030','Dương Mỹ','Duyên',NULL,'05/7/1998','','Vĩnh Long','','','','',NULL),(3006,'17010034','Nguyễn Trường','Giang',NULL,'07/9/1999','','Vĩnh Long','','','','',NULL),(3007,'17010036','Huỳnh Trọng','Giang',NULL,'02/6/1999','','Vĩnh Long','','','','',NULL),(3008,'17010037','Trần Ngọc','Hải',NULL,'11/01/1999','','Long An','','','','',NULL),(3009,'17010039','Trương Lý Gia','Hân',NULL,'27/4/1999','','Vĩnh Long','','','','',NULL),(3010,'17010047','Võ Lê Phương','Huế',NULL,'26/4/1999','Nữ','Vĩnh Long','','','','',NULL),(3011,'17010049','Thái Thị Cẩm','Hương',NULL,'06/9/1999','','Vĩnh Long','','','','',NULL),(3012,'17010051','Ngô Khánh','Huy',NULL,'25/6/1999','','Vĩnh Long','','','','',NULL),(3013,'17010052','Lê Bích','Huyền',NULL,'09/5/1999','','Tiền Giang','','','','',NULL),(3014,'17010053','Trần Phạm Mỹ','Huyền',NULL,'15/12/1999','','Cần Thơ','','','','',NULL),(3015,'17010054','Ngô Phạm Duy','Hy',NULL,'05/12/1999','','Vĩnh Long','','','','',NULL),(3016,'17010056','Nguyễn Hoàng','Khang',NULL,'11/02/1999','','Tiền Giang','','','','',NULL),(3017,'17010057','Nguyễn Hoàng','Khang',NULL,'27/12/1999','','Vĩnh Long','','','','',NULL),(3018,'17010059','Võ Duy','Khang',NULL,'16/8/1999','','Vĩnh Long','','','','',NULL),(3019,'17010061','Nguyễn Quốc','Khánh',NULL,'12/3/1999','','Vĩnh Long','','','','',NULL),(3020,'17010070','Nguyễn Thị Tài','Linh',NULL,'10/8/1998','','Long An','','','','',NULL),(3021,'17010074','Hồ Thị','Lợi',NULL,'27/9/1999','','Vĩnh Long','','','','',NULL),(3022,'17010076','Nguyễn Vũ Thành','Luân',NULL,'24/10/1999','','Bến Tre','','','','',NULL),(3023,'17010079','Nguyễn Thị Trà','Mi',NULL,'19/10/1999','','Bến Tre','','','','',NULL),(3024,'17010083','Trương Ngọc','Mỹ',NULL,'02/10/1999','','Vĩnh Long','','','','',NULL),(3025,'17010085','Phạm Thị Kim','Ngân',NULL,'24/4/1999','','Vĩnh Long','','','','',NULL),(3026,'17010087','Nguyễn Thị Hồng','Ngân',NULL,'08/6/1999','','Vĩnh Long','','','','',NULL),(3027,'17010089','Nguyễn Ngọc','Ngân',NULL,'09/9/1999','','An Giang','','','','',NULL),(3028,'17010091','Trần Trọng','Nghĩa',NULL,'28/11/1999','','Vĩnh Long','','','','',NULL),(3029,'17010092','Nguyễn Thị Bích','Ngọc',NULL,'03/8/1999','','Vĩnh Long','','','','',NULL),(3030,'17104002','Lê Thị Bích','Châm',NULL,'10/02/1999','Nữ','Kiên Giang','','','','',NULL),(3031,'17104005','Lê Thị Hương','Giang',NULL,'01/10/1999','','Tiền Giang','','','','',NULL),(3032,'17104007','Lê Văn','Hào',NULL,'07/10/1999','','Vĩnh Long','','','','',NULL),(3033,'17104010','Nguyễn Hoàng','Huy',NULL,'22/02/1998','','Vĩnh Long','','','','',NULL),(3034,'17104011','Nguyễn Duy','Huỳnh',NULL,'07/4/1999','','Vĩnh Long','','','','',NULL),(3035,'17104016','Đoàn Tuấn','Kiệt',NULL,'16/01/1999','','Đồng Tháp','','','','',NULL),(3036,'17104017','Nguyễn Duy','Linh',NULL,'05/11/1999','','Vĩnh Long','','','','',NULL),(3037,'17104018','Võ Phước','Lợi',NULL,'05/02/1999','','Vĩnh Long','','','','',NULL),(3038,'17104019','Lại Trần Ngọc','Oanh',NULL,'01/12/1999','','Vĩnh Long','','','','',NULL),(3039,'17104021','Biện Công','Phụng',NULL,'03/5/1997','','Vĩnh Long','','','','',NULL),(3040,'17104022','Ngô Tâm','Phúc',NULL,'31/5/1999','','Vĩnh Long','','','','',NULL),(3041,'17104023','Nguyễn Thanh','Phúc',NULL,'26/01/1998','','Vĩnh Long','','','','',NULL),(3042,'17104024','Nguyễn Phú','Quí',NULL,'17/9/1997','','Vĩnh Long','','','','',NULL),(3043,'17104034','Đoàn Bình','Trọng',NULL,'13/12/1998','','Vĩnh Long','','','','',NULL),(3044,'17104035','Lâm Mộng','Tuyền',NULL,'18/5/1999','','Vĩnh Long','','','','',NULL),(3045,'17104044','Ngô Minh','Kha',NULL,'01/7/1999','','Vĩnh Long','','','','',NULL),(3046,'17104045','Phạm Thanh','Phú',NULL,'23/9/1999','','Vĩnh Long','','','','',NULL),(4630,'','Nguyễn Văn Phúc','Ánh',NULL,'18/07/1996','','Đồng Tháp','','','','',NULL),(4631,'','Bùi Ngọc','Hải',NULL,'19/02/1996','','Vĩnh Long','','','','',NULL),(4632,'','Lương Huỳnh','Hiếu',NULL,'05/5/1996','','Vĩnh Long','','','','',NULL),(4633,'','Lê Trung','Lập',NULL,'26/12/1995','','Vĩnh Long','','','','',NULL),(4634,'','Trịnh Cao','Nguyên',NULL,'10/8/1996','','Vĩnh Long','','','','',NULL),(4635,'','Võ Chí','Nguyện',NULL,'25/04/1995','','Cà Mau','','','','',NULL),(4636,'','Nguyễn Võ Bữu','Tài',NULL,'21/01/1996','','Vĩnh Long','','','','',NULL),(4637,'','Huỳnh Văn','Tèo',NULL,'21/07/1995','','Đồng Tháp','','','','',NULL),(4638,'','Nguyễn Minh','Thiện',NULL,'25/08/1996','','Vĩnh Long','','','','',NULL),(4639,'','Trần Anh','Vũ',NULL,'01/11/1996','','Vĩnh Long','','','','',NULL),(4640,'','Nguyễn Hoàng','Anh',NULL,'22/04/1996','Nam','Vĩnh Long','','','','',NULL),(4641,'14004006','Phan Thế','Anh',NULL,'11/08/1996','Nam','Vĩnh Long','','','','',NULL),(4642,'','Lê Quốc','Đức',NULL,'19/06/1996','Nam','Vĩnh Long','','','','',NULL),(4643,'','Nguyễn Hoàng Anh','Huy',NULL,'02/01/1996','','Vĩnh Long','','','','',NULL),(4644,'','Nguyễn Quốc','Duy',NULL,'12/06/1996','','Vĩnh Long','','','','',NULL),(4645,'','Hồ Nguyễn Trung','Hậu',NULL,'14/07/1996','','Vĩnh Long','','','','',NULL),(4646,'','Nguyễn Thanh','Liêm',NULL,'20/02/1996','','Vĩnh Long','','','','',NULL),(4647,'','Phạm Ngọc','Long',NULL,'01/04/1996','','Tiền Giang','','','','',NULL),(4648,'','Mai Thị Bích','Ly',NULL,'16/06/1996','','Vĩnh Long','','','','',NULL),(4649,'14004044','Ngô Thanh','Lý','331824981','06/01/1996','Nam','Vĩnh Long','','','','',NULL),(4650,'','Nguyễn Hoàng','Hải',NULL,'21/11/1996','','Vĩnh Long','','','','',NULL),(4651,'','Trần Thị Kim','Ngân',NULL,'22/10/1996','','Vĩnh Long','','','','',NULL),(4652,'','Nguyễn Trọng','Nghĩa',NULL,'02/08/1996','','Đồng Tháp','','','','',NULL),(4653,'','Trần Phạm Minh','Nghĩa',NULL,'02/01/1996','','Vĩnh Long','','','','',NULL),(4654,'','Diệp Khôi','Nguyên',NULL,'25/09/1996','','Vĩnh Long','','','','',NULL),(4655,'','Lê Trọng','Nhân',NULL,'09/12/1996','','Vĩnh Long','','','','',NULL),(4656,'','Lê Minh','Nhật',NULL,'17/07/1996','','Vĩnh Long','','','','',NULL),(4657,'','Dương Thị Tuyết','Nhi',NULL,'20/11/1996','Nữ','Vĩnh Long','','','','',NULL),(4658,'','Võ Hoàng Thảo','Quyên',NULL,'22/11/1996','','Vĩnh Long','','','','',NULL),(4659,'','Trần Minh','Sang',NULL,'22/02/1996','','Bến Tre','','','','',NULL),(4660,'','Nguyễn Trần Hữu','Tài',NULL,'13/11/1996','','Vĩnh Long','','','','',NULL),(4661,'','Nguyễn Đức','Tài',NULL,'11/01/1996','','Tiền Giang','','','','',NULL),(4662,'','Nguyễn Mai','Tần',NULL,'15/07/1996','','Vĩnh Long','','','','',NULL),(4663,'','Nguyễn Thanh','Thùy',NULL,'23/12/1996','','Vĩnh Long','','','','',NULL),(4664,'','Lê Thị Cẩm','Tiên',NULL,'19/03/1996','','Vĩnh Long','','','','',NULL),(4665,'','Trần Phan An','Trường',NULL,'09/12/1996','','Trà Vinh','','','','',NULL),(4666,'','Nguyễn Bá','Tùng',NULL,'03/11/1996','','Gia Lai','','','','',NULL),(4667,'','Nguyễn Thanh','Tùng',NULL,'09/03/1996','','Vĩnh Long','','','','',NULL),(4668,'','Nguyễn Khánh','Vy',NULL,'18/02/1996','','Vĩnh Long','','','','',NULL),(4669,'','Nguyễn Hoàng','Huệ',NULL,'02/10/1995','Nam','Vĩnh Long','','','','',NULL),(4670,'','Lê Văn Bửu','Bửu',NULL,'07/11/1996','','Vĩnh Long','','','','',NULL),(4671,'','Trang Thành','Chí',NULL,'20/5/1996','','Vĩnh Long','','','','',NULL),(4672,'','Thái Ngọc','Công',NULL,'28/8/1996','','Vĩnh Long','','','','',NULL),(4673,'','Huỳnh Minh','Công',NULL,'25/8/1996','','Vĩnh Long','','','','',NULL),(4674,'','Lê Minh','Cường',NULL,'24/12/1996','','Vĩnh Long','','','','',NULL),(4675,'','Mai Phú','Cường',NULL,'23/8/1996','','Tiền Giang','','','','',NULL),(4676,'','Bùi Trần Khánh','Duy',NULL,'07/01/1996','','Kiên Giang','','','','',NULL),(4677,'','Nguyễn Nhựt','Duy',NULL,'14/9/1995','','Đồng Tháp','','','','',NULL),(4678,'','Phạm Minh','Đãm',NULL,'14/6/1996','','Cần Thơ','','','','',NULL),(4679,'','Thái Trần Minh','Điền',NULL,'08/02/1995','','Vĩnh Long','','','','',NULL),(4680,'','Trịnh Thành','Đức',NULL,'22/6/1996','Nam','Vĩnh Long','','','','',NULL),(4681,'','Phạm Chí','Kha',NULL,'20/02/1996','','Vĩnh Long','','','','',NULL),(4682,'','Hà Công','Minh',NULL,'17/12/1996','','Vĩnh Long','','','','',NULL),(4683,'','Trần Nguyễn Khánh','Minh',NULL,'15/01/1996','','Vĩnh Long','','','','',NULL),(4684,'','Nguyễn Hoài','Ngọc',NULL,'09/6/1996','','Vĩnh Long','','','','',NULL),(4685,'','Huỳnh Trung','Nhân',NULL,'14/11/1995','','Vĩnh Long','','','','',NULL),(4686,'','Nguyễn Văn','Nhựt',NULL,'29/10/1993','','Kiên Giang','','','','',NULL),(4687,'','Trần Hùng','Oai',NULL,'14/4/1996','','Đồng Tháp','','','','',NULL),(4688,'','Đặng Thanh','Tâm',NULL,'25/7/1996','','Tiền Giang','','','','',NULL),(4689,'','Trần Ngọc','Thanh',NULL,'03/6/1996','','Vĩnh Long','','','','',NULL),(4690,'','Lâm Huỳnh','Thi',NULL,'25/8/1996','','Vĩnh Long','','','','',NULL),(4691,'','Trương Thanh','Thiện',NULL,'10/6/1996','','Vĩnh Long','','','','',NULL),(4692,'','Nguyễn Chí','Thịnh',NULL,'05/6/1996','','Cà Mau','','','','',NULL),(4693,'','Nguyễn Chí','Thông',NULL,'20/12/1996','','Vĩnh Long','','','','',NULL),(4694,'','Lê Bửu','Thuận',NULL,'03/9/1996','','Vĩnh Long','','','','',NULL),(4695,'','Trần Trọng','Thức',NULL,'12/3/1996','','Vĩnh Long','','','','',NULL),(4696,'','Phạm Hoàng','Toàn',NULL,'16/12/1996','','Kiên Giang','','','','',NULL),(4697,'','Nguyễn Thị Cẩm','Tú',NULL,'24/6/1996','','Vĩnh Long','','','','',NULL),(4698,'','Lê Công','Tuấn',NULL,'19/02/1996','','Vĩnh Long','','','','',NULL),(4699,'','Hồ Anh Tuấn','Vĩ',NULL,'22/01/1996','','Đồng Tháp','','','','',NULL),(4700,'','Nguyễn Ngọc','Ẩn',NULL,'09/02/1996','Nam','Vĩnh Long','','','','',NULL),(4701,'','Quan Quốc','Thịnh',NULL,'01/10/1996','','ĐồngTháp','','','','',NULL),(4702,'','Nguyễn Phước','Duyên',NULL,'20/5/1996','','Đồng Tháp','','','','',NULL),(4703,'','Nguyễn Hiếu','Bằng',NULL,'24/01/1996','','Tiền Giang','','','','',NULL),(4704,'','Nguyễn Hà Công','Danh',NULL,'17/11/1996','','Vĩnh Long','','','','',NULL),(4705,'','Trần Văn','Hòa',NULL,'10/02/1996','','Tiền Giang','','','','',NULL),(4706,'','Lý Ngân','Ngân',NULL,'20/8/1996','','Trà Vinh','','','','',NULL),(4707,'','Bùi Trọng','Nghĩa',NULL,'04/6/1995','','Kiên Giang','','','','',NULL),(4708,'','Hồ Trọng','Nghĩa',NULL,'25/6/1996','','Đồng Tháp','','','','',NULL),(4709,'','Lý Bình','Nguyên',NULL,'25/6/1995','','Hậu Giang','','','','',NULL),(4710,'','Trần Quốc Vĩnh','Thái',NULL,'14/7/1996','','Vĩnh Long','','','','',NULL),(4711,'','Trương Phú','Vinh',NULL,'15/10/1996','','Vĩnh Long','','','','',NULL),(4712,'','Khưu Văn','Vũ',NULL,'12/4/1994','','Hậu Giang','','','','',NULL),(4713,'','Nguyễn Anh','Vuy',NULL,'10/4/1996','','Đồng Tháp','','','','',NULL),(4714,'','Nguyễn Thị Kiều','Oanh',NULL,'23/9/1996','','Vĩnh Long','','','','',NULL),(4715,'','Võ Văn Mến','Em',NULL,'26/05/1996','','Kiên Giang','','','','',NULL),(4716,'','Nguyễn Thanh','Nam',NULL,'17/01/1996','','Vĩnh Long','','','','',NULL),(4717,'','Ngô Văn','Sang',NULL,'14/07/1996','','Tiền Giang','','','','',NULL),(4718,'','Văn Chí','Tài',NULL,'09/10/1996','','Vĩnh Long','','','','',NULL),(4719,'','Đặng Thị Cẩm','Tiên',NULL,'21/02/1996','','Bến Tre','','','','',NULL),(4720,'','Đặng An','Vương',NULL,'01/8/1996','','Vĩnh Long','','','','',NULL),(4721,'','Nguyễn Thái','Hiền',NULL,'17/4/1993','','Vĩnh Long','','','','',NULL),(4722,'','Đặng Quốc','Tài',NULL,'09/3/1996','','Vĩnh Long','','','','',NULL),(4723,'','Võ Minh','Trí',NULL,'13/7/1996','Nam','Vĩnh Long','','','','',NULL),(4724,'','Lê Minh','Chánh',NULL,'09/02/1995','Nam','Vĩnh Long','','','','',NULL),(4725,'','Trần Thái','Duy',NULL,'24/01/1996','','Vĩnh Long','','','','',NULL),(4726,'','Lê Vũ','Luân',NULL,'02/06/1996','','Vĩnh Long','','','','',NULL),(4727,'','Lê Hải','Ngàn',NULL,'25/02/1995','','Bến Tre','','','','',NULL),(4728,'','Nguyễn Lê Công','Phú',NULL,'11/09/1995','','Quảng Nam','','','','',NULL),(4729,'','Thái Minh','Quân',NULL,'28/06/1996','','Vĩnh Long','','','','',NULL),(4730,'','Trương Minh','Tâm',NULL,'08/01/1995','','Vĩnh Long','','','','',NULL),(4731,'','Nguyễn Minh','Trọng',NULL,'02/04/1996','','Vĩnh Long','','','','',NULL),(4732,'','Phan Thành','Vũ',NULL,'27/02/1996','','Tiền Giang','','','','',NULL),(4733,'','Lưu Trần Trọng','Linh',NULL,'28/09/1996','','Vĩnh Long','','','','',NULL),(4734,'','Trần Quốc','Bảo',NULL,'02/10/1997','Nam','Vĩnh Long','','','','',NULL),(4735,'','Phạm Thế Quốc','Cường',NULL,'10/11/1996','','Bến Tre','','','','',NULL),(4736,'','Lê Huỳnh','Đức',NULL,'13/05/1997','Nam','Vĩnh Long','','','','',NULL),(4737,'','Mai Hoàng','Duy',NULL,'19/12/1997','','An Giang','','','','',NULL),(4738,'','Nguyễn Thanh','Duy',NULL,'14/3/1997','','Vĩnh Long','','','','',NULL),(4739,'','Võ Thanh','Giàu',NULL,'19/06/1997','','Vĩnh Long','','','','',NULL),(4740,'','Trần Văn','Hiền',NULL,'19/09/1997','','Vĩnh Long','','','','',NULL),(4741,'','Huỳnh Trí','Hiếu',NULL,'20/10/1995','','Vĩnh Long','','','','',NULL),(4742,'','Trần Thanh','Hiếu',NULL,'08/06/1997','','Trà Vinh','','','','',NULL),(4743,'','Nguyễn Tấn','Huân',NULL,'20/07/1997','Nam','Vĩnh Long','','','','',NULL),(4744,'','Nguyễn Thanh','Huy',NULL,'01/03/1997','','Vĩnh Long','','','','',NULL),(4745,'','Phạm Lê Quốc','Khải',NULL,'02/06/1997','','Vĩnh Long','','','','',NULL),(4746,'','Trần Thanh','Lộc',NULL,'14/04/1997','','Vĩnh Long','','','','',NULL),(4747,'','Lê Trần Đức','Lợi',NULL,'16/02/1996','','Đồng Tháp','','','','',NULL),(4748,'','Nguyễn Phát','Lợi',NULL,'22/11/1997','','Vĩnh Long','','','','',NULL),(4749,'','Trần Tuyết','Mai',NULL,'09/12/1997','','Vĩnh Long','','','','',NULL),(4750,'','Nguyễn Hoàng','Minh',NULL,'04/03/1997','','Vĩnh Long','','','','',NULL),(4751,'','Trương Thành','Phước',NULL,'02/12/1997','','Vĩnh Long','','','','',NULL),(4752,'','Nguyễn Thanh','Quí',NULL,'18/09/1997','','Vĩnh Long','','','','',NULL),(4753,'','Trương Phú','Quí',NULL,'07/11/1995','','Vĩnh Long','','','','',NULL),(4754,'','Nguyễn Thanh','Quý',NULL,'09/6/1996','','Vĩnh Long','','','','',NULL),(4755,'','Bạch Chí','Tâm',NULL,'08/05/1997','','Vĩnh Long','','','','',NULL),(4756,'','Nguyễn Thanh','Tâm',NULL,'07/04/1996','','Vĩnh Long','','','','',NULL),(4757,'','Lê Vũ','Thanh',NULL,'26/7/1997','','Vĩnh Long','','','','',NULL),(4758,'','Nguyễn Minh','Vàng',NULL,'19/3/1996','','Tiền Giang','','','','',NULL),(4759,'','Đỗ Quốc','Việt',NULL,'15/10/1997','','Đồng Tháp','','','','',NULL),(4760,'','Ngô Văn Hồng','Vinh',NULL,'01/01/1997','','Vĩnh Long','','','','',NULL),(4761,'','Lê Thanh','Xuân',NULL,'31/10/1997','','Vĩnh Long','','','','',NULL),(4762,'','Diệp Chế','Thanh',NULL,'19/10/1997','','Vĩnh Long','','','','',NULL),(4763,'','Nguyễn Hoàng','Nhân',NULL,'15/10/1996','','Vĩnh Long','','','','',NULL),(4764,'','Lê Hoàng Tuấn','Anh',NULL,'23/12/1997','Nam','Vĩnh Long','','','','',NULL),(4765,'','Nguyễn Văn Minh','Anh',NULL,'08/12/1997','Nam','Vĩnh Long','','','','',NULL),(4766,'','Nguyễn Ngọc Thái','Bảo',NULL,'01/09/1997','Nam','Vĩnh Long','','','','',NULL),(4767,'','Nguyễn Hồng','Cảnh',NULL,'22/03/1994','Nam','Đồng Tháp','','','','',NULL),(4768,'','Nguyễn Hoàng','Duy',NULL,'03/09/1997','','Vĩnh Long','','','','',NULL),(4769,'','Phan Nguyễn Tiến','Duyên',NULL,'10/12/1994','','Cần Thơ','','','','',NULL),(4770,'','Đoàn Minh','Hải',NULL,'03/11/1997','','Vĩnh Long','','','','',NULL),(4771,'','Nguyễn Đức','Hiền',NULL,'05/01/1997','','Vĩnh Long','','','','',NULL),(4772,'','Cao Thanh','Hiển',NULL,'14/02/1996','','An Giang','','','','',NULL),(4773,'','Hồ Tây','Hồ',NULL,'21/11/1997','','Đồng Tháp','','','','',NULL),(4774,'','Nguyễn Phi','Hùng',NULL,'21/3/1997','','Vĩnh Long','','','','',NULL),(4775,'','Nguyễn Thanh','Hùng',NULL,'21/01/1997','','Vĩnh Long','','','','',NULL),(4776,'','Đặng Quang','Huy',NULL,'07/03/1995','','Cần Thơ','','','','',NULL),(4777,'','Hồ Khắc','Huy',NULL,'01/12/1996','','Vĩnh Long','','','','',NULL),(4778,'','Nguyễn Đức','Huy',NULL,'28/11/1997','','Vĩnh Long','','','','',NULL),(4779,'','Huỳnh Tấn','Khanh',NULL,'03/3/1997','','Vĩnh Long','','','','',NULL),(4780,'','Nguyễn Nhật Minh','Khoa',NULL,'22/07/1997','','Vĩnh Long','','','','',NULL),(4781,'','Nguyễn Xuân','Linh',NULL,'16/04/1996','','Kiên Giang','','','','',NULL),(4782,'','Chung Gia','Lương',NULL,'01/01/1997','','Đồng Tháp','','','','',NULL),(4783,'','Mai Nguyễn Hiếu','Nghĩa',NULL,'04/7/1997','','Vĩnh Long','','','','',NULL),(4784,'','Nguyễn Tường','Nhân',NULL,'11/02/1997','','Nha Trang','','','','',NULL),(4785,'','Nguyễn Huỳnh Thị Hồng','Nhi',NULL,'27/02/1995','','Vĩnh Long','','','','',NULL),(4786,'','Phan Thanh','Phong',NULL,'30/03/1993','','Vĩnh Long','','','','',NULL),(4787,'','Nguyễn Thị Bích','Phượng',NULL,'28/04/1997','','Đồng Tháp','','','','',NULL),(4788,'','Trương Hoài Quốc','Thanh',NULL,'17/02/1996','','Vĩnh Long','','','','',NULL),(4789,'','Nguyễn Vĩnh','Thiện',NULL,'25/05/1996','','Bến Tre','','','','',NULL),(4790,'','Nguyễn Trang Anh','Thư',NULL,'06/06/1997','','Vĩnh Long','','','','',NULL),(4791,'','Võ Thị','Tím',NULL,'13/3/1997','','Vĩnh Long','','','','',NULL),(4792,'','Lý Vỹ','Trung',NULL,'24/05/1996','','Vĩnh Long','','','','',NULL),(4793,'','Trần Ngọc Bích','Tuyền',NULL,'08/8/1997','','Vĩnh Long','','','','',NULL),(4794,'','Đỗ Quốc','Vinh',NULL,'10/10/1996','','Tiền Giang','','','','',NULL),(4795,'','Nguyễn Lê','Vinh',NULL,'16/06/1997','','Vĩnh Long','','','','',NULL),(4796,'','Huỳnh Thanh','Dương',NULL,'05/5/1992','','Vĩnh Long','','','','',NULL),(4797,'','Võ Xuân','Vinh',NULL,'12/05/1992','','Vĩnh Long','','','','',NULL),(4798,'','Dư Chí','Bảo',NULL,'27/6/1197','Nam','Trà Vinh','','','','',NULL),(4799,'','Bùi Quốc','Cường',NULL,'27/03/1997','','Vĩnh Long','','','','',NULL),(4800,'','Nguyễn Chí','Cường',NULL,'04/11/1997','','Vĩnh Long','','','','',NULL),(4801,'','Châu Hoàng','Đệ',NULL,'06/6/1997','','Vĩnh Long','','','','',NULL),(4802,'','Huỳnh Nguyển','Điền',NULL,'04/08/1997','','Vĩnh Long','','','','',NULL),(4803,'','Phạm Tính','Đức',NULL,'05/05/1996','Nam','Vĩnh Long','','','','',NULL),(4804,'','Nguyễn Lê','Dương',NULL,'18/10/1995','','Vĩnh Long','','','','',NULL),(4805,'','Phan Trung','Hậu',NULL,'30/3/1997','','Vĩnh Long','','','','',NULL),(4806,'','Đặng Hiếu','Hòa',NULL,'30/5/1997','','Long An','','','','',NULL),(4807,'','Nguyễn Đức','Hoàng',NULL,'03/11/1997','','Vĩnh Long','','','','',NULL),(4808,'','Trần Thanh','Hoàng',NULL,'11/3/1997','','Vĩnh Long','','','','',NULL),(4809,'','Đỗ Thành','Hơn',NULL,'09/01/1997','','Vĩnh Long','','','','',NULL),(4810,'','Vương Hiệp','Hưng',NULL,'20/10/1997','','Vĩnh Long','','','','',NULL),(4811,'','Nguyễn Thành','Khang',NULL,'18/8/1997','','Vĩnh Long','','','','',NULL),(4812,'','Lê Duy','Khánh',NULL,'16/04/1996','','Cà Mau','','','','',NULL),(4813,'','Võ Anh','Khoa',NULL,'30/06/1997','','Vĩnh Long','','','','',NULL),(4814,'','Trần Phan Tuấn','Kiệt',NULL,'12/05/1996','','Vĩnh Long','','','','',NULL),(4815,'','Trương Hoài','Lập',NULL,'03/02/1997','','Trà Vinh','','','','',NULL),(4816,'','Trần Nhật','Minh',NULL,'15/07/1997','','Vĩnh Long','','','','',NULL),(4817,'','Huỳnh Văn Hoài','Nam',NULL,'07/5/1997','','Tiền Giang','','','','',NULL),(4818,'','Lê Hoài','Nam',NULL,'10/01/1997','','Vĩnh Long','','','','',NULL),(4819,'','Nguyễn Trọng','Nhân',NULL,'16/01/1997','','Vĩnh Long','','','','',NULL),(4820,'','Nguyễn Minh','Nhựt',NULL,'28/02/1997','','Tiền Giang','','','','',NULL),(4821,'','Lâm Quang','Phúc',NULL,'07/06/1997','','Vĩnh Long','','','','',NULL),(4822,'','Nguyễn Văn Bé','Sáu',NULL,'12/06/1997','','Vĩnh Long','','','','',NULL),(4823,'','Trần Minh','Toàn',NULL,'20/02/1997','','Vĩnh Long','','','','',NULL),(4824,'','Lê Thanh','Tuấn',NULL,'19/8/1997','','Vĩnh Long','','','','',NULL),(4825,'','Huỳnh Minh','Ty',NULL,'19/12/1996','','Đồng Tháp','','','','',NULL),(4826,'','Phạm Tấn','Vàng',NULL,'20/12/1997','','Vĩnh Long','','','','',NULL),(4827,'','Trần Đức','Thịnh',NULL,'19/08/1995','','Đồng Tháp','','','','',NULL),(4828,'','Dương Tấn','An',NULL,'23/02/1997','Nam','Vĩnh Long','','','','',NULL),(4829,'','Huỳnh Dân','An',NULL,'28/07/1997','Nam','Vĩnh Long','','','','',NULL),(4830,'','Huỳnh Gia','Bảo',NULL,'06/02/1997','Nam','Vĩnh Long','','','','',NULL),(4831,'','Trần Duy','Bình',NULL,'29/07/1996','','Vĩnh Long','','','','',NULL),(4832,'','Trần Đại','Cả',NULL,'10/12/1996','','Vĩnh Long','','','','',NULL),(4833,'','Huỳnh Ngọc','Châu',NULL,'18/01/1997','','Bến Tre','','','','',NULL),(4834,'','Trần Quốc','Cường',NULL,'24/07/1997','','Vĩnh Long','','','','',NULL),(4835,'','Nguyễn Hải','Đăng',NULL,'03/07/1997','','Kiên Giang','','','','',NULL),(4836,'','Trần Thành Phát','Đạt',NULL,'07/11/1995','','Cà Mau','','','','',NULL),(4837,'','Trương Văn','Dể',NULL,'15/06/1996','','Cần Thơ','','','','',NULL),(4838,'','Trần Minh','Diện',NULL,'05/03/1997','','Vĩnh Long','','','','',NULL),(4839,'','Lê Long','Định',NULL,'16/10/1997','','Vĩnh Long','','','','',NULL),(4840,'','Trương Thiện','Đông',NULL,'20/09/1997','Nam','Vĩnh Long','','','','',NULL),(4841,'','Nguyễn Minh','Dương',NULL,'19/11/1997','','Vĩnh Long','','','','',NULL),(4842,'','Nguyễn Văn','Duy',NULL,'24/01/1997','','Vĩnh Long','','','','',NULL),(4843,'','Trần Hoàng','Giang',NULL,'28/02/1997','','Đồng Tháp','','','','',NULL),(4844,'','Nguyễn Văn','Hậu',NULL,'02/08/1995','','Vĩnh Long','','','','',NULL),(4845,'','Lưu Thành','Hiển',NULL,'02/01/1997','','Vĩnh Long','','','','',NULL),(4846,'','Dương Ngọc','Hiếu',NULL,'21/06/1997','','Vĩnh Long','','','','',NULL),(4847,'','Hoàng Chí','Hiếu',NULL,'17/10/1997','','Vĩnh Long','','','','',NULL),(4848,'','Phạm Chí','Hiểu',NULL,'14/9/1996','','Vĩnh Long','','','','',NULL),(4849,'','Phạm Đông','Hồ',NULL,'20/09/1996','','Cần Thơ','','','','',NULL),(4850,'','Bùi Minh','Hoàng',NULL,'01/6/1997','','Vĩnh Long','','','','',NULL),(4851,'','Nguyễn Đức','Hoàng',NULL,'11/06/1997','','Quảng Ngãi','','','','',NULL),(4852,'','Nguyễn Văn','Hội',NULL,'02/5/1997','','Đồng Tháp','','','','',NULL),(4853,'','Nguyễn Thanh','Huân',NULL,'07/9/1997','Nam','Vĩnh Long','','','','',NULL),(4854,'','Nguyễn Nhựt','Hùng',NULL,'20/05/1997','','Vĩnh Long','','','','',NULL),(4855,'','Bùi Chánh','Huy',NULL,'17/7/1997','','Vĩnh Long','','','','',NULL),(4856,'','Nguyễn Bùi Đức','Huy',NULL,'01/10/1996','','Vĩnh Long','','','','',NULL),(4857,'','Trần Tấn','Khải',NULL,'07/10/1997','','Trà Vinh','','','','',NULL),(4858,'','Nguyễn Hoàng','Khang',NULL,'05/09/1997','','Vĩnh Long','','','','',NULL),(4859,'','Đặng Nhựt','Khanh',NULL,'07/02/1996','','Long An','','','','',NULL),(4860,'','Thái Hoàng','Khoa',NULL,'06/01/1997','','Vĩnh Long','','','','',NULL),(4861,'','Nguyễn Hoàng Duy','Khôi',NULL,'29/10/1997','','Vĩnh Long','','','','',NULL),(4862,'','Trương Hoàng','Lâm',NULL,'05/06/1997','','Vĩnh Long','','','','',NULL),(4863,'','Nguyễn Tấn','Lộc',NULL,'14/12/1997','','Cần Thơ','','','','',NULL),(4864,'','Nguyễn Văn','Lộc',NULL,'15/04/1995','Nam','Đồng Tháp','','','','',NULL),(4865,'','Nguyễn Chiêu','Long',NULL,'08/04/1997','Nam','Vĩnh Long','','','','',NULL),(4866,'','Lê Vũ','Luân',NULL,'19/6/1997','Nam','Vĩnh Long','','','','',NULL),(4867,'','Lê Hoàng','Mẫn',NULL,'15/03/1997','','Vĩnh Long','','','','',NULL),(4868,'','Mai Hữu','Mãnh',NULL,'19/08/1995','','Vĩnh Long','','','','',NULL),(4869,'','Nguyễn Thanh','Nam',NULL,'20/11/1995','','Vĩnh Long','','','','',NULL),(4870,'','Phạm Trung','Nghĩa',NULL,'08/8/1996','','Vĩnh Long','','','','',NULL),(4871,'','Nguyễn Thành','Ngọc',NULL,'13/02/1997','','Vĩnh Long','','','','',NULL),(4872,'','Trần Trọng','Nguyễn',NULL,'12/09/1996','','Vĩnh Long','','','','',NULL),(4873,'','Võ Thanh','Nhàn',NULL,'30/09/1997','','Đồng Tháp','','','','',NULL),(4874,'','Nguyễn Minh','Nhật',NULL,'30/11/1997','','Vĩnh Long','','','','',NULL),(4875,'','Nguyễn Quốc Mỹ','Nhật',NULL,'07/07/1995','','Vĩnh Long','','','','',NULL),(4876,'','Trần Tuấn','Pha',NULL,'12/07/1997','','Cần Thơ','','','','',NULL),(4877,'','Hồ Văn','Phát',NULL,'16/05/1996','','Đồng Tháp','','','','',NULL),(4878,'','Lê Thành','Phát',NULL,'31/12/1997','','Cần Thơ','','','','',NULL),(4879,'','Nguyễn Hoàng','Phúc',NULL,'18/04/1997','','Vĩnh Long','','','','',NULL),(4880,'','Nguyễn Hữu','Phúc',NULL,'17/07/1997','','Vĩnh Long','','','','',NULL),(4881,'','Nguyễn Văn','Phúc',NULL,'30/04/1996','','Vĩnh Long','','','','',NULL),(4882,'','Nguyễn Văn','Phước',NULL,'15/3/1997','','Bến Tre','','','','',NULL),(4883,'','Trang Hữu','Phước',NULL,'03/09/1997','','Sóc Trăng','','','','',NULL),(4884,'','Nguyễn Minh','Phương',NULL,'28/7/1997','','Vĩnh Long','','','','',NULL),(4885,'','Nguyễn Hoàng','Qui',NULL,'07/01/1996','','Vĩnh Long','','','','',NULL),(4886,'','Nguyễn Nhựt','Quí',NULL,'02/09/1997','','Vĩnh Long','','','','',NULL),(4887,'','Trần Phú','Quí',NULL,'13/07/1997','','Vĩnh Long','','','','',NULL),(4888,'','Đinh Thành','Sang',NULL,'28/02/1997','','Vĩnh Long','','','','',NULL),(4889,'','Nguyễn Văn','Sang',NULL,'04/09/1997','','Vĩnh Long','','','','',NULL),(4890,'','Trần Hoàng','Tâm',NULL,'28/12/1997','','Vĩnh Long','','','','',NULL),(4891,'','Bùi Thanh','Tân',NULL,'03/12/1996','','Vĩnh Long','','','','',NULL),(4892,'','Huỳnh Duy','Tân',NULL,'05/12/1997','','Vĩnh Long','','','','',NULL),(4893,'','Võ Chí','Thanh',NULL,'31/08/1997','','Đồng Tháp','','','','',NULL),(4894,'','Nguyễn Thanh','Thảo',NULL,'02/11/1997','','Trà Vinh','','','','',NULL),(4895,'','Lưu Hoàng Bảo','Thi',NULL,'06/12/1997','','Vĩnh Long','','','','',NULL),(4896,'','Lê Hoài Bảo','Thiện',NULL,'28/12/1997','','Đồng Tháp','','','','',NULL),(4897,'','Trần Minh','Thiện',NULL,'26/01/1997','','Vĩnh Long','','','','',NULL),(4898,'','Ngô Văn','Thiều',NULL,'13/11/1997','','Trà Vinh','','','','',NULL),(4899,'','Phan Quốc','Thịnh',NULL,'09/02/1997','','Vĩnh Long','','','','',NULL),(4900,'','Phan Hữu','Thọ',NULL,'10/07/1995','','Đồng Tháp','','','','',NULL),(4901,'','Võ Chung Minh','Thông',NULL,'27/01/1997','','Vĩnh Long','','','','',NULL),(4902,'','Đặng Kim','Thuận',NULL,'19/04/1997','','Vĩnh Long','','','','',NULL),(4903,'','Lê Minh','Thuận',NULL,'19/01/1996','','Vĩnh Long','','','','',NULL),(4904,'','Phạm Thanh','Tiên',NULL,'28/02/1995','','Vĩnh Long','','','','',NULL),(4905,'','Lê Văn','Toàn',NULL,'06/09/1995','','Đồng Tháp','','','','',NULL),(4906,'','Nguyễn Phương','Toàn',NULL,'26/11/1997','','Vĩnh Long','','','','',NULL),(4907,'','Bùi Minh','Trí',NULL,'17/01/1997','Nam','Vĩnh Long','','','','',NULL),(4908,'','Đặng Hoàng','Trung',NULL,'21/01/1996','','Vĩnh Long','','','','',NULL),(4909,'','Trần Thành','Trung',NULL,'01/01/1997','','Vĩnh Long','','','','',NULL),(4910,'','Trang Thành','Trung',NULL,'02/04/1997','','TP.HCM','','','','',NULL),(4911,'','Đỗ Tấn','Trường',NULL,'26/12/1997','','Vĩnh Long','','','','',NULL),(4912,'','Đinh Hoàng','Tuấn',NULL,'10/10/1996','','Kiên Giang','','','','',NULL),(4913,'','Lê Mạnh','Tuấn',NULL,'22/02/1997','','Vĩnh Long','','','','',NULL),(4914,'','Nguyễn Thanh','Tùng',NULL,'02/10/1997','','Kiên Giang','','','','',NULL),(4915,'','Trần Nguyễn Hồ','Văn',NULL,'01/07/1997','','Tiền Giang','','','','',NULL),(4916,'','Lưu Đức','Vinh',NULL,'31/5/1997','','Vĩnh Long','','','','',NULL),(4917,'','Phạm Tấn','Vinh',NULL,'09/9/1997','','Đồng Tháp','','','','',NULL),(4918,'','Trương Trần Danh','Vọng',NULL,'28/08/1997','','Vĩnh Long','','','','',NULL),(4919,'','Phan Như','Ý',NULL,'15/9/1993','','Sóc Trăng','','','','',NULL),(4920,'','Nguyễn Chí','Phải',NULL,'27/12/1997','','Kiên Giang','','','','',NULL),(4921,'','Trần Tấn','Linh',NULL,'02/02/1995','','Đồng Tháp','','','','',NULL),(4922,'','Nguyễn Đức','Bình',NULL,'10/02/1997','','Tiền Giang','','','','',NULL),(4923,'','Ngô Quốc','Trung',NULL,'01/5/1997','','Vĩnh Long','','','','',NULL),(4924,'','Huỳnh Minh','An',NULL,'07/09/1995','Nam','Vĩnh Long','','','','',NULL),(4925,'','Cao Quốc','Bảo',NULL,'11/11/1996','Nam','Vĩnh Long','','','','',NULL),(4926,'','Chung Nhị','Bình',NULL,'20/03/1996','','Vĩnh Long','','','','',NULL),(4927,'','Nguyễn Thanh','Bình',NULL,'01/11/1996','','Vĩnh Long','','','','',NULL),(4928,'','Thái Thanh','Cường',NULL,'12/07/1996','','Vĩnh Long','','','','',NULL),(4929,'','Võ Phú','Cường',NULL,'05/08/1996','','Đồng Tháp','','','','',NULL),(4930,'','Lê Văn','Gõ',NULL,'15/02/1995','','Vĩnh Long','','','','',NULL),(4931,'','Phạm Tuấn','Huy',NULL,'30/03/1996','','Vĩnh Long','','','','',NULL),(4932,'','Nguyễn Phi','Khải',NULL,'19/09/1996','','Đồng Tháp','','','','',NULL),(4933,'','Nguyễn Lê Minh','Khoa',NULL,'20/09/1996','','Cần Thơ','','','','',NULL),(4934,'','Lưu Huỳnh','Luân',NULL,'03/12/1995','','Vĩnh Long','','','','',NULL),(4935,'','Đặng Minh','Nhựt',NULL,'03/12/1996','','Bến Tre','','','','',NULL),(4936,'','Trương Minh','Nhựt',NULL,'25/04/1996','','Bạc Liêu','','','','',NULL),(4937,'','Trần Lương','Phú',NULL,'17/09/1996','','Vĩnh Long','','','','',NULL),(4938,'','Nguyễn Huỳnh','Quang',NULL,'12/10/1996','','Vĩnh Long','','','','',NULL),(4939,'','Trần Lương','Quý',NULL,'17/09/1996','','Vĩnh Long','','','','',NULL),(4940,'','Mai Hoàng','Thắng',NULL,'15/09/1996','','Vĩnh Long','','','','',NULL),(4941,'','Mã Minh','Trí',NULL,'10/08/1996','Nam','Vĩnh Long','','','','',NULL),(4942,'','Nguyễn Nhật','Trường',NULL,'26/05/1996','','Vĩnh Long','','','','',NULL),(4943,'','Võ Hồng Ngọc','Hân',NULL,'15/03/1996','','Vĩnh Long','','','','',NULL),(4944,'','Nguyễn Quốc','Hào',NULL,'06/11/1995','','Kiên Giang','','','','',NULL),(4945,'','Phan Thị Mỹ','Huyền',NULL,'01/03/1996','','Vĩnh Long','','','','',NULL),(4946,'','Nguyễn Thị Thùy','Linh',NULL,'27/04/1996','','Bến Tre','','','','',NULL),(4947,'','Lê Huỳnh Trúc','Ly',NULL,'07/12/1996','','Vĩnh Long','','','','',NULL),(4948,'','Nguyễn Thị Trà','My',NULL,'19/03/1996','','Đồng Tháp','','','','',NULL),(4949,'','Mai Thanh','Nam',NULL,'02/07/1996','','Sóc Trăng','','','','',NULL),(4950,'','Cam Minh','Nhựt',NULL,'20/09/1996','','Vĩnh Long','','','','',NULL),(4951,'','Huỳnh Hoàng','Oanh',NULL,'31/12/1996','','Vĩnh Long','','','','',NULL),(4952,'','Trần Thị Lam','Phương',NULL,'04/08/1996','','Vĩnh Long','','','','',NULL),(4953,'','Đặng Thúy','Quyên',NULL,'07/01/1996','','Vĩnh Long','','','','',NULL),(4954,'','Lê Nhựt','Thanh',NULL,'01/01/1995','','Vĩnh Long','','','','',NULL),(4955,'','Phan Thị Kiều','Trâm',NULL,'17/12/1996','','Vĩnh Long','','','','',NULL),(4956,'','Nguyễn Bảo','Trân',NULL,'02/11/1995','','Vĩnh Long','','','','',NULL),(4957,'','Đào Thị Thùy','Trang',NULL,'19/10/1996','Nữ','Vĩnh Long','','','','',NULL),(4958,'','Đỗ Thị Như','Ý',NULL,'10/04/1996','','Vĩnh Long','','','','',NULL),(4959,'','Phạm Thị Như','Ý',NULL,'09/10/1996','','Sóc Trăng','','','','',NULL),(4960,'','Lê Thị Huế','Anh',NULL,'18/04/1997','Nữ','Vĩnh Long','','','','',NULL),(4961,'','Nguyễn Văn','Cảnh',NULL,'16/06/1997','Nam','Bến Tre','','','','',NULL),(4962,'','Trần Xuân','Đổ',NULL,'17/07/1995','','Vĩnh Long','','','','',NULL),(4963,'','Lê Thị Thùy','Dương',NULL,'21/5/1997','','Vũng Tàu','','','','',NULL),(4964,'','Nguyễn Minh','Hiếu',NULL,'29/12/1997','','Vĩnh Long','','','','',NULL),(4965,'','Lưu Đức','Huy',NULL,'12/12/1997','','Trà Vinh','','','','',NULL),(4966,'','Phan Hoàng','Huy',NULL,'02/11/1997','','Vĩnh Long','','','','',NULL),(4967,'','Mai Trần Duy','Khang',NULL,'19/11/1997','','Vĩnh Long','','','','',NULL),(4968,'','Trần Ngọc','Liên',NULL,'19/02/1997','','Đồng Tháp','','','','',NULL),(4969,'','Đào Duy','Linh',NULL,'19/01/1997','','Đồng Tháp','','','','',NULL),(4970,'','Phan Thị Thúy','Minh',NULL,'07/08/1997','','Đồng Tháp','','','','',NULL),(4971,'','Đặng Thị Thảo','My',NULL,'13/06/1996','','Tiền Giang','','','','',NULL),(4972,'','Lê Thị Kim','Ngân',NULL,'24/8/1997','','Vĩnh Long','','','','',NULL),(4973,'','Nguyễn Thị Kim','Ngân',NULL,'04/09/1997','','Vĩnh Long','','','','',NULL),(4974,'','Trần Mai Lan','Nhi',NULL,'12/07/1996','','Đồng Tháp','','','','',NULL),(4975,'','Đoàn Văn','Phú',NULL,'01/03/1996','','Sóc Trăng','','','','',NULL),(4976,'','Nguyễn Ngọc','Quý',NULL,'10/01/1997','','Vĩnh Long','','','','',NULL),(4977,'','Phạm Kim','Sang',NULL,'20/10/1997','','Vĩnh Long','','','','',NULL),(4978,'','Lê Hữu','Thắng',NULL,'13/03/1997','','Vĩnh Long','','','','',NULL),(4979,'','Võ Thị Bảo','Thi',NULL,'29/11/1997','','Vĩnh Long','','','','',NULL),(4980,'','Nguyễn Kim','Thùy',NULL,'05/03/1997','','Vĩnh Long','','','','',NULL),(4981,'','Nguyễn Bảo','Toàn',NULL,'11/8/1996','','Vĩnh Long','','','','',NULL),(4982,'','Lê Hoàng','Tuấn',NULL,'16/07/1996','','Vĩnh Long','','','','',NULL),(4983,'','Phạm Thị Hải','Vi',NULL,'04/05/1997','','Vĩnh Long','','','','',NULL),(4984,'','Huỳnh Đức','Anh',NULL,'04/03/1997','Nam','Trà Vinh','','','','',NULL),(4985,'','Lê Đức','Anh',NULL,'27/05/1997','Nam','Vĩnh Long','','','','',NULL),(4986,'','Nguyễn Văn','Đại',NULL,'12/9/1997','','An Giang','','','','',NULL),(4987,'','Lưu Đức','Hòa',NULL,'23/08/1997','','Vĩnh Long','','','','',NULL),(4988,'','Đặng Huỳnh Minh','Kha',NULL,'07/10/1997','','Vĩnh Long','','','','',NULL),(4989,'','Huỳnh Minh','Thế',NULL,'20/5/1997','','Vĩnh Long','','','','',NULL),(4990,'','Trần Văn','Thi',NULL,'20/10/1997','','Vĩnh Long','','','','',NULL),(4991,'','Nguyễn Minh','Tiến',NULL,'10/10/1996','','Vĩnh Long','','','','',NULL),(4992,'','Cao Khắc','Tính',NULL,'22/02/1997','','Đồng Tháp','','','','',NULL),(4993,'','Nguyễn Hữu','Trí',NULL,'03/07/1997','Nam','Vĩnh Long','','','','',NULL),(4994,'','Nguyễn Đình','Tuấn',NULL,'10/12/1997','','Vĩnh Long','','','','',NULL),(4995,'','Nguyễn Trung','Nghĩa',NULL,'10/02/1997','','Tiền Giang','','','','',NULL),(4996,'','Huỳnh Minh','Trí',NULL,'22/3/1994','Nam','Vĩnh Long','','','','',NULL),(4997,'','Vũ Lưu Phúc','Duy',NULL,'13/12/1993','','Trà Vinh','','','','',NULL),(5024,'16005173','Nguyễn Thị Mộng','Bình','331806592','02/10/1998','Nữ','Vĩnh Long','','','','',''),(5036,'15001012','Nguyễn Hải','Cơ','331780908','11/7/1997','Nam','Vĩnh Long','','','','',''),(5039,'15001013','Trương Quốc','Công','331801428','02/3/1997','Nam','Vĩnh Long','','','','',''),(5040,'Tự do','Nguyễn Minh','Của','331788299','06/01/1993','Nam','Vĩnh Long','','','','',''),(5053,'14001016','Ngô Thành','Đạt','331768728','15/5/1995','Nam','Vĩnh Long','','','','',''),(5059,'Tự do','Phùng Minh','Đạt','321494279','10/11/1994','Nam','Bến Tre','','','','',''),(5065,'Tự do','Trần Thị Châu','Đoan','331829494','24/12/1997','Nữ','Vĩnh Long','','','','',''),(5067,'14001020','Nguyễn Phước','Đông','331895695','09/11/1996','Nam','An Giang','','','','',''),(5073,'15005027','Liên Thế','Đức','385746773','04/01/1997','Nam','Bạc Liêu','','','','',''),(5074,'13102007','Nguyễn Hữu','Dũng','331707819','22/02/1995','Nam','Vĩnh Long','','','','',''),(5076,'15005031','Bùi Ngân','Dương','341930039','14/01/1997','Nam','Đồng Tháp','','','','',''),(5099,'16005179','Võ Ngọc','Hân','331868709','19/8/1998','Nữ','Vĩnh Long','','','','',''),(5103,'15005046','Lư Hoàng','Hảo','331843197','15/9/1997','Nam','Vĩnh Long','','','','',''),(5114,'18005034','Hà Nguyễn Phước','Hòa','231201759','02/02/2000','Nam','Gia Lai','','','','',''),(5120,'15005051','Võ Khánh','Hưng','331828017','23/12/1997','Nam','Vĩnh Long','','','','',''),(5127,'16004028','Võ Bảo Đức','Huy','341748503','02/6/1993','Nam','Đồng Tháp','','','','',''),(5131,'15005056','Nguyễn Vũ','Huỳnh','381891091','22/8/1997','Nam','Cà Mau','','','','',''),(5134,'15002011','Kha Hoàng','Khải','331843581','25/12/1997','Nam','Vĩnh Long','','','','',''),(5139,'18004054','Trương Thành','Khang','341970347','07/10/2000','Nam','Đồng Tháp','','','','',''),(5148,'18004060','Trần Anh','Khoa','331877315','04/9/2000','Nam','Vĩnh Long','','','','',''),(5154,'15005062','Trương Thị Tuyết','Lan','341841200','08/5/1997','Nữ','Đồng Tháp','','','','',''),(5155,'16007013','Nguyễn Tấn','Lành','331806852','16/9/1997','Nam','Vĩnh Long','','','','',''),(5159,'16101062','Nguyễn Hữu','Lợi','331805376','15/02/1997','Nam','Vĩnh Long','','','','',''),(5176,'15005082','Ngô Kim','Ngọc','331805658','21/02/1997','Nữ','Vĩnh Long','','','','',''),(5184,'15005095','Phạm Ngọc Tiết','Nhi','341932964','03/5/1997','Nữ','Đồng Tháp','','','','',''),(5185,'16011022','Phạm Thị Oanh','Nhi','331800739','04/3/1998','Nữ','Vĩnh Long','','','','',''),(5190,'15005109','Lư Hoàng','Phát','331819534','30/11/1997','Nam','Cần Thơ','','','','',''),(5191,'15002021','Nguyễn Trí','Phong','331818150','26/6/1997','Nam','Vĩnh Long','','','','',''),(5194,'15003111','Nguyễn Lưu','Phúc','321543097','18/02/1997','Nam','Bến Tre','','','','',''),(5197,'15005114','Nguyễn Tấn','Phương','321566512','23/8/1997','Nam','Bến Tre','','','','',''),(5204,'15008070','Lương Thanh','Song','381834255','30/10/1996','Nam','Cà Mau','','','','',''),(5208,'15003127','Phạm Minh','Tài','334953509','06/01/1997','Nam','Trà Vinh','','','','',''),(5212,'15003129','Nguyễn Thành','Tâm','352369229','26/11/2018','Nam','An Giang','','','','',''),(5214,'Tự do','Nguyễn Thị Hồng','Thắm','331832278','07/11/1997','Nữ','Trà Vinh','','','','',''),(5216,'15005132','Nguyễn Chế','Thanh','3317737550','09/10/1997','Nam','Vĩnh Long','','','','',''),(5218,'15005133','Trần Thiện','Thanh','331846441','12/8/1997','Nam','Vĩnh Long','','','','',''),(5221,'Tự do','Nguyễn Thị Phương','Thảo','331801098','24/11/1997','Nữ','Vĩnh Long','','','','',''),(5225,'15001170','Nguyễn Hữu','Thiện','341847462','02/7/1997','Nam','Đồng Tháp','','','','',''),(5234,'15005142','Nguyễn Thị Phương','Thu','331746357','18/3/1996','Nữ','Vĩnh Long','','','','',''),(5241,'15005154','Nguyễn Lê Ngọc','Thùy','331775343','13/10/1997','Nữ','Vĩnh Long','','','','',''),(5244,'17002036','Nguyễn Trung','Tín','371752626','08/01/1998','Nam','Hậu Giang','','','','',''),(5245,'15005162','Ngô Trung','Tính','381859904','10/9/1997','Nam','Bạc Liêu','','','','',''),(5247,'15001189','Nguyễn Văn','Toán','331829577','12/6/1997','Nam','Đồng Tháp','','','','',''),(5249,'15001194','Lê Hoàng','Tới','331800606','22/9/1997','Nam','Vĩnh Long','','','','',''),(5257,'14001096','Nguyễn Phước','Trọng','341797739','15/8/1996','Nam','Đồng Tháp','','','','',''),(5261,'Tự do','Nguyễn Công','Trực','340930172','30/3/1979','Nam','Đồng Tháp','','','','',''),(5266,'17008244','Trần Thành','Trung','352384773','14/10/1999','Nam','An Giang','','','','',''),(5268,'15008101','Lê Viết Quang','Truyện','331828466','06/4/1997','Nam','Vĩnh Long','','','','',''),(5269,'15002031','Huỳnh Anh','Tú','352479292','16/6/1997','Nam','An Giang','','','','',''),(5270,'14003107','Châu Huỳnh Thanh','Tuấn','331809505','30/11/1996','Nam','Vĩnh Long','','','','',''),(5287,'15001219','Hồ Như','Ý','341924832','21/11/1997','Nam','Đồng Tháp','','','','',''),(7490,'14004049','ngô thanh lý','lý','292827281','06/01/1996','Nam','Vĩnh Long',NULL,NULL,NULL,'Tự do','');
/*!40000 ALTER TABLE `hocvien` ENABLE KEYS */;
UNLOCK TABLES;

--
-- Table structure for table `hocvien_lop`
--

DROP TABLE IF EXISTS `hocvien_lop`;
/*!40101 SET @saved_cs_client     = @@character_set_client */;
/*!40101 SET character_set_client = utf8 */;
CREATE TABLE `hocvien_lop` (
  `IDHVL` bigint(20) NOT NULL AUTO_INCREMENT,
  `IDL` bigint(20) DEFAULT NULL,
  `IDHV` bigint(20) DEFAULT NULL,
  `THOIGIANTHEM` bigint(20) DEFAULT NULL,
  `TRANGTHAI` varchar(50) DEFAULT NULL COMMENT 'ĐANG HỌC, ĐÃ CÓ KQ',
  `CAMTHI` bit(1) DEFAULT b'0',
  `MASOBIENLAI` varchar(50) DEFAULT NULL,
  `HOCPHI` decimal(10,0) DEFAULT NULL,
  `NGAYGHIBIENLAI` varchar(50) DEFAULT NULL,
  `GHICHUHP` varchar(100) DEFAULT NULL,
  PRIMARY KEY (`IDHVL`)
) ENGINE=InnoDB AUTO_INCREMENT=254 DEFAULT CHARSET=utf8;
/*!40101 SET character_set_client = @saved_cs_client */;

--
-- Dumping data for table `hocvien_lop`
--

LOCK TABLES `hocvien_lop` WRITE;
/*!40000 ALTER TABLE `hocvien_lop` DISABLE KEYS */;
INSERT INTO `hocvien_lop` VALUES (1,1,624,1542792833,NULL,'\0','29764',NULL,'26/9/2018',NULL),(2,2,625,1542792833,NULL,'\0','27953',NULL,'11/9/2018',NULL),(3,3,626,1542792833,NULL,'\0','27931',NULL,'19/9/2018',NULL),(4,4,627,1542792833,NULL,'\0','29636',NULL,'24/9/2018',NULL),(5,5,628,1542792833,NULL,'\0','29701',NULL,'25/9/2018',NULL),(6,6,629,1542792833,NULL,'\0','29726',NULL,'26/9//2018',NULL),(7,2,630,1542792833,NULL,'\0','27991',NULL,'17/9/2018',NULL),(8,7,631,1542792833,NULL,'\0','27968',NULL,'11/9/2018',NULL),(9,3,632,1542792833,NULL,'\0','27949',NULL,'26/9/2018',NULL),(10,8,633,1542792833,NULL,'\0','29602',NULL,'20/9/2018',NULL),(11,2,634,1542792833,NULL,'\0','27995',NULL,'19/9/2018',NULL),(12,9,635,1542792833,NULL,'\0','27975',NULL,'12/9/2018',NULL),(13,2,636,1542792833,NULL,'\0','27994',NULL,'17/9/2018',NULL),(14,7,637,1542792833,NULL,'\0','27971',NULL,'11/9/2018',NULL),(15,9,638,1542792833,NULL,'\0','27935',NULL,'19/9/2018',NULL),(16,5,639,1542792833,NULL,'\0','29756',NULL,'26/9/2018',NULL),(17,7,640,1542792833,NULL,'\0','27970',NULL,'11/9/2018',NULL),(18,10,641,1542792833,NULL,'\0','29809',NULL,'05/10/2018',NULL),(19,8,642,1542792833,NULL,'\0','29601',NULL,'20/9/2018',NULL),(20,9,643,1542792833,NULL,'\0','27989',NULL,'17/9/2018',NULL),(21,3,644,1542792833,NULL,'\0','27918',NULL,'19/9/2018',NULL),(22,2,645,1542792833,NULL,'\0','27955',NULL,'11/9/2018',NULL),(23,10,646,1542792833,NULL,'\0','29803',NULL,'05/10/2018',NULL),(24,11,647,1542792833,NULL,'\0','29650',NULL,'25/9/2018',NULL),(25,4,648,1542792833,NULL,'\0','29634',NULL,'24/9/2018',NULL),(26,10,649,1542792833,NULL,'\0','29817',NULL,'05/10/2018',NULL),(27,2,650,1542792833,NULL,'\0','27954',NULL,'11/9/2018',NULL),(28,3,651,1542792833,NULL,'\0','29630',NULL,'24/9/2018',NULL),(29,3,652,1542792833,NULL,'\0','27930',NULL,'19/9/2018',NULL),(30,2,653,1542792833,NULL,'\0','27904',NULL,'19/9/2018',NULL),(31,6,654,1542792833,NULL,'\0','29728',NULL,'26/9//2018',NULL),(32,3,655,1542792833,NULL,'\0','29632',NULL,'24/9/2018',NULL),(33,3,656,1542792833,NULL,'\0','27929',NULL,'19/9/2018',NULL),(34,6,657,1542792833,NULL,'\0','29725',NULL,'26/9//2018',NULL),(35,8,658,1542792833,NULL,'\0','29603',NULL,'20/9/2018',NULL),(36,2,659,1542792833,NULL,'\0','27993',NULL,'17/9/2018',NULL),(37,7,660,1542792833,NULL,'\0','27964',NULL,'11/9/2018',NULL),(38,10,661,1542792833,NULL,'\0','29824',NULL,'05/10/2018',NULL),(39,7,662,1542792833,NULL,'\0','27958',NULL,'11/9/2018',NULL),(40,4,663,1542792833,NULL,'\0','29774',NULL,'28/9/2018',NULL),(41,10,664,1542792833,NULL,'\0','29820',NULL,'05/10/2018',NULL),(42,5,665,1542792833,NULL,'\0','29752',NULL,'26/9/2018',NULL),(43,4,666,1542792833,NULL,'\0','29729',NULL,'26/9//2018',NULL),(44,7,667,1542792833,NULL,'\0','27959',NULL,'11/9/2018',NULL),(45,2,668,1542792833,NULL,'\0','27952',NULL,'11/9/2018',NULL),(46,6,669,1542792833,NULL,'\0','29714',NULL,'25/9/2018',NULL),(47,1,670,1542792833,NULL,'\0','29772',NULL,'26/9/2018',NULL),(48,8,671,1542792833,NULL,'\0','29611',NULL,'20/9/2018',NULL),(49,3,672,1542792833,NULL,'\0','27942',NULL,'21/9/2018',NULL),(50,3,673,1542792833,NULL,'\0','27914',NULL,'19/9/2018',NULL),(51,8,674,1542792833,NULL,'\0','29604',NULL,'20/9/2018',NULL),(52,4,675,1542792833,NULL,'\0','29635',NULL,'24/9/2018',NULL),(53,9,676,1542792833,NULL,'\0','27933',NULL,'19/9/2018',NULL),(54,2,677,1542792833,NULL,'\0','27974',NULL,'12/9/2018',NULL),(55,7,678,1542792833,NULL,'\0','27972',NULL,'11/9/2018',NULL),(56,3,679,1542792833,NULL,'\0','29637',NULL,'24/9/2018',NULL),(57,7,680,1542792833,NULL,'\0','27960',NULL,'11/9/2018',NULL),(58,5,681,1542792833,NULL,'\0','29761',NULL,'26/9/2018',NULL),(59,7,682,1542792833,NULL,'\0','27981',NULL,'14/9/2018',NULL),(60,5,683,1542792833,NULL,'\0','29754',NULL,'26/9/2018',NULL),(61,8,684,1542792833,NULL,'\0','29605',NULL,'20/9/2018',NULL),(62,3,685,1542792833,NULL,'\0','27920',NULL,'19/9/2018',NULL),(63,9,686,1542792833,NULL,'\0','27987',NULL,'17/9/2018',NULL),(64,3,687,1542792833,NULL,'\0','29629',NULL,'24/9/2018',NULL),(65,10,688,1542792833,NULL,'\0','29821',NULL,'05/10/2018',NULL),(66,9,689,1542792833,NULL,'\0','27936',NULL,'19/9/2018',NULL),(67,9,690,1542792833,NULL,'\0','27998',NULL,'18/9/2018',NULL),(68,10,691,1542792833,NULL,'\0','29818',NULL,'05/10/2018',NULL),(69,2,692,1542792833,NULL,'\0','27999',NULL,'19/9/2018',NULL),(70,3,693,1542792833,NULL,'\0','27925',NULL,'19/9/2018',NULL),(71,6,694,1542792833,NULL,'\0','27941',NULL,'21/9/2018',NULL),(72,9,695,1542792833,NULL,'\0','27984',NULL,'17/9/2018',NULL),(73,7,696,1542792833,NULL,'\0','27969',NULL,'11/9/2018',NULL),(74,9,697,1542792833,NULL,'\0','27988',NULL,'17/9/2018',NULL),(75,4,698,1542792833,NULL,'\0','29633',NULL,'24/9/2018',NULL),(76,10,699,1542792833,NULL,'\0','29811',NULL,'05/10/2018',NULL),(77,9,700,1542792833,NULL,'\0','27917',NULL,'19/9/2018',NULL),(78,10,701,1542792833,NULL,'\0','29823',NULL,'05/10/2018',NULL),(79,9,702,1542792833,NULL,'\0','27934',NULL,'19/9/2018',NULL),(80,1,703,1542792833,NULL,'\0','29779',NULL,'01/10/2018',NULL),(81,7,704,1542792833,NULL,'\0','27973',NULL,'12/9/2018',NULL),(82,4,705,1542792833,NULL,'\0','29775',NULL,'28/9/2018',NULL),(83,9,706,1542792833,NULL,'\0','27985',NULL,'17/9/2018',NULL),(84,2,707,1542792833,NULL,'\0','27992',NULL,'17/9/2018',NULL),(85,7,708,1542792833,NULL,'\0','27956',NULL,'11/9/2018',NULL),(86,7,709,1542792833,NULL,'\0','29645',NULL,'24/9/2018',NULL),(87,5,710,1542792833,NULL,'\0','29703',NULL,'25/9/2018',NULL),(88,9,711,1542792833,NULL,'\0','27977',NULL,'12/9/2018',NULL),(89,9,712,1542792833,NULL,'\0','27932',NULL,'19/9/2018',NULL),(90,2,713,1542792833,NULL,'\0','27910',NULL,'19/9/2018',NULL),(91,7,714,1542792833,NULL,'\0','27966',NULL,'11/9/2018',NULL),(92,8,715,1542792833,NULL,'\0','29606',NULL,'20/9/2018',NULL),(93,11,716,1542792833,NULL,'\0','29776',NULL,'28/9/2018',NULL),(94,10,717,1542792833,NULL,'\0','29819',NULL,'05/10/2018',NULL),(95,6,718,1542792833,NULL,'\0','29713',NULL,'25/9/2018',NULL),(96,8,719,1542792833,NULL,'\0','29607',NULL,'20/9/2018',NULL),(97,7,720,1542792833,NULL,'\0','27963',NULL,'11/9/2018',NULL),(98,4,721,1542792833,NULL,'\0','29643',NULL,'24/9/2018',NULL),(99,7,722,1542792833,NULL,'\0','27967',NULL,'11/9/2018',NULL),(100,4,723,1542792833,NULL,'\0','29641',NULL,'24/9/2018',NULL),(101,4,724,1542792833,NULL,'\0','27939',NULL,'20/9/2018',NULL),(102,11,725,1542792833,NULL,'\0','29707',NULL,'25/9/2018',NULL),(103,7,726,1542792833,NULL,'\0','27957',NULL,'11/9/2018',NULL),(104,11,727,1542792833,NULL,'\0','29628',NULL,'24/9/2018',NULL),(105,1,728,1542792833,NULL,'\0','29773',NULL,'26/9/2018',NULL),(106,11,729,1542792833,NULL,'\0','29731',NULL,'26/9/2018',NULL),(107,8,730,1542792833,NULL,'\0','29608',NULL,'20/9/2018',NULL),(108,11,731,1542792833,NULL,'\0','29710',NULL,'25/9/2018',NULL),(109,7,732,1542792833,NULL,'\0','27962',NULL,'11/9/2018',NULL),(110,1,733,1542792833,NULL,'\0','29745',NULL,'26/9/2018',NULL),(111,10,734,1542792833,NULL,'\0','29810',NULL,'05/10/2018',NULL),(112,7,735,1542792833,NULL,'\0','27961',NULL,'11/9/2018',NULL),(113,10,736,1542792833,NULL,'\0','29825',NULL,'05/10/2018',NULL),(114,3,737,1542792833,NULL,'\0','27940',NULL,'20/9/2018',NULL),(115,6,738,1542792833,NULL,'\0','29638',NULL,'24/9/2018',NULL),(116,7,739,1542792833,NULL,'\0','27965',NULL,'11/9/2018',NULL),(117,7,740,1542792833,NULL,'\0','27980',NULL,'12/9/2018',NULL),(118,10,741,1542792833,NULL,'\0','29802',NULL,'05/10/2018',NULL),(119,6,742,1542792833,NULL,'\0','29736',NULL,'26/9//2018',NULL),(120,6,743,1542792833,NULL,'\0','27938',NULL,'20/9/2018',NULL),(121,9,744,1542792833,NULL,'\0','27976',NULL,'12/9/2018',NULL),(122,1,745,1542792833,NULL,'\0','29770',NULL,'26/9/2018',NULL),(123,1,746,1542792833,NULL,'\0','29766',NULL,'26/9/2018',NULL),(124,4,747,1542792833,NULL,'\0','29642',NULL,'24/9/2018',NULL),(125,10,748,1542792833,NULL,'\0','29816',NULL,'05/10/2018',NULL),(126,11,749,1542792833,NULL,'\0','29646',NULL,'24/9/2018',NULL),(127,3,750,1542792833,NULL,'\0','27913',NULL,'19/9/2018',NULL),(128,2,751,1542792833,NULL,'\0','27906',NULL,'19/9/2018',NULL),(129,1,752,1542792833,NULL,'\0','29769',NULL,'26/9/2018',NULL),(130,11,753,1542792833,NULL,'\0','29709',NULL,'25/9/2018',NULL),(131,11,754,1542792833,NULL,'\0','29711',NULL,'25/9/2018',NULL),(132,8,755,1542792833,NULL,'\0','29609',NULL,'20/9/2018',NULL),(133,4,756,1542792833,NULL,'\0','29640',NULL,'24/9/2018',NULL),(134,2,757,1542792833,NULL,'\0','27912',NULL,'19/9/2018',NULL),(135,11,758,1542792833,NULL,'\0','29708',NULL,'25/9/2018',NULL),(136,11,759,1542792833,NULL,'\0','29627',NULL,'24/9/2018',NULL),(137,11,760,1542792833,NULL,'\0','29626',NULL,'24/9/2018',NULL),(138,9,761,1542792833,NULL,'\0','27982',NULL,'14/9/2018',NULL),(139,11,762,1542792833,NULL,'\0','27916',NULL,'19/9/2018',NULL),(140,11,763,1542792833,NULL,'\0','27915',NULL,'19/9/2018',NULL),(141,6,764,1542792833,NULL,'\0','29735',NULL,'26/9//2018',NULL),(142,8,765,1542792833,NULL,'\0','29610',NULL,'20/9/2018',NULL),(143,11,766,1542792833,NULL,'\0','27950',NULL,'10/9/2018',NULL),(144,11,767,1542792833,NULL,'\0','29706',NULL,'25/9/2018',NULL),(145,9,768,1542792833,NULL,'\0','27990',NULL,'17/9/2018',NULL),(146,11,769,1542792833,NULL,'\0','29705',NULL,'25/9/2018',NULL),(147,10,770,1542792833,NULL,'\0','29804',NULL,'05/10/2018',NULL),(148,11,771,1542792833,NULL,'\0','29715',NULL,'26/9/2018',NULL),(149,8,772,1542792833,NULL,'\0','29612',NULL,'20/9/2018',NULL),(150,9,773,1542792833,NULL,'\0','27978',NULL,'12/9/2018',NULL),(151,11,774,1542792833,NULL,'\0','28000',NULL,'20/9/2018',NULL),(152,11,775,1542792833,NULL,'\0','29716',NULL,'26/9/2018',NULL),(153,5,776,1542792833,NULL,'\0','27949',NULL,'24/9/2018',NULL),(154,8,777,1542792833,NULL,'\0','29613',NULL,'20/9/2018',NULL),(155,10,778,1542792833,NULL,'\0','29808',NULL,'05/10/2018',NULL),(156,11,779,1542792833,NULL,'\0','27948',NULL,'26/9/2018',NULL),(157,10,780,1542792833,NULL,'\0','29806',NULL,'05/10/2018',NULL),(158,3,781,1542792833,NULL,'\0','27922',NULL,'19/9/2018',NULL),(159,11,782,1542792833,NULL,'\0','29717',NULL,'26/9/2018',NULL),(160,3,783,1542792833,NULL,'\0','27937',NULL,'20/9/2018',NULL),(161,9,784,1542792833,NULL,'\0','27979',NULL,'12/9/2018',NULL),(162,9,785,1542792833,NULL,'\0','27983',NULL,'17/9/2018',NULL),(163,11,786,1542792833,NULL,'\0','29720',NULL,'26/9/2018',NULL),(164,1,787,1542792833,NULL,'\0','29765',NULL,'26/9/2018',NULL),(165,4,788,1542792833,NULL,'\0','29639',NULL,'24/9/2018',NULL),(166,8,789,1542792833,NULL,'\0','29614',NULL,'20/9/2018',NULL),(167,6,790,1542792833,NULL,'\0','29742',NULL,'26/9//2018',NULL),(168,6,791,1542792833,NULL,'\0','29741',NULL,'26/9//2018',NULL),(169,6,792,1542792833,NULL,'\0','29724',NULL,'26/9//2018',NULL),(170,3,793,1542792833,NULL,'\0','27923',NULL,'19/9/2018',NULL),(171,2,794,1542792833,NULL,'\0','27908',NULL,'19/9/2018',NULL),(172,2,795,1542792833,NULL,'\0','27911',NULL,'19/9/2018',NULL),(173,8,796,1542792833,NULL,'\0','29615',NULL,'20/9/2018',NULL),(174,2,797,1542792833,NULL,'\0','27996',NULL,'19/9/2018',NULL),(175,2,798,1542792833,NULL,'\0','27905',NULL,'19/9/2018',NULL),(176,6,799,1542792833,NULL,'\0','29718',NULL,'26/9/2018',NULL),(177,6,800,1542792833,NULL,'\0','29732',NULL,'26/9//2018',NULL),(178,10,801,1542792833,NULL,'\0','29807',NULL,'05/10/2018',NULL),(179,5,802,1542792833,NULL,'\0','29778',NULL,'28/9/2018',NULL),(180,4,803,1542792833,NULL,'\0','27947',NULL,'21/9/2019',NULL),(181,5,804,1542792834,NULL,'\0','29762',NULL,'26/9/2018',NULL),(182,10,805,1542792834,NULL,'\0','29822',NULL,'05/10/2018',NULL),(183,6,806,1542792834,NULL,'\0','29734',NULL,'26/9//2018',NULL),(184,5,807,1542792834,NULL,'\0','29760',NULL,'26/9/2018',NULL),(185,8,808,1542792834,NULL,'\0','29617',NULL,'20/9/2018',NULL),(186,1,809,1542792834,NULL,'\0','29768',NULL,'26/9/2018',NULL),(187,5,810,1542792834,NULL,'\0','29751',NULL,'26/9/2018',NULL),(188,10,811,1542792834,NULL,'\0','29801',NULL,'05/10/2018',NULL),(189,9,812,1542792834,NULL,'\0','27986',NULL,'17/9/2018',NULL),(190,3,813,1542792834,NULL,'\0','27926',NULL,'19/9/2018',NULL),(191,1,814,1542792834,NULL,'\0','29780',NULL,'01/10/2018',NULL),(192,1,815,1542792834,NULL,'\0','29767',NULL,'26/9/2018',NULL),(193,5,816,1542792834,NULL,'\0','29753',NULL,'26/9/2018',NULL),(194,8,817,1542792834,NULL,'\0','29618',NULL,'20/9/2018',NULL),(195,5,818,1542792834,NULL,'\0','29750',NULL,'26/9/2018',NULL),(196,10,819,1542792834,NULL,'\0','29814',NULL,'05/10/2018',NULL),(197,6,820,1542792834,NULL,'\0','29727',NULL,'26/9//2018',NULL),(198,10,821,1542792834,NULL,'\0','29812',NULL,'05/10/2018',NULL),(199,1,822,1542792834,NULL,'\0','29747',NULL,'26/9/2018',NULL),(200,5,823,1542792834,NULL,'\0','29702',NULL,'25/9/2018',NULL),(201,4,824,1542792834,NULL,'\0','29647',NULL,'25/9/2018',NULL),(202,5,825,1542792834,NULL,'\0','29758',NULL,'26/9/2018',NULL),(203,2,826,1542792834,NULL,'\0','27951',NULL,'11/9/2018',NULL),(204,4,827,1542792834,NULL,'\0','27943',NULL,'26/9/2018',NULL),(205,3,828,1542792834,NULL,'\0','27924',NULL,'19/9/2018',NULL),(206,4,829,1542792834,NULL,'\0','29712',NULL,'25/9/2018',NULL),(207,4,830,1542792834,NULL,'\0','27945',NULL,'21/9/2018',NULL),(208,1,831,1542792834,NULL,'\0','29746',NULL,'26/9/2018',NULL),(209,6,832,1542792834,NULL,'\0','29722',NULL,'26/9/2018',NULL),(210,8,833,1542792834,NULL,'\0','29616',NULL,'20/9/2018',NULL),(211,6,834,1542792834,NULL,'\0','29730',NULL,'26/9//2018',NULL),(212,8,835,1542792834,NULL,'\0','29619',NULL,'20/9/2018',NULL),(213,4,836,1542792834,NULL,'\0','27946',NULL,'21/9/2019',NULL),(214,10,837,1542792834,NULL,'\0','29813',NULL,'05/10/2018',NULL),(215,5,838,1542792834,NULL,'\0','29759',NULL,'26/9/2018',NULL),(216,6,839,1542792834,NULL,'\0','29771',NULL,'26/9/2018',NULL),(217,1,840,1542792834,NULL,'\0','29737',NULL,'26/9/2018',NULL),(218,5,841,1542792834,NULL,'\0','29648',NULL,'25/9/2018',NULL),(219,5,842,1542792834,NULL,'\0','29704',NULL,'25/9/2018',NULL),(220,9,843,1542792834,NULL,'\0','27990',NULL,'17/9/2018',NULL),(221,8,844,1542792834,NULL,'\0','29624',NULL,'24/9/2018',NULL),(222,5,845,1542792834,NULL,'\0','29757',NULL,'26/9/2018',NULL),(223,8,846,1542792834,NULL,'\0','29621',NULL,'20/9/2018',NULL),(224,3,847,1542792834,NULL,'\0','27919',NULL,'19/9/2018',NULL),(225,3,848,1542792834,NULL,'\0','29631',NULL,'24/9/2018',NULL),(226,4,849,1542792834,NULL,'\0','29744',NULL,'26/9/2018',NULL),(227,4,850,1542792834,NULL,'\0','29644',NULL,'24/9/2018',NULL),(228,6,851,1542792834,NULL,'\0','29721',NULL,'26/9/2018',NULL),(229,2,852,1542792834,NULL,'\0','27903',NULL,'19/9/2018',NULL),(230,10,853,1542792834,NULL,'\0','29815',NULL,'05/10/2018',NULL),(231,1,854,1542792834,NULL,'\0','29748',NULL,'26/9/2018',NULL),(232,2,855,1542792834,NULL,'\0','27902',NULL,'19/9/2018',NULL),(233,6,856,1542792834,NULL,'\0','29719',NULL,'26/9/2018',NULL),(234,5,857,1542792834,NULL,'\0','29738',NULL,'26/9/2018',NULL),(235,3,858,1542792834,NULL,'\0','27928',NULL,'19/9/2018',NULL),(236,3,859,1542792834,NULL,'\0','27927',NULL,'19/9/2018',NULL),(237,8,860,1542792834,NULL,'\0','29620',NULL,'20/9/2018',NULL),(238,8,861,1542792834,NULL,'\0','29622',NULL,'24/9/2018',NULL),(239,4,862,1542792834,NULL,'\0','29743',NULL,'26/9/2018',NULL),(240,2,863,1542792834,NULL,'\0','27909',NULL,'19/9/2018',NULL),(241,8,864,1542792834,NULL,'\0','29623',NULL,'24/9/2018',NULL),(242,8,865,1542792834,NULL,'\0','29625',NULL,'24/9/2018',NULL),(243,1,866,1542792834,NULL,'\0','29765',NULL,'26/9/2018',NULL),(244,10,867,1542792834,NULL,'\0','29805',NULL,'05/10/2018',NULL),(245,6,868,1542792834,NULL,'\0','29777',NULL,'28/9/2018',NULL),(246,2,869,1542792834,NULL,'\0','27907',NULL,'19/9/2018',NULL),(247,2,870,1542792834,NULL,'\0','27901',NULL,'19/9/2018',NULL),(248,5,871,1542792834,NULL,'\0','29755',NULL,'26/9/2018',NULL),(249,3,872,1542792834,NULL,'\0','27921',NULL,'19/9/2018',NULL),(250,4,873,1542792834,NULL,'\0','27944',NULL,'21/9/2018',NULL),(251,1,874,1542792834,NULL,'\0','29781',NULL,'01/10/2018',NULL),(252,1,875,1542792834,NULL,'\0','29749',NULL,'26/9/2018',NULL),(253,6,876,1542792834,NULL,'\0','29723',NULL,'26/9/2018',NULL);
/*!40000 ALTER TABLE `hocvien_lop` ENABLE KEYS */;
UNLOCK TABLES;

--
-- Table structure for table `keyxacminh`
--

DROP TABLE IF EXISTS `keyxacminh`;
/*!40101 SET @saved_cs_client     = @@character_set_client */;
/*!40101 SET character_set_client = utf8 */;
CREATE TABLE `keyxacminh` (
  `IDXM` bigint(20) NOT NULL AUTO_INCREMENT,
  `IDND` bigint(20) DEFAULT NULL,
  `KEY` varchar(256) DEFAULT NULL,
  `TIME` timestamp NOT NULL DEFAULT current_timestamp() ON UPDATE current_timestamp(),
  PRIMARY KEY (`IDXM`)
) ENGINE=InnoDB AUTO_INCREMENT=32 DEFAULT CHARSET=utf8;
/*!40101 SET character_set_client = @saved_cs_client */;

--
-- Dumping data for table `keyxacminh`
--

LOCK TABLES `keyxacminh` WRITE;
/*!40000 ALTER TABLE `keyxacminh` DISABLE KEYS */;
INSERT INTO `keyxacminh` VALUES (31,2,'b15cd35135120fa5af43a455901d4c18','2019-02-28 02:01:47');
/*!40000 ALTER TABLE `keyxacminh` ENABLE KEYS */;
UNLOCK TABLES;

--
-- Table structure for table `khoahoc`
--

DROP TABLE IF EXISTS `khoahoc`;
/*!40101 SET @saved_cs_client     = @@character_set_client */;
/*!40101 SET character_set_client = utf8 */;
CREATE TABLE `khoahoc` (
  `IDKH` bigint(20) NOT NULL AUTO_INCREMENT,
  `TENKHOA` varchar(50) DEFAULT NULL,
  `TGBATDAU` date DEFAULT NULL,
  `TGKETTHUC` date DEFAULT NULL,
  `LOAIKHOA` varchar(20) DEFAULT 'cơ bản',
  `HOANTHANH` bit(1) DEFAULT b'0',
  PRIMARY KEY (`IDKH`)
) ENGINE=InnoDB AUTO_INCREMENT=12 DEFAULT CHARSET=utf8;
/*!40101 SET character_set_client = @saved_cs_client */;

--
-- Dumping data for table `khoahoc`
--

LOCK TABLES `khoahoc` WRITE;
/*!40000 ALTER TABLE `khoahoc` DISABLE KEYS */;
INSERT INTO `khoahoc` VALUES (1,'6','2018-01-02','2018-02-10','cơ bản',''),(2,'7','2018-03-19','2018-05-27','cơ bản',''),(3,'8','2018-06-18','2018-09-02','cơ bản',''),(4,'9','2018-10-01','2018-12-16','cơ bản','\0'),(5,'1',NULL,NULL,'cơ bản',''),(6,'2',NULL,NULL,'cơ bản',''),(7,'3','2017-03-20','2017-05-28','cơ bản',''),(8,'4','2017-07-17','2017-09-19','cơ bản',''),(9,'5','2017-10-10','2017-12-17','cơ bản',''),(10,'Đợt chuyển điểm','2018-08-16','2018-08-16','cơ bản',''),(11,'10','2018-12-31','2019-03-31','cơ bản','\0');
/*!40000 ALTER TABLE `khoahoc` ENABLE KEYS */;
UNLOCK TABLES;

--
-- Table structure for table `khoahoc_lop`
--

DROP TABLE IF EXISTS `khoahoc_lop`;
/*!40101 SET @saved_cs_client     = @@character_set_client */;
/*!40101 SET character_set_client = utf8 */;
CREATE TABLE `khoahoc_lop` (
  `IDKHL` bigint(20) NOT NULL AUTO_INCREMENT,
  `IDKH` bigint(20) DEFAULT NULL,
  `IDL` bigint(20) DEFAULT NULL,
  `KETQUA` text DEFAULT NULL,
  PRIMARY KEY (`IDKHL`)
) ENGINE=InnoDB AUTO_INCREMENT=12 DEFAULT CHARSET=utf8;
/*!40101 SET character_set_client = @saved_cs_client */;

--
-- Dumping data for table `khoahoc_lop`
--

LOCK TABLES `khoahoc_lop` WRITE;
/*!40000 ALTER TABLE `khoahoc_lop` DISABLE KEYS */;
INSERT INTO `khoahoc_lop` VALUES (1,4,1,NULL),(2,4,2,NULL),(3,4,3,NULL),(4,4,4,NULL),(5,4,5,NULL),(6,4,6,NULL),(7,4,7,NULL),(8,4,8,NULL),(9,4,9,NULL),(10,4,10,NULL),(11,4,11,NULL);
/*!40000 ALTER TABLE `khoahoc_lop` ENABLE KEYS */;
UNLOCK TABLES;

--
-- Table structure for table `loaikhoa`
--

DROP TABLE IF EXISTS `loaikhoa`;
/*!40101 SET @saved_cs_client     = @@character_set_client */;
/*!40101 SET character_set_client = utf8 */;
CREATE TABLE `loaikhoa` (
  `IDLK` bigint(20) NOT NULL AUTO_INCREMENT,
  `TENLK` varchar(20) DEFAULT NULL,
  PRIMARY KEY (`IDLK`)
) ENGINE=InnoDB AUTO_INCREMENT=4 DEFAULT CHARSET=utf8;
/*!40101 SET character_set_client = @saved_cs_client */;

--
-- Dumping data for table `loaikhoa`
--

LOCK TABLES `loaikhoa` WRITE;
/*!40000 ALTER TABLE `loaikhoa` DISABLE KEYS */;
INSERT INTO `loaikhoa` VALUES (1,'cơ bản'),(2,'nâng cao'),(3,'chuyển điểm');
/*!40000 ALTER TABLE `loaikhoa` ENABLE KEYS */;
UNLOCK TABLES;

--
-- Table structure for table `lop`
--

DROP TABLE IF EXISTS `lop`;
/*!40101 SET @saved_cs_client     = @@character_set_client */;
/*!40101 SET character_set_client = utf8 */;
CREATE TABLE `lop` (
  `IDL` bigint(20) NOT NULL AUTO_INCREMENT,
  `MALOP` varchar(50) DEFAULT NULL,
  `TENLOP` varchar(200) NOT NULL DEFAULT '0',
  `DIENGIAI` text DEFAULT NULL,
  `CBGD` text DEFAULT NULL,
  `PHONG` text DEFAULT NULL,
  `GHICHU` text DEFAULT NULL,
  `KHOA` bit(1) DEFAULT b'0',
  PRIMARY KEY (`IDL`),
  UNIQUE KEY `TENLOP` (`TENLOP`)
) ENGINE=InnoDB AUTO_INCREMENT=12 DEFAULT CHARSET=utf8;
/*!40101 SET character_set_client = @saved_cs_client */;

--
-- Dumping data for table `lop`
--

LOCK TABLES `lop` WRITE;
/*!40000 ALTER TABLE `lop` DISABLE KEYS */;
INSERT INTO `lop` VALUES (1,'CB10K009','CB10K009',NULL,NULL,NULL,NULL,'\0'),(2,'CB03K009','CB03K009',NULL,NULL,NULL,NULL,'\0'),(3,'CB04K009','CB04K009',NULL,NULL,NULL,NULL,'\0'),(4,'CB05K009','CB05K009',NULL,NULL,NULL,NULL,'\0'),(5,'CB02K009','CB02K009',NULL,NULL,NULL,NULL,'\0'),(6,'CB09K009','CB09K009',NULL,NULL,NULL,NULL,'\0'),(7,'CB07K009','CB07K009',NULL,NULL,NULL,NULL,'\0'),(8,'CB06K009','CB06K009',NULL,NULL,NULL,NULL,'\0'),(9,'CB08K009','CB08K009',NULL,NULL,NULL,NULL,'\0'),(10,'CB11K009','CB11K009',NULL,NULL,NULL,NULL,'\0'),(11,'CB01K009','CB01K009',NULL,NULL,NULL,NULL,'\0');
/*!40000 ALTER TABLE `lop` ENABLE KEYS */;
UNLOCK TABLES;

--
-- Table structure for table `phanconggiangday`
--

DROP TABLE IF EXISTS `phanconggiangday`;
/*!40101 SET @saved_cs_client     = @@character_set_client */;
/*!40101 SET character_set_client = utf8 */;
CREATE TABLE `phanconggiangday` (
  `IDPC` bigint(20) NOT NULL AUTO_INCREMENT,
  `SOTIET` int(11) DEFAULT NULL,
  `MALOP` varchar(50) DEFAULT NULL,
  `TENCB` varchar(100) DEFAULT NULL,
  `TUNGAY` varchar(20) DEFAULT NULL,
  `DENNGAY` varchar(20) DEFAULT NULL,
  `BUOIDAY` text DEFAULT NULL,
  `DIADIEM` text DEFAULT NULL,
  PRIMARY KEY (`IDPC`)
) ENGINE=InnoDB AUTO_INCREMENT=13 DEFAULT CHARSET=utf8;
/*!40101 SET character_set_client = @saved_cs_client */;

--
-- Dumping data for table `phanconggiangday`
--

LOCK TABLES `phanconggiangday` WRITE;
/*!40000 ALTER TABLE `phanconggiangday` DISABLE KEYS */;
INSERT INTO `phanconggiangday` VALUES (3,NULL,'CB03K009','','','','',''),(4,NULL,'CB04K009','','','','',''),(5,NULL,'CB05K009','','','','',''),(6,NULL,'CB06K009','','','','',''),(7,NULL,'CB07K009','','','','',''),(8,NULL,'CB08K009','','','','',''),(9,NULL,'CB09K009','','','','',''),(10,NULL,'CB10K009','','','','',''),(11,NULL,'CB11K009','','','','','');
/*!40000 ALTER TABLE `phanconggiangday` ENABLE KEYS */;
UNLOCK TABLES;

--
-- Table structure for table `phieutonghop`
--

DROP TABLE IF EXISTS `phieutonghop`;
/*!40101 SET @saved_cs_client     = @@character_set_client */;
/*!40101 SET character_set_client = utf8 */;
CREATE TABLE `phieutonghop` (
  `IDPTH` bigint(20) NOT NULL AUTO_INCREMENT,
  PRIMARY KEY (`IDPTH`)
) ENGINE=InnoDB DEFAULT CHARSET=utf8;
/*!40101 SET character_set_client = @saved_cs_client */;

--
-- Dumping data for table `phieutonghop`
--

LOCK TABLES `phieutonghop` WRITE;
/*!40000 ALTER TABLE `phieutonghop` DISABLE KEYS */;
/*!40000 ALTER TABLE `phieutonghop` ENABLE KEYS */;
UNLOCK TABLES;

--
-- Table structure for table `taikhoan`
--

DROP TABLE IF EXISTS `taikhoan`;
/*!40101 SET @saved_cs_client     = @@character_set_client */;
/*!40101 SET character_set_client = utf8 */;
CREATE TABLE `taikhoan` (
  `IDTK` bigint(20) NOT NULL AUTO_INCREMENT,
  `HT` varchar(80) DEFAULT NULL,
  `TDN` varchar(50) NOT NULL,
  `MK` varchar(50) NOT NULL,
  `MAIL` varchar(100) DEFAULT NULL,
  `Q` varchar(20) DEFAULT NULL,
  PRIMARY KEY (`IDTK`),
  UNIQUE KEY `TDN` (`TDN`)
) ENGINE=InnoDB AUTO_INCREMENT=4 DEFAULT CHARSET=utf8 COMMENT='Bảng tài khoản người dùng';
/*!40101 SET character_set_client = @saved_cs_client */;

--
-- Dumping data for table `taikhoan`
--

LOCK TABLES `taikhoan` WRITE;
/*!40000 ALTER TABLE `taikhoan` DISABLE KEYS */;
INSERT INTO `taikhoan` VALUES (1,'Ngô Thanh Lý','admin','9f6e458e957b173587091e482539110e','lythanhngodev@gmail.com','admin'),(2,'Nguyễn Thị Hồng Yến','yennh@vlute.edu.vn','9f6e458e957b173587091e482539110e','yennh@vlute.edu.vn','admin');
/*!40000 ALTER TABLE `taikhoan` ENABLE KEYS */;
UNLOCK TABLES;

--
-- Table structure for table `thongbao`
--

DROP TABLE IF EXISTS `thongbao`;
/*!40101 SET @saved_cs_client     = @@character_set_client */;
/*!40101 SET character_set_client = utf8 */;
CREATE TABLE `thongbao` (
  `IDBV` bigint(20) NOT NULL AUTO_INCREMENT,
  `TENTB` varchar(300) DEFAULT NULL,
  `LINK` varchar(1000) DEFAULT NULL,
  `MOTA` text DEFAULT NULL,
  `NOIDUNG` longtext DEFAULT NULL,
  `LUOTXEM` bigint(20) DEFAULT 0,
  `NGAYDANG` varchar(20) DEFAULT NULL,
  `HIENTHI` bit(1) DEFAULT b'0',
  `NGUOIDANG` varchar(100) DEFAULT NULL,
  PRIMARY KEY (`IDBV`)
) ENGINE=InnoDB AUTO_INCREMENT=6 DEFAULT CHARSET=utf8;
/*!40101 SET character_set_client = @saved_cs_client */;

--
-- Dumping data for table `thongbao`
--

LOCK TABLES `thongbao` WRITE;
/*!40000 ALTER TABLE `thongbao` DISABLE KEYS */;
INSERT INTO `thongbao` VALUES (2,' Thêm thông báo Thêm thông báo dành cho mọi người','them-thong-bao-them-thong-bao-danh-cho-moi-nguoi','Thêm thông báoThêm thông báo dành cho mọi ngườiThêm thông báoThêm thông báo dành cho mọi người','',0,'2018/12/06','\0','Ngô Thanh Lý');
/*!40000 ALTER TABLE `thongbao` ENABLE KEYS */;
UNLOCK TABLES;

--
-- Table structure for table `thongbao_hinhanh`
--

DROP TABLE IF EXISTS `thongbao_hinhanh`;
/*!40101 SET @saved_cs_client     = @@character_set_client */;
/*!40101 SET character_set_client = utf8 */;
CREATE TABLE `thongbao_hinhanh` (
  `IDTBBV` bigint(20) NOT NULL AUTO_INCREMENT,
  `IDBV` bigint(20) DEFAULT NULL,
  `HINHANH` text DEFAULT NULL,
  PRIMARY KEY (`IDTBBV`)
) ENGINE=InnoDB AUTO_INCREMENT=9 DEFAULT CHARSET=utf8;
/*!40101 SET character_set_client = @saved_cs_client */;

--
-- Dumping data for table `thongbao_hinhanh`
--

LOCK TABLES `thongbao_hinhanh` WRITE;
/*!40000 ALTER TABLE `thongbao_hinhanh` DISABLE KEYS */;
INSERT INTO `thongbao_hinhanh` VALUES (1,1,'images/30848781_1022022357936205_7939567804145987231_o.jpg'),(5,2,'images/30848781_1022022357936205_7939567804145987231_o.jpg'),(6,3,'s/30848781_1022022357936205_7939567804145987231_o.jpg'),(7,4,'s/30848781_1022022357936205_7939567804145987231_o.jpg'),(8,5,'s/30848781_1022022357936205_7939567804145987231_o.jpg');
/*!40000 ALTER TABLE `thongbao_hinhanh` ENABLE KEYS */;
UNLOCK TABLES;

--
-- Temporary table structure for view `vwchungchi`
--

DROP TABLE IF EXISTS `vwchungchi`;
/*!50001 DROP VIEW IF EXISTS `vwchungchi`*/;
SET @saved_cs_client     = @@character_set_client;
SET character_set_client = utf8;
/*!50001 CREATE TABLE `vwchungchi` (
  `TENDS` tinyint NOT NULL,
  `IDDKTHV` tinyint NOT NULL,
  `IDHV` tinyint NOT NULL,
  `MSSV` tinyint NOT NULL,
  `GIOITINH` tinyint NOT NULL,
  `NOISINH` tinyint NOT NULL,
  `HOTEN` tinyint NOT NULL,
  `CMND` tinyint NOT NULL,
  `NGAYSINH` tinyint NOT NULL,
  `SBD` tinyint NOT NULL,
  `DIEMLT` tinyint NOT NULL,
  `DIEMTH` tinyint NOT NULL,
  `SOGHISO` tinyint NOT NULL,
  `SOHIEU` tinyint NOT NULL,
  `NGAYVAOSO` tinyint NOT NULL,
  `GHICHUCC` tinyint NOT NULL,
  `TUNGAY` tinyint NOT NULL,
  `DENNGAY` tinyint NOT NULL,
  `THILT` tinyint NOT NULL,
  `THITH` tinyint NOT NULL,
  `DIEMLTPK` tinyint NOT NULL,
  `DIEMTHPK` tinyint NOT NULL
) ENGINE=MyISAM */;
SET character_set_client = @saved_cs_client;

--
-- Temporary table structure for view `vwdiemthi`
--

DROP TABLE IF EXISTS `vwdiemthi`;
/*!50001 DROP VIEW IF EXISTS `vwdiemthi`*/;
SET @saved_cs_client     = @@character_set_client;
SET character_set_client = utf8;
/*!50001 CREATE TABLE `vwdiemthi` (
  `IDDS` tinyint NOT NULL,
  `TENDS` tinyint NOT NULL,
  `IDHV` tinyint NOT NULL,
  `MSSV` tinyint NOT NULL,
  `GIOITINH` tinyint NOT NULL,
  `NOISINH` tinyint NOT NULL,
  `HOTEN` tinyint NOT NULL,
  `CMND` tinyint NOT NULL,
  `NGAYSINH` tinyint NOT NULL,
  `SBD` tinyint NOT NULL,
  `GHICHUD` tinyint NOT NULL,
  `DIEMLT` tinyint NOT NULL,
  `DIEMTH` tinyint NOT NULL,
  `TONGDIEM` tinyint NOT NULL,
  `TUNGAY` tinyint NOT NULL,
  `DENNGAY` tinyint NOT NULL,
  `THILT` tinyint NOT NULL,
  `THITH` tinyint NOT NULL,
  `DIEMLTPK` tinyint NOT NULL,
  `DIEMTHPK` tinyint NOT NULL
) ENGINE=MyISAM */;
SET character_set_client = @saved_cs_client;

--
-- Final view structure for view `vwchungchi`
--

/*!50001 DROP TABLE IF EXISTS `vwchungchi`*/;
/*!50001 DROP VIEW IF EXISTS `vwchungchi`*/;
/*!50001 SET @saved_cs_client          = @@character_set_client */;
/*!50001 SET @saved_cs_results         = @@character_set_results */;
/*!50001 SET @saved_col_connection     = @@collation_connection */;
/*!50001 SET character_set_client      = utf8mb4 */;
/*!50001 SET character_set_results     = utf8mb4 */;
/*!50001 SET collation_connection      = utf8mb4_general_ci */;
/*!50001 CREATE ALGORITHM=UNDEFINED */
/*!50013 DEFINER=`root`@`localhost` SQL SECURITY DEFINER */
/*!50001 VIEW `vwchungchi` AS select distinct `dk`.`TENDS` AS `TENDS`,`dh`.`IDDKTHV` AS `IDDKTHV`,`hv`.`IDHV` AS `IDHV`,`hv`.`MSSV` AS `MSSV`,`hv`.`GIOITINH` AS `GIOITINH`,`hv`.`NOISINH` AS `NOISINH`,concat(`hv`.`HO`,' ',`hv`.`TEN`) AS `HOTEN`,`hv`.`CMND` AS `CMND`,`hv`.`NGAYSINH` AS `NGAYSINH`,`dh`.`SBD` AS `SBD`,`dh`.`DIEMLT` AS `DIEMLT`,`dh`.`DIEMTH` AS `DIEMTH`,`dh`.`SOGHISO` AS `SOGHISO`,`dh`.`SOHIEU` AS `SOHIEU`,`dh`.`NGAYVAOSO` AS `NGAYVAOSO`,`dh`.`GHICHUCC` AS `GHICHUCC`,`dk`.`TUNGAY` AS `TUNGAY`,`dk`.`DENNGAY` AS `DENNGAY`,`pk`.`THILT` AS `THILT`,`pk`.`THITH` AS `THITH`,`pk`.`DIEMLTPK` AS `DIEMLTPK`,`pk`.`DIEMTHPK` AS `DIEMTHPK` from ((((`danhsachdangkyduthi_hocvien` `dh` left join `danhsachdangkyduthi` `dk` on(`dh`.`IDDS` = `dk`.`IDDS`)) left join `hocvien` `hv` on(`dh`.`IDHV` = `hv`.`IDHV`)) left join `danhsachphongthi` `pt` on(`dh`.`IDPT` = `pt`.`IDPT`)) left join `danhsachphuckhao_hocvien` `pk` on(`dh`.`IDDKTHV` = `pk`.`IDDKTHV`)) where `dh`.`SOHIEU` <> '' and `dh`.`SOGHISO` <> '' */;
/*!50001 SET character_set_client      = @saved_cs_client */;
/*!50001 SET character_set_results     = @saved_cs_results */;
/*!50001 SET collation_connection      = @saved_col_connection */;

--
-- Final view structure for view `vwdiemthi`
--

/*!50001 DROP TABLE IF EXISTS `vwdiemthi`*/;
/*!50001 DROP VIEW IF EXISTS `vwdiemthi`*/;
/*!50001 SET @saved_cs_client          = @@character_set_client */;
/*!50001 SET @saved_cs_results         = @@character_set_results */;
/*!50001 SET @saved_col_connection     = @@collation_connection */;
/*!50001 SET character_set_client      = utf8mb4 */;
/*!50001 SET character_set_results     = utf8mb4 */;
/*!50001 SET collation_connection      = utf8mb4_general_ci */;
/*!50001 CREATE ALGORITHM=UNDEFINED */
/*!50013 DEFINER=`root`@`localhost` SQL SECURITY DEFINER */
/*!50001 VIEW `vwdiemthi` AS select distinct `dk`.`IDDS` AS `IDDS`,`dk`.`TENDS` AS `TENDS`,`hv`.`IDHV` AS `IDHV`,`hv`.`MSSV` AS `MSSV`,`hv`.`GIOITINH` AS `GIOITINH`,`hv`.`NOISINH` AS `NOISINH`,concat(`hv`.`HO`,' ',`hv`.`TEN`) AS `HOTEN`,`hv`.`CMND` AS `CMND`,`hv`.`NGAYSINH` AS `NGAYSINH`,`dh`.`SBD` AS `SBD`,`dh`.`GHICHUD` AS `GHICHUD`,`dh`.`DIEMLT` AS `DIEMLT`,`dh`.`DIEMTH` AS `DIEMTH`,`dh`.`DIEMLT` + `dh`.`DIEMTH` AS `TONGDIEM`,`dk`.`TUNGAY` AS `TUNGAY`,`dk`.`DENNGAY` AS `DENNGAY`,`pk`.`THILT` AS `THILT`,`pk`.`THITH` AS `THITH`,`pk`.`DIEMLTPK` AS `DIEMLTPK`,`pk`.`DIEMTHPK` AS `DIEMTHPK` from ((((`danhsachdangkyduthi_hocvien` `dh` left join `danhsachdangkyduthi` `dk` on(`dh`.`IDDS` = `dk`.`IDDS`)) left join `hocvien` `hv` on(`dh`.`IDHV` = `hv`.`IDHV`)) left join `danhsachphongthi` `pt` on(`dh`.`IDPT` = `pt`.`IDPT`)) left join `danhsachphuckhao_hocvien` `pk` on(`dh`.`IDDKTHV` = `pk`.`IDDKTHV`)) */;
/*!50001 SET character_set_client      = @saved_cs_client */;
/*!50001 SET character_set_results     = @saved_cs_results */;
/*!50001 SET collation_connection      = @saved_col_connection */;
/*!40103 SET TIME_ZONE=@OLD_TIME_ZONE */;

/*!40101 SET SQL_MODE=@OLD_SQL_MODE */;
/*!40014 SET FOREIGN_KEY_CHECKS=@OLD_FOREIGN_KEY_CHECKS */;
/*!40014 SET UNIQUE_CHECKS=@OLD_UNIQUE_CHECKS */;
/*!40101 SET CHARACTER_SET_CLIENT=@OLD_CHARACTER_SET_CLIENT */;
/*!40101 SET CHARACTER_SET_RESULTS=@OLD_CHARACTER_SET_RESULTS */;
/*!40101 SET COLLATION_CONNECTION=@OLD_COLLATION_CONNECTION */;
/*!40111 SET SQL_NOTES=@OLD_SQL_NOTES */;

-- Dump completed on 2019-02-28  9:02:37
